date,lga_name,average_historical_occupancy,average_daily_rate
2023-01-01,Gold Coast,0.7636,391.8278
2023-01-01,Whitsunday,0.8575,378.0744
2023-01-01,Cairns,0.776,283.8151
2023-01-01,Noosa,0.8501,431.3611
2023-01-02,Whitsunday,0.8195,377.7442
2023-01-02,Noosa,0.8242,426.1181
2023-01-02,Cairns,0.7189,276.0222
2023-01-02,Gold Coast,0.7355,387.2607
2023-01-03,Cairns,0.6871,272.2751
2023-01-03,Gold Coast,0.7538,386.5607
2023-01-03,Noosa,0.821,425.0433
2023-01-03,Whitsunday,0.7812,376.3594
2023-01-04,Gold Coast,0.7608,380.3056
2023-01-04,Whitsunday,0.7735,377.0013
2023-01-04,Noosa,0.8048,421.5872
2023-01-04,Cairns,0.6647,267.2004
2023-01-05,Cairns,0.6568,266.6966
2023-01-05,Whitsunday,0.7986,385.6598
2023-01-05,Gold Coast,0.7573,381.5207
2023-01-05,Noosa,0.8002,422.3139
2023-01-06,Noosa,0.765,405.0788
2023-01-06,Gold Coast,0.7498,376.1983
2023-01-06,Whitsunday,0.7938,373.0587
2023-01-06,Cairns,0.6549,260.9983
2023-01-07,Noosa,0.7467,399.8842
2023-01-07,Cairns,0.6348,258.1485
2023-01-07,Gold Coast,0.7277,374.7809
2023-01-07,Whitsunday,0.7799,364.5553
2023-01-08,Noosa,0.7181,397.4451
2023-01-08,Cairns,0.6106,253.2946
2023-01-08,Whitsunday,0.7452,370.3526
2023-01-08,Gold Coast,0.6865,361.7114
2023-01-09,Gold Coast,0.6918,357.9031
2023-01-09,Cairns,0.5972,253.2524
2023-01-09,Noosa,0.7187,393.1512
2023-01-09,Whitsunday,0.739,364.0056
2023-01-10,Noosa,0.7174,396.8259
2023-01-10,Whitsunday,0.7258,368.2444
2023-01-10,Gold Coast,0.7102,357.4896
2023-01-10,Cairns,0.5847,250.5041
2023-01-11,Noosa,0.7198,392.9046
2023-01-11,Cairns,0.5823,249.6869
2023-01-11,Whitsunday,0.721,366.8329
2023-01-11,Gold Coast,0.7269,356.2818
2023-01-12,Noosa,0.6993,387.2321
2023-01-12,Gold Coast,0.7338,353.8467
2023-01-12,Cairns,0.5829,246.3707
2023-01-12,Whitsunday,0.6985,365.5661
2023-01-13,Gold Coast,0.7427,359.9103
2023-01-13,Noosa,0.7099,383.2939
2023-01-13,Whitsunday,0.7199,360.6415
2023-01-13,Cairns,0.5685,246.4229
2023-01-14,Noosa,0.6995,384.5959
2023-01-14,Whitsunday,0.7139,363.9764
2023-01-14,Cairns,0.5602,244.7839
2023-01-14,Gold Coast,0.7345,358.1403
2023-01-15,Noosa,0.6362,386.165
2023-01-15,Cairns,0.5497,238.7771
2023-01-15,Whitsunday,0.6513,363.9265
2023-01-15,Gold Coast,0.6567,349.232
2023-01-16,Noosa,0.6289,380.8513
2023-01-16,Cairns,0.5391,239.2601
2023-01-16,Gold Coast,0.6616,346.4049
2023-01-16,Whitsunday,0.6397,367.1971
2023-01-17,Cairns,0.5305,239.34
2023-01-17,Whitsunday,0.6256,358.0639
2023-01-17,Gold Coast,0.6661,343.0668
2023-01-17,Noosa,0.6293,377.7614
2023-01-18,Gold Coast,0.6753,346.4894
2023-01-18,Cairns,0.5371,237.669
2023-01-18,Whitsunday,0.6158,372.7315
2023-01-18,Noosa,0.6253,379.1298
2023-01-19,Gold Coast,0.6809,345.4083
2023-01-19,Whitsunday,0.6089,375.0769
2023-01-19,Cairns,0.5156,238.3914
2023-01-19,Noosa,0.6355,379.6353
2023-01-20,Whitsunday,0.6485,362.6475
2023-01-20,Cairns,0.5365,236.0929
2023-01-20,Gold Coast,0.69,354.7091
2023-01-20,Noosa,0.6311,373.1004
2023-01-21,Gold Coast,0.6872,353.5422
2023-01-21,Whitsunday,0.6306,363.099
2023-01-21,Noosa,0.6363,371.3553
2023-01-21,Cairns,0.5332,237.6139
2023-01-22,Whitsunday,0.5872,368.2111
2023-01-22,Cairns,0.5246,231.0846
2023-01-22,Noosa,0.5638,366.4297
2023-01-22,Gold Coast,0.6345,341.0137
2023-01-23,Cairns,0.5233,222.3842
2023-01-23,Gold Coast,0.625,335.2294
2023-01-23,Noosa,0.5362,365.8222
2023-01-23,Whitsunday,0.5678,361.5284
2023-01-24,Cairns,0.5129,220.784
2023-01-24,Gold Coast,0.6083,332.1403
2023-01-24,Whitsunday,0.5782,354.4482
2023-01-24,Noosa,0.5261,358.4518
2023-01-25,Whitsunday,0.5835,349.9989
2023-01-25,Noosa,0.5798,355.3859
2023-01-25,Cairns,0.5235,221.648
2023-01-25,Gold Coast,0.6204,328.0949
2023-01-26,Whitsunday,0.6233,347.2038
2023-01-26,Noosa,0.6617,355.1527
2023-01-26,Cairns,0.5401,221.2421
2023-01-26,Gold Coast,0.6664,328.7861
2023-01-27,Cairns,0.5343,217.2098
2023-01-27,Gold Coast,0.6784,333.461
2023-01-27,Whitsunday,0.6295,333.0775
2023-01-27,Noosa,0.6835,349.7366
2023-01-28,Noosa,0.6452,350.3235
2023-01-28,Gold Coast,0.644,328.3863
2023-01-28,Whitsunday,0.6063,324.9824
2023-01-28,Cairns,0.5154,217.4798
2023-01-29,Noosa,0.4887,336.473
2023-01-29,Cairns,0.4794,209.7073
2023-01-29,Whitsunday,0.5198,325.6592
2023-01-29,Gold Coast,0.5426,298.813
2023-01-30,Gold Coast,0.5195,290.3526
2023-01-30,Whitsunday,0.4829,327.0851
2023-01-30,Cairns,0.4804,209.4449
2023-01-30,Noosa,0.4854,335.8047
2023-01-31,Gold Coast,0.4929,284.7954
2023-01-31,Whitsunday,0.4744,331.5614
2023-01-31,Noosa,0.4459,332.434
2023-01-31,Cairns,0.4472,206.3025
2023-02-01,Whitsunday,0.4931,316.0719
2023-02-01,Noosa,0.463,324.0884
2023-02-01,Cairns,0.4477,198.1144
2023-02-01,Gold Coast,0.5032,272.9081
2023-02-02,Noosa,0.5197,329.0126
2023-02-02,Cairns,0.4547,202.2398
2023-02-02,Whitsunday,0.5113,329.2529
2023-02-02,Gold Coast,0.5406,277.845
2023-02-03,Cairns,0.4648,209.421
2023-02-03,Whitsunday,0.5689,339.0171
2023-02-03,Noosa,0.569,345.9629
2023-02-03,Gold Coast,0.5862,311.3567
2023-02-04,Noosa,0.6005,344.8831
2023-02-04,Gold Coast,0.6185,314.4698
2023-02-04,Whitsunday,0.5735,344.0135
2023-02-04,Cairns,0.4762,211.3566
2023-02-05,Noosa,0.5437,332.3867
2023-02-05,Whitsunday,0.508,337.5329
2023-02-05,Gold Coast,0.56,283.2981
2023-02-05,Cairns,0.4893,209.2417
2023-02-06,Whitsunday,0.4873,340.388
2023-02-06,Noosa,0.5254,333.1642
2023-02-06,Cairns,0.4665,206.7086
2023-02-06,Gold Coast,0.5356,280.708
2023-02-07,Whitsunday,0.4823,338.1967
2023-02-07,Noosa,0.5185,327.6916
2023-02-07,Cairns,0.4821,206.8664
2023-02-07,Gold Coast,0.5377,276.2275
2023-02-08,Gold Coast,0.5444,275.0034
2023-02-08,Whitsunday,0.4857,342.2119
2023-02-08,Cairns,0.4873,207.5965
2023-02-08,Noosa,0.5301,326.8538
2023-02-09,Whitsunday,0.5332,348.7739
2023-02-09,Gold Coast,0.57,276.4569
2023-02-09,Noosa,0.5523,331.5712
2023-02-09,Cairns,0.4932,208.5683
2023-02-10,Noosa,0.6173,342.0471
2023-02-10,Whitsunday,0.5892,344.7023
2023-02-10,Gold Coast,0.638,312.1371
2023-02-10,Cairns,0.4923,213.9405
2023-02-11,Noosa,0.6506,341.2357
2023-02-11,Whitsunday,0.5961,341.7684
2023-02-11,Cairns,0.5072,212.046
2023-02-11,Gold Coast,0.6688,313.8236
2023-02-12,Whitsunday,0.5498,340.2748
2023-02-12,Cairns,0.5116,210.7068
2023-02-12,Noosa,0.5674,334.4434
2023-02-12,Gold Coast,0.5962,283.3877
2023-02-13,Cairns,0.5024,207.017
2023-02-13,Gold Coast,0.5679,274.7448
2023-02-13,Whitsunday,0.536,336.1336
2023-02-13,Noosa,0.5362,329.5763
2023-02-14,Noosa,0.5333,324.8113
2023-02-14,Whitsunday,0.5302,328.5467
2023-02-14,Cairns,0.5017,206.6187
2023-02-14,Gold Coast,0.574,271.2948
2023-02-15,Whitsunday,0.5323,334.3264
2023-02-15,Cairns,0.4918,208.8715
2023-02-15,Gold Coast,0.5649,274.0116
2023-02-15,Noosa,0.5345,327.0362
2023-02-16,Noosa,0.5721,329.6109
2023-02-16,Gold Coast,0.6109,278.602
2023-02-16,Cairns,0.5027,211.5148
2023-02-16,Whitsunday,0.5824,340.386
2023-02-17,Whitsunday,0.6237,339.4883
2023-02-17,Noosa,0.634,343.005
2023-02-17,Gold Coast,0.67,311.5968
2023-02-17,Cairns,0.511,213.2624
2023-02-18,Noosa,0.6705,339.0934
2023-02-18,Cairns,0.5301,215.1619
2023-02-18,Whitsunday,0.638,339.5734
2023-02-18,Gold Coast,0.7112,315.3925
2023-02-19,Whitsunday,0.5424,338.2257
2023-02-19,Cairns,0.528,213.1799
2023-02-19,Noosa,0.5791,330.8116
2023-02-19,Gold Coast,0.613,279.1495
2023-02-20,Cairns,0.498,210.9428
2023-02-20,Gold Coast,0.5897,276.7647
2023-02-20,Whitsunday,0.5096,336.6586
2023-02-20,Noosa,0.5462,328.3199
2023-02-21,Noosa,0.5449,326.5671
2023-02-21,Gold Coast,0.5872,275.9518
2023-02-21,Whitsunday,0.5205,334.5066
2023-02-21,Cairns,0.5017,211.4157
2023-02-22,Cairns,0.4917,208.3365
2023-02-22,Noosa,0.5312,327.1185
2023-02-22,Gold Coast,0.5852,276.6731
2023-02-22,Whitsunday,0.529,334.7671
2023-02-23,Cairns,0.5334,217.5001
2023-02-23,Whitsunday,0.5784,340.4028
2023-02-23,Gold Coast,0.6267,283.3434
2023-02-23,Noosa,0.6222,335.3218
2023-02-24,Whitsunday,0.6207,348.0892
2023-02-24,Noosa,0.6275,351.1025
2023-02-24,Cairns,0.5121,221.36
2023-02-24,Gold Coast,0.6629,319.1458
2023-02-25,Cairns,0.5532,224.9966
2023-02-25,Whitsunday,0.627,349.1897
2023-02-25,Noosa,0.7102,352.9846
2023-02-25,Gold Coast,0.7116,324.1092
2023-02-26,Noosa,0.5584,334.6732
2023-02-26,Gold Coast,0.5987,283.6305
2023-02-26,Whitsunday,0.5319,342.8755
2023-02-26,Cairns,0.5053,218.9067
2023-02-27,Cairns,0.4912,211.7345
2023-02-27,Noosa,0.5041,334.9224
2023-02-27,Whitsunday,0.5116,349.3483
2023-02-27,Gold Coast,0.6139,279.332
2023-02-28,Noosa,0.5045,332.1227
2023-02-28,Cairns,0.4946,213.001
2023-02-28,Whitsunday,0.5038,341.4415
2023-02-28,Gold Coast,0.6547,285.2743
2023-03-01,Cairns,0.4862,212.6306
2023-03-01,Gold Coast,0.5722,282.8221
2023-03-01,Noosa,0.4933,326.1064
2023-03-01,Whitsunday,0.4933,351.2558
2023-03-02,Whitsunday,0.5429,349.2802
2023-03-02,Gold Coast,0.5644,284.2151
2023-03-02,Noosa,0.528,331.0152
2023-03-02,Cairns,0.5043,218.5524
2023-03-03,Gold Coast,0.6235,315.052
2023-03-03,Whitsunday,0.5763,343.5207
2023-03-03,Noosa,0.6063,343.2149
2023-03-03,Cairns,0.5215,222.8482
2023-03-04,Gold Coast,0.6525,317.1811
2023-03-04,Whitsunday,0.6082,354.9299
2023-03-04,Noosa,0.6162,337.814
2023-03-04,Cairns,0.5379,219.0778
2023-03-05,Cairns,0.5285,217.4426
2023-03-05,Gold Coast,0.5755,280.8451
2023-03-05,Noosa,0.5444,328.6128
2023-03-05,Whitsunday,0.5754,345.9102
2023-03-06,Cairns,0.4953,216.8087
2023-03-06,Noosa,0.5,325.5184
2023-03-06,Gold Coast,0.5366,277.8226
2023-03-06,Whitsunday,0.5151,344.0948
2023-03-07,Cairns,0.5043,217.4517
2023-03-07,Gold Coast,0.5285,281.5584
2023-03-07,Whitsunday,0.5056,351.0753
2023-03-07,Noosa,0.5034,331.9215
2023-03-08,Noosa,0.5152,332.6883
2023-03-08,Gold Coast,0.5472,281.5218
2023-03-08,Cairns,0.5061,214.7045
2023-03-08,Whitsunday,0.5056,350.2717
2023-03-09,Cairns,0.521,222.7556
2023-03-09,Noosa,0.5724,340.377
2023-03-09,Whitsunday,0.5657,359.961
2023-03-09,Gold Coast,0.5932,285.6238
2023-03-10,Gold Coast,0.6605,321.5302
2023-03-10,Whitsunday,0.6379,363.5796
2023-03-10,Cairns,0.5576,228.9069
2023-03-10,Noosa,0.6314,353.5206
2023-03-11,Gold Coast,0.6815,328.6916
2023-03-11,Whitsunday,0.6677,360.138
2023-03-11,Cairns,0.5625,226.1401
2023-03-11,Noosa,0.6486,355.563
2023-03-12,Noosa,0.5581,337.9633
2023-03-12,Gold Coast,0.6,287.945
2023-03-12,Cairns,0.5507,218.433
2023-03-12,Whitsunday,0.5993,367.3501
2023-03-13,Noosa,0.5091,331.7306
2023-03-13,Whitsunday,0.5476,367.5183
2023-03-13,Gold Coast,0.545,277.9964
2023-03-13,Cairns,0.5205,215.6701
2023-03-14,Noosa,0.4969,322.9567
2023-03-14,Cairns,0.5282,218.516
2023-03-14,Gold Coast,0.5426,275.9658
2023-03-14,Whitsunday,0.5393,366.0047
2023-03-15,Noosa,0.4991,331.9027
2023-03-15,Gold Coast,0.5499,277.4822
2023-03-15,Cairns,0.535,216.0334
2023-03-15,Whitsunday,0.5605,364.9079
2023-03-16,Cairns,0.5425,220.2067
2023-03-16,Gold Coast,0.5839,275.118
2023-03-16,Noosa,0.5417,328.6076
2023-03-16,Whitsunday,0.5797,363.0057
2023-03-17,Gold Coast,0.6424,307.7822
2023-03-17,Whitsunday,0.6433,354.2489
2023-03-17,Cairns,0.5552,220.4867
2023-03-17,Noosa,0.6108,339.3435
2023-03-18,Cairns,0.5637,224.7827
2023-03-18,Noosa,0.6285,339.3794
2023-03-18,Whitsunday,0.6309,347.3224
2023-03-18,Gold Coast,0.6744,314.808
2023-03-19,Noosa,0.5338,324.2801
2023-03-19,Whitsunday,0.5717,348.8801
2023-03-19,Gold Coast,0.5722,279.4501
2023-03-19,Cairns,0.538,219.1323
2023-03-20,Noosa,0.4993,328.4608
2023-03-20,Gold Coast,0.537,277.1109
2023-03-20,Cairns,0.5231,216.6758
2023-03-20,Whitsunday,0.5497,352.8586
2023-03-21,Noosa,0.4933,330.1416
2023-03-21,Cairns,0.525,219.1071
2023-03-21,Gold Coast,0.5373,273.1561
2023-03-21,Whitsunday,0.5365,345.6547
2023-03-22,Whitsunday,0.5482,345.8001
2023-03-22,Noosa,0.4846,326.1612
2023-03-22,Cairns,0.5208,220.0041
2023-03-22,Gold Coast,0.551,270.4676
2023-03-23,Cairns,0.5342,218.7209
2023-03-23,Gold Coast,0.5813,274.8681
2023-03-23,Whitsunday,0.5877,357.4554
2023-03-23,Noosa,0.5328,328.9492
2023-03-24,Cairns,0.5574,225.6015
2023-03-24,Whitsunday,0.6662,353.5737
2023-03-24,Noosa,0.662,341.2742
2023-03-24,Gold Coast,0.6559,316.1241
2023-03-25,Gold Coast,0.6765,315.9299
2023-03-25,Noosa,0.6779,339.8494
2023-03-25,Whitsunday,0.6926,357.7458
2023-03-25,Cairns,0.5671,225.5487
2023-03-26,Cairns,0.5425,220.9982
2023-03-26,Noosa,0.5609,323.3064
2023-03-26,Gold Coast,0.5555,274.1603
2023-03-26,Whitsunday,0.5984,354.979
2023-03-27,Gold Coast,0.5062,271.1078
2023-03-27,Cairns,0.5239,217.2848
2023-03-27,Noosa,0.4872,326.2654
2023-03-27,Whitsunday,0.5486,347.5233
2023-03-28,Noosa,0.4605,321.5392
2023-03-28,Gold Coast,0.5013,266.5746
2023-03-28,Cairns,0.5122,216.1558
2023-03-28,Whitsunday,0.5249,340.1573
2023-03-29,Noosa,0.463,326.726
2023-03-29,Whitsunday,0.5432,345.6068
2023-03-29,Gold Coast,0.5056,265.5423
2023-03-29,Cairns,0.5133,215.139
2023-03-30,Cairns,0.5198,216.3151
2023-03-30,Gold Coast,0.5273,273.1056
2023-03-30,Whitsunday,0.5791,342.321
2023-03-30,Noosa,0.4791,328.2969
2023-03-31,Gold Coast,0.57,313.6824
2023-03-31,Whitsunday,0.6055,346.1062
2023-03-31,Noosa,0.539,346.9489
2023-03-31,Cairns,0.5448,225.4406
2023-04-01,Noosa,0.5821,360.6723
2023-04-01,Whitsunday,0.6483,351.6523
2023-04-01,Cairns,0.5636,240.6684
2023-04-01,Gold Coast,0.6077,323.3116
2023-04-02,Gold Coast,0.5478,302.592
2023-04-02,Noosa,0.5277,365.2676
2023-04-02,Whitsunday,0.5988,355.7242
2023-04-02,Cairns,0.5727,243.6298
2023-04-03,Whitsunday,0.5766,355.3073
2023-04-03,Gold Coast,0.5159,292.7395
2023-04-03,Cairns,0.578,238.2756
2023-04-03,Noosa,0.5149,359.595
2023-04-04,Noosa,0.5148,361.185
2023-04-04,Cairns,0.5817,241.4394
2023-04-04,Whitsunday,0.5787,352.765
2023-04-04,Gold Coast,0.5163,292.9554
2023-04-05,Noosa,0.5518,370.3958
2023-04-05,Whitsunday,0.6111,368.7176
2023-04-05,Gold Coast,0.5378,296.6776
2023-04-05,Cairns,0.5978,246.5749
2023-04-06,Noosa,0.6437,384.7057
2023-04-06,Gold Coast,0.624,314.6396
2023-04-06,Cairns,0.6512,258.5598
2023-04-06,Whitsunday,0.6928,365.8253
2023-04-07,Cairns,0.7196,267.5967
2023-04-07,Whitsunday,0.7977,385.6142
2023-04-07,Noosa,0.784,400.1916
2023-04-07,Gold Coast,0.7533,370.8843
2023-04-08,Whitsunday,0.8268,386.0558
2023-04-08,Noosa,0.8156,399.9375
2023-04-08,Gold Coast,0.8031,378.3618
2023-04-08,Cairns,0.7603,273.2531
2023-04-09,Cairns,0.7501,278.2255
2023-04-09,Gold Coast,0.7735,361.7203
2023-04-09,Whitsunday,0.7828,376.6183
2023-04-09,Noosa,0.7925,399.393
2023-04-10,Whitsunday,0.7382,379.5842
2023-04-10,Cairns,0.6874,272.7108
2023-04-10,Gold Coast,0.6779,344.6459
2023-04-10,Noosa,0.6945,395.2045
2023-04-11,Whitsunday,0.7028,377.1261
2023-04-11,Cairns,0.6783,264.4554
2023-04-11,Noosa,0.662,378.8293
2023-04-11,Gold Coast,0.677,333.9103
2023-04-12,Noosa,0.6634,379.7342
2023-04-12,Gold Coast,0.6897,328.0056
2023-04-12,Cairns,0.6681,258.6156
2023-04-12,Whitsunday,0.717,362.0416
2023-04-13,Whitsunday,0.7053,354.0047
2023-04-13,Cairns,0.6811,256.3159
2023-04-13,Gold Coast,0.7038,322.6637
2023-04-13,Noosa,0.6751,370.943
2023-04-14,Noosa,0.6806,376.3303
2023-04-14,Gold Coast,0.7238,350.3101
2023-04-14,Cairns,0.6611,256.2014
2023-04-14,Whitsunday,0.7436,364.5771
2023-04-15,Cairns,0.642,253.0031
2023-04-15,Whitsunday,0.7205,368.6639
2023-04-15,Gold Coast,0.6978,350.3309
2023-04-15,Noosa,0.6452,371.8382
2023-04-16,Gold Coast,0.6069,318.0433
2023-04-16,Noosa,0.5481,372.4083
2023-04-16,Whitsunday,0.6414,364.9989
2023-04-16,Cairns,0.6198,250.1072
2023-04-17,Whitsunday,0.5969,365.3347
2023-04-17,Cairns,0.6145,247.614
2023-04-17,Noosa,0.5259,365.7802
2023-04-17,Gold Coast,0.5826,311.544
2023-04-18,Cairns,0.5974,242.9589
2023-04-18,Noosa,0.5332,355.8938
2023-04-18,Whitsunday,0.5809,372.4347
2023-04-18,Gold Coast,0.5824,306.691
2023-04-19,Whitsunday,0.5691,367.283
2023-04-19,Noosa,0.5076,358.6921
2023-04-19,Cairns,0.5985,241.5834
2023-04-19,Gold Coast,0.5822,305.6596
2023-04-20,Noosa,0.5388,356.5515
2023-04-20,Cairns,0.6116,245.3882
2023-04-20,Gold Coast,0.6048,304.2869
2023-04-20,Whitsunday,0.5854,358.7598
2023-04-21,Whitsunday,0.6403,361.5615
2023-04-21,Noosa,0.6105,364.5039
2023-04-21,Gold Coast,0.6418,331.5048
2023-04-21,Cairns,0.628,246.8545
2023-04-22,Gold Coast,0.6875,334.2361
2023-04-22,Noosa,0.6411,356.5298
2023-04-22,Cairns,0.6314,245.6351
2023-04-22,Whitsunday,0.6697,354.065
2023-04-23,Whitsunday,0.6103,354.2158
2023-04-23,Cairns,0.5898,244.6654
2023-04-23,Noosa,0.5881,349.0547
2023-04-23,Gold Coast,0.6174,295.9668
2023-04-24,Cairns,0.5801,242.0998
2023-04-24,Whitsunday,0.5855,360.0138
2023-04-24,Noosa,0.5591,341.7488
2023-04-24,Gold Coast,0.5744,285.6008
2023-04-25,Noosa,0.4903,342.474
2023-04-25,Cairns,0.5699,236.9034
2023-04-25,Whitsunday,0.5612,361.9071
2023-04-25,Gold Coast,0.529,281.313
2023-04-26,Noosa,0.4658,339.6059
2023-04-26,Whitsunday,0.5358,359.1748
2023-04-26,Gold Coast,0.4976,277.5496
2023-04-26,Cairns,0.5498,235.612
2023-04-27,Whitsunday,0.5839,358.847
2023-04-27,Cairns,0.5748,238.877
2023-04-27,Gold Coast,0.5114,276.3644
2023-04-27,Noosa,0.4919,341.9563
2023-04-28,Noosa,0.5961,350.798
2023-04-28,Gold Coast,0.5891,316.8185
2023-04-28,Cairns,0.5967,244.0014
2023-04-28,Whitsunday,0.6859,364.0907
2023-04-29,Whitsunday,0.7169,366.5459
2023-04-29,Noosa,0.6731,348.606
2023-04-29,Gold Coast,0.6707,323.2259
2023-04-29,Cairns,0.616,241.6631
2023-04-30,Noosa,0.6275,335.3564
2023-04-30,Gold Coast,0.6279,280.9285
2023-04-30,Whitsunday,0.6528,366.5957
2023-04-30,Cairns,0.5868,240.2765
2023-05-01,Cairns,0.5686,238.5788
2023-05-01,Gold Coast,0.5253,277.0874
2023-05-01,Noosa,0.4968,328.3256
2023-05-01,Whitsunday,0.574,367.1485
2023-05-02,Cairns,0.5422,232.8755
2023-05-02,Gold Coast,0.5043,269.2818
2023-05-02,Noosa,0.4444,324.2417
2023-05-02,Whitsunday,0.5383,361.2528
2023-05-03,Whitsunday,0.5305,362.0364
2023-05-03,Noosa,0.458,328.3793
2023-05-03,Gold Coast,0.5144,270.1425
2023-05-03,Cairns,0.545,231.1799
2023-05-04,Noosa,0.4945,328.8262
2023-05-04,Gold Coast,0.5594,268.8277
2023-05-04,Whitsunday,0.5882,366.8407
2023-05-04,Cairns,0.5507,236.8259
2023-05-05,Cairns,0.5767,237.4605
2023-05-05,Whitsunday,0.6371,360.9526
2023-05-05,Gold Coast,0.6036,305.5349
2023-05-05,Noosa,0.5579,336.3933
2023-05-06,Noosa,0.5995,336.417
2023-05-06,Gold Coast,0.6354,309.2527
2023-05-06,Cairns,0.6019,242.3177
2023-05-06,Whitsunday,0.654,363.1642
2023-05-07,Whitsunday,0.6058,358.0829
2023-05-07,Noosa,0.4995,326.8357
2023-05-07,Cairns,0.5771,235.3521
2023-05-07,Gold Coast,0.5529,267.3588
2023-05-08,Gold Coast,0.5133,263.0519
2023-05-08,Noosa,0.4538,322.4352
2023-05-08,Cairns,0.5641,229.5264
2023-05-08,Whitsunday,0.562,354.2796
2023-05-09,Cairns,0.5563,228.1097
2023-05-09,Whitsunday,0.5555,356.4498
2023-05-09,Noosa,0.444,322.3218
2023-05-09,Gold Coast,0.5132,263.3405
2023-05-10,Cairns,0.5521,226.7616
2023-05-10,Whitsunday,0.5734,349.1552
2023-05-10,Noosa,0.4398,316.7547
2023-05-10,Gold Coast,0.5162,259.2868
2023-05-11,Cairns,0.5652,233.4245
2023-05-11,Noosa,0.4533,321.9348
2023-05-11,Gold Coast,0.5416,262.6548
2023-05-11,Whitsunday,0.596,357.8714
2023-05-12,Noosa,0.5327,339.7663
2023-05-12,Cairns,0.622,240.6892
2023-05-12,Whitsunday,0.6589,353.2759
2023-05-12,Gold Coast,0.5882,309.2574
2023-05-13,Noosa,0.5562,339.8927
2023-05-13,Cairns,0.6177,237.9149
2023-05-13,Whitsunday,0.6557,350.5189
2023-05-13,Gold Coast,0.5911,309.6028
2023-05-14,Whitsunday,0.596,351.7132
2023-05-14,Noosa,0.5187,326.7379
2023-05-14,Cairns,0.5941,237.3425
2023-05-14,Gold Coast,0.528,268.4551
2023-05-15,Cairns,0.5611,231.4953
2023-05-15,Noosa,0.4506,319.6533
2023-05-15,Gold Coast,0.4966,263.311
2023-05-15,Whitsunday,0.537,344.9217
2023-05-16,Gold Coast,0.4986,267.0547
2023-05-16,Cairns,0.5702,233.2789
2023-05-16,Whitsunday,0.5263,350.7867
2023-05-16,Noosa,0.4408,319.1354
2023-05-17,Whitsunday,0.565,349.842
2023-05-17,Noosa,0.4351,318.2564
2023-05-17,Gold Coast,0.5176,267.9484
2023-05-17,Cairns,0.5895,234.3199
2023-05-18,Cairns,0.6235,241.1903
2023-05-18,Noosa,0.479,319.2293
2023-05-18,Whitsunday,0.6154,358.5217
2023-05-18,Gold Coast,0.5703,272.1485
2023-05-19,Cairns,0.6417,240.0678
2023-05-19,Noosa,0.538,336.4852
2023-05-19,Gold Coast,0.6369,318.5488
2023-05-19,Whitsunday,0.6782,367.9256
2023-05-20,Gold Coast,0.6624,321.0492
2023-05-20,Noosa,0.5529,334.1022
2023-05-20,Whitsunday,0.6844,362.4617
2023-05-20,Cairns,0.6693,241.5875
2023-05-21,Whitsunday,0.588,362.3686
2023-05-21,Cairns,0.6522,241.9596
2023-05-21,Gold Coast,0.5671,273.5131
2023-05-21,Noosa,0.4916,322.372
2023-05-22,Gold Coast,0.499,265.0707
2023-05-22,Noosa,0.4417,332.3003
2023-05-22,Cairns,0.61,236.815
2023-05-22,Whitsunday,0.5555,357.5509
2023-05-23,Gold Coast,0.4962,261.235
2023-05-23,Noosa,0.434,325.155
2023-05-23,Cairns,0.5954,237.674
2023-05-23,Whitsunday,0.5544,356.9985
2023-05-24,Whitsunday,0.538,361.2543
2023-05-24,Noosa,0.4335,332.9338
2023-05-24,Gold Coast,0.5068,261.5502
2023-05-24,Cairns,0.6122,244.3075
2023-05-25,Noosa,0.497,340.0303
2023-05-25,Whitsunday,0.5961,366.0126
2023-05-25,Cairns,0.631,249.531
2023-05-25,Gold Coast,0.5502,267.5476
2023-05-26,Noosa,0.661,355.5687
2023-05-26,Cairns,0.6488,252.6065
2023-05-26,Gold Coast,0.6094,312.1473
2023-05-26,Whitsunday,0.65,371.2316
2023-05-27,Noosa,0.6658,355.9146
2023-05-27,Gold Coast,0.6587,317.1758
2023-05-27,Cairns,0.6365,248.124
2023-05-27,Whitsunday,0.6612,362.0054
2023-05-28,Noosa,0.5152,337.8311
2023-05-28,Gold Coast,0.5588,271.5491
2023-05-28,Cairns,0.6224,248.534
2023-05-28,Whitsunday,0.5812,359.3029
2023-05-29,Gold Coast,0.507,265.1827
2023-05-29,Noosa,0.4324,328.5356
2023-05-29,Cairns,0.5916,241.2118
2023-05-29,Whitsunday,0.5181,352.8839
2023-05-30,Whitsunday,0.5154,356.4773
2023-05-30,Cairns,0.5751,237.0911
2023-05-30,Noosa,0.428,328.8608
2023-05-30,Gold Coast,0.4846,264.1254
2023-05-31,Cairns,0.5741,239.1085
2023-05-31,Gold Coast,0.4715,262.9248
2023-05-31,Whitsunday,0.493,366.376
2023-05-31,Noosa,0.4192,328.2129
2023-06-01,Noosa,0.463,325.9932
2023-06-01,Gold Coast,0.4944,260.517
2023-06-01,Cairns,0.5753,249.5702
2023-06-01,Whitsunday,0.5464,373.7354
2023-06-02,Whitsunday,0.6064,369.6019
2023-06-02,Cairns,0.5966,250.1455
2023-06-02,Gold Coast,0.561,301.3941
2023-06-02,Noosa,0.5041,333.5768
2023-06-03,Noosa,0.5417,333.8024
2023-06-03,Whitsunday,0.6066,367.8744
2023-06-03,Cairns,0.6031,247.4835
2023-06-03,Gold Coast,0.6024,308.7181
2023-06-04,Cairns,0.6045,246.6533
2023-06-04,Gold Coast,0.5096,265.1103
2023-06-04,Whitsunday,0.5622,365.2184
2023-06-04,Noosa,0.4539,326.1665
2023-06-05,Gold Coast,0.484,261.5472
2023-06-05,Noosa,0.4371,321.2733
2023-06-05,Cairns,0.5957,242.2927
2023-06-05,Whitsunday,0.5362,348.1921
2023-06-06,Whitsunday,0.5183,342.2261
2023-06-06,Gold Coast,0.4812,259.3366
2023-06-06,Noosa,0.4293,316.723
2023-06-06,Cairns,0.6059,239.4482
2023-06-07,Cairns,0.6128,242.6875
2023-06-07,Whitsunday,0.547,347.4536
2023-06-07,Noosa,0.4523,320.7121
2023-06-07,Gold Coast,0.506,259.127
2023-06-08,Whitsunday,0.6008,353.231
2023-06-08,Noosa,0.5029,319.248
2023-06-08,Gold Coast,0.5592,260.9872
2023-06-08,Cairns,0.6496,249.0698
2023-06-09,Whitsunday,0.6789,355.913
2023-06-09,Cairns,0.6684,249.3403
2023-06-09,Noosa,0.5698,330.8517
2023-06-09,Gold Coast,0.6438,309.6441
2023-06-10,Cairns,0.684,249.3434
2023-06-10,Noosa,0.6148,331.8181
2023-06-10,Whitsunday,0.7161,354.7051
2023-06-10,Gold Coast,0.691,313.6791
2023-06-11,Gold Coast,0.6186,269.5054
2023-06-11,Noosa,0.5388,315.9323
2023-06-11,Whitsunday,0.6593,358.979
2023-06-11,Cairns,0.6687,249.7798
2023-06-12,Cairns,0.6442,243.8264
2023-06-12,Gold Coast,0.5435,260.7178
2023-06-12,Noosa,0.4816,317.0043
2023-06-12,Whitsunday,0.601,353.4101
2023-06-13,Cairns,0.6532,241.8085
2023-06-13,Whitsunday,0.5553,344.4142
2023-06-13,Noosa,0.463,315.6868
2023-06-13,Gold Coast,0.5199,254.4
2023-06-14,Gold Coast,0.5166,252.1905
2023-06-14,Noosa,0.4721,314.0424
2023-06-14,Cairns,0.6677,247.9119
2023-06-14,Whitsunday,0.5629,339.2772
2023-06-15,Gold Coast,0.5402,249.3745
2023-06-15,Cairns,0.7128,255.1704
2023-06-15,Noosa,0.4987,309.8317
2023-06-15,Whitsunday,0.6006,340.6192
2023-06-16,Cairns,0.7504,260.0441
2023-06-16,Noosa,0.536,326.3613
2023-06-16,Gold Coast,0.5922,295.2645
2023-06-16,Whitsunday,0.6809,347.2687
2023-06-17,Gold Coast,0.6233,298.3163
2023-06-17,Whitsunday,0.696,349.9546
2023-06-17,Noosa,0.5678,329.2757
2023-06-17,Cairns,0.7583,259.4429
2023-06-18,Whitsunday,0.6024,346.6368
2023-06-18,Cairns,0.7378,258.4358
2023-06-18,Noosa,0.5225,320.4828
2023-06-18,Gold Coast,0.564,256.2023
2023-06-19,Whitsunday,0.5722,342.6979
2023-06-19,Cairns,0.6888,255.5371
2023-06-19,Noosa,0.4976,322.8582
2023-06-19,Gold Coast,0.532,252.7154
2023-06-20,Noosa,0.4724,320.9671
2023-06-20,Cairns,0.6839,254.4083
2023-06-20,Gold Coast,0.5226,252.873
2023-06-20,Whitsunday,0.5879,343.7189
2023-06-21,Noosa,0.4908,323.6289
2023-06-21,Whitsunday,0.6037,341.6122
2023-06-21,Gold Coast,0.5384,252.782
2023-06-21,Cairns,0.6764,254.8376
2023-06-22,Noosa,0.4968,321.2123
2023-06-22,Gold Coast,0.5571,256.1873
2023-06-22,Whitsunday,0.6301,342.3953
2023-06-22,Cairns,0.6944,255.0752
2023-06-23,Cairns,0.7247,266.8709
2023-06-23,Gold Coast,0.5816,313.0448
2023-06-23,Noosa,0.5489,348.1662
2023-06-23,Whitsunday,0.6823,354.8082
2023-06-24,Whitsunday,0.7369,364.9802
2023-06-24,Gold Coast,0.6203,317.7899
2023-06-24,Noosa,0.5868,359.8955
2023-06-24,Cairns,0.7379,273.1094
2023-06-25,Noosa,0.5458,357.2695
2023-06-25,Gold Coast,0.5486,291.06
2023-06-25,Cairns,0.722,273.5016
2023-06-25,Whitsunday,0.6989,375.3364
2023-06-26,Gold Coast,0.5375,288.0623
2023-06-26,Noosa,0.5493,357.5298
2023-06-26,Cairns,0.7473,279.3449
2023-06-26,Whitsunday,0.6939,383.5441
2023-06-27,Whitsunday,0.6913,386.4302
2023-06-27,Cairns,0.7597,279.6333
2023-06-27,Noosa,0.5504,359.8851
2023-06-27,Gold Coast,0.5419,290.9125
2023-06-28,Noosa,0.5555,367.4099
2023-06-28,Gold Coast,0.5582,295.5013
2023-06-28,Cairns,0.7699,286.176
2023-06-28,Whitsunday,0.6877,386.9954
2023-06-29,Noosa,0.5783,367.7494
2023-06-29,Whitsunday,0.7242,387.1366
2023-06-29,Cairns,0.783,285.7288
2023-06-29,Gold Coast,0.6067,302.7439
2023-06-30,Whitsunday,0.7841,384.0478
2023-06-30,Gold Coast,0.7257,345.0384
2023-06-30,Cairns,0.7949,287.0393
2023-06-30,Noosa,0.6331,364.8879
2023-07-01,Noosa,0.6678,369.6825
2023-07-01,Gold Coast,0.7653,355.565
2023-07-01,Whitsunday,0.7926,378.0179
2023-07-01,Cairns,0.802,286.9453
2023-07-02,Cairns,0.798,288.6349
2023-07-02,Gold Coast,0.6961,325.2297
2023-07-02,Noosa,0.6229,369.7588
2023-07-02,Whitsunday,0.7403,383.0004
2023-07-03,Cairns,0.7851,290.4982
2023-07-03,Noosa,0.601,370.7693
2023-07-03,Gold Coast,0.6326,314.3279
2023-07-03,Whitsunday,0.7184,376.0431
2023-07-04,Gold Coast,0.6304,307.9548
2023-07-04,Noosa,0.6106,367.2789
2023-07-04,Cairns,0.7946,286.8998
2023-07-04,Whitsunday,0.7307,370.7386
2023-07-05,Whitsunday,0.7665,374.6048
2023-07-05,Gold Coast,0.6353,304.3491
2023-07-05,Noosa,0.6298,368.7443
2023-07-05,Cairns,0.799,290.2243
2023-07-06,Gold Coast,0.663,305.7437
2023-07-06,Noosa,0.6489,368.0708
2023-07-06,Cairns,0.8081,290.2736
2023-07-06,Whitsunday,0.7666,381.5472
2023-07-07,Gold Coast,0.6733,331.8909
2023-07-07,Noosa,0.6619,368.2047
2023-07-07,Cairns,0.7967,288.9935
2023-07-07,Whitsunday,0.7875,376.2981
2023-07-08,Whitsunday,0.7671,372.6998
2023-07-08,Gold Coast,0.6826,334.4657
2023-07-08,Noosa,0.6474,367.973
2023-07-08,Cairns,0.7917,285.3962
2023-07-09,Gold Coast,0.6032,302.0747
2023-07-09,Cairns,0.7804,288.5431
2023-07-09,Noosa,0.5783,361.9739
2023-07-09,Whitsunday,0.7349,371.7465
2023-07-10,Gold Coast,0.5861,292.9912
2023-07-10,Noosa,0.5709,355.2901
2023-07-10,Whitsunday,0.7226,372.1793
2023-07-10,Cairns,0.782,287.6298
2023-07-11,Cairns,0.7768,281.3371
2023-07-11,Noosa,0.568,349.9789
2023-07-11,Whitsunday,0.7151,373.3843
2023-07-11,Gold Coast,0.586,292.7158
2023-07-12,Noosa,0.568,344.5736
2023-07-12,Cairns,0.7932,275.0874
2023-07-12,Whitsunday,0.7124,370.9349
2023-07-12,Gold Coast,0.5986,287.5878
2023-07-13,Cairns,0.7951,271.8231
2023-07-13,Noosa,0.5736,339.6914
2023-07-13,Gold Coast,0.6158,284.1197
2023-07-13,Whitsunday,0.7173,365.1196
2023-07-14,Whitsunday,0.7399,367.3703
2023-07-14,Noosa,0.6162,343.2775
2023-07-14,Cairns,0.8011,272.763
2023-07-14,Gold Coast,0.6539,314.6011
2023-07-15,Cairns,0.8255,276.3123
2023-07-15,Noosa,0.6321,341.1821
2023-07-15,Whitsunday,0.7622,355.5114
2023-07-15,Gold Coast,0.6659,319.0124
2023-07-16,Noosa,0.5601,328.1213
2023-07-16,Whitsunday,0.6823,359.377
2023-07-16,Gold Coast,0.5768,275.1127
2023-07-16,Cairns,0.7994,275.3655
2023-07-17,Gold Coast,0.5627,268.7343
2023-07-17,Cairns,0.797,276.6537
2023-07-17,Noosa,0.5557,327.1604
2023-07-17,Whitsunday,0.6644,358.0744
2023-07-18,Gold Coast,0.5517,265.7261
2023-07-18,Noosa,0.5819,326.7895
2023-07-18,Cairns,0.8031,275.8107
2023-07-18,Whitsunday,0.6534,355.3093
2023-07-19,Whitsunday,0.645,355.8493
2023-07-19,Noosa,0.6103,329.8474
2023-07-19,Gold Coast,0.5598,264.6523
2023-07-19,Cairns,0.8156,277.9692
2023-07-20,Cairns,0.8136,277.518
2023-07-20,Noosa,0.6523,331.3006
2023-07-20,Whitsunday,0.6747,358.6494
2023-07-20,Gold Coast,0.5759,265.5428
2023-07-21,Whitsunday,0.7302,359.3987
2023-07-21,Cairns,0.8312,278.1001
2023-07-21,Noosa,0.6896,345.546
2023-07-21,Gold Coast,0.6342,307.2182
2023-07-22,Whitsunday,0.7383,357.0753
2023-07-22,Gold Coast,0.6612,311.5052
2023-07-22,Noosa,0.668,341.5513
2023-07-22,Cairns,0.8064,276.1719
2023-07-23,Gold Coast,0.5735,264.0167
2023-07-23,Whitsunday,0.6732,353.2182
2023-07-23,Cairns,0.7892,276.7782
2023-07-23,Noosa,0.584,326.1049
2023-07-24,Gold Coast,0.5439,258.8054
2023-07-24,Noosa,0.5623,326.322
2023-07-24,Cairns,0.7576,275.6307
2023-07-24,Whitsunday,0.6418,348.5768
2023-07-25,Gold Coast,0.5422,256.3675
2023-07-25,Noosa,0.5637,321.0866
2023-07-25,Cairns,0.7476,271.0979
2023-07-25,Whitsunday,0.6325,345.1599
2023-07-26,Cairns,0.7593,273.9263
2023-07-26,Noosa,0.5708,327.0502
2023-07-26,Whitsunday,0.6512,347.7585
2023-07-26,Gold Coast,0.5539,256.9556
2023-07-27,Cairns,0.7793,278.5074
2023-07-27,Gold Coast,0.5756,260.1643
2023-07-27,Noosa,0.585,326.9884
2023-07-27,Whitsunday,0.6729,360.4552
2023-07-28,Whitsunday,0.7365,368.6059
2023-07-28,Noosa,0.6672,341.0509
2023-07-28,Gold Coast,0.6549,307.0743
2023-07-28,Cairns,0.7938,284.9584
2023-07-29,Noosa,0.6807,341.5639
2023-07-29,Whitsunday,0.7544,361.9379
2023-07-29,Gold Coast,0.6799,311.5653
2023-07-29,Cairns,0.7921,282.9833
2023-07-30,Noosa,0.6164,328.2625
2023-07-30,Gold Coast,0.5685,265.9519
2023-07-30,Cairns,0.7614,281.884
2023-07-30,Whitsunday,0.6896,365.6731
2023-07-31,Whitsunday,0.6316,357.9741
2023-07-31,Gold Coast,0.5091,260.1356
2023-07-31,Cairns,0.7254,271.2209
2023-07-31,Noosa,0.5429,330.0553
2023-08-01,Cairns,0.7424,278.9583
2023-08-01,Whitsunday,0.6513,367.7534
2023-08-01,Gold Coast,0.5162,261.9539
2023-08-01,Noosa,0.5512,330.6672
2023-08-02,Gold Coast,0.5244,266.6888
2023-08-02,Noosa,0.5654,335.7675
2023-08-02,Cairns,0.7642,283.6904
2023-08-02,Whitsunday,0.656,370.4955
2023-08-03,Cairns,0.782,286.1406
2023-08-03,Whitsunday,0.7032,375.1931
2023-08-03,Noosa,0.5759,334.7356
2023-08-03,Gold Coast,0.5559,267.7527
2023-08-04,Cairns,0.805,288.3502
2023-08-04,Noosa,0.6377,345.7392
2023-08-04,Gold Coast,0.6426,308.4144
2023-08-04,Whitsunday,0.7729,376.0741
2023-08-05,Whitsunday,0.7749,374.7869
2023-08-05,Noosa,0.6689,344.5145
2023-08-05,Cairns,0.8124,288.2227
2023-08-05,Gold Coast,0.6709,313.5919
2023-08-06,Whitsunday,0.702,377.182
2023-08-06,Noosa,0.5953,337.0642
2023-08-06,Cairns,0.7778,286.1251
2023-08-06,Gold Coast,0.5838,268.9079
2023-08-07,Whitsunday,0.6926,379.2531
2023-08-07,Noosa,0.5877,336.2394
2023-08-07,Gold Coast,0.5567,267.486
2023-08-07,Cairns,0.7638,282.4347
2023-08-08,Cairns,0.7643,283.2736
2023-08-08,Whitsunday,0.6677,375.6654
2023-08-08,Gold Coast,0.5533,268.7041
2023-08-08,Noosa,0.5808,337.7943
2023-08-09,Cairns,0.7657,282.0355
2023-08-09,Gold Coast,0.5508,268.0193
2023-08-09,Whitsunday,0.6674,376.3518
2023-08-09,Noosa,0.5892,338.5498
2023-08-10,Cairns,0.7905,286.0151
2023-08-10,Gold Coast,0.5818,269.6341
2023-08-10,Noosa,0.6203,343.1334
2023-08-10,Whitsunday,0.7405,378.1604
2023-08-11,Noosa,0.6897,350.7964
2023-08-11,Cairns,0.8041,288.9318
2023-08-11,Whitsunday,0.7841,384.0427
2023-08-11,Gold Coast,0.6596,315.0977
2023-08-12,Cairns,0.7858,289.0758
2023-08-12,Gold Coast,0.693,318.9952
2023-08-12,Whitsunday,0.7857,387.2017
2023-08-12,Noosa,0.7105,350.2144
2023-08-13,Noosa,0.6639,341.1102
2023-08-13,Whitsunday,0.7336,384.903
2023-08-13,Cairns,0.7746,284.0998
2023-08-13,Gold Coast,0.6009,273.747
2023-08-14,Noosa,0.6247,340.8252
2023-08-14,Gold Coast,0.5692,269.995
2023-08-14,Whitsunday,0.7043,390.5482
2023-08-14,Cairns,0.7717,284.6766
2023-08-15,Noosa,0.629,343.9444
2023-08-15,Whitsunday,0.7058,389.6302
2023-08-15,Gold Coast,0.5745,269.4266
2023-08-15,Cairns,0.7796,285.5494
2023-08-16,Noosa,0.627,343.6551
2023-08-16,Gold Coast,0.5653,272.0936
2023-08-16,Cairns,0.7747,288.4328
2023-08-16,Whitsunday,0.6914,394.3433
2023-08-17,Whitsunday,0.7134,391.9091
2023-08-17,Noosa,0.6462,343.5228
2023-08-17,Cairns,0.812,292.7479
2023-08-17,Gold Coast,0.613,289.2215
2023-08-18,Whitsunday,0.7642,399.8491
2023-08-18,Noosa,0.7088,358.1568
2023-08-18,Gold Coast,0.7282,357.4686
2023-08-18,Cairns,0.8144,295.7039
2023-08-19,Whitsunday,0.7667,392.9241
2023-08-19,Noosa,0.7262,358.0423
2023-08-19,Cairns,0.8035,293.8077
2023-08-19,Gold Coast,0.7547,361.0704
2023-08-20,Cairns,0.7787,288.8579
2023-08-20,Gold Coast,0.6253,310.7999
2023-08-20,Whitsunday,0.6938,393.3845
2023-08-20,Noosa,0.6331,341.8588
2023-08-21,Gold Coast,0.5761,279.2989
2023-08-21,Whitsunday,0.6851,383.5416
2023-08-21,Noosa,0.6665,346.3165
2023-08-21,Cairns,0.7763,283.5629
2023-08-22,Cairns,0.7811,281.8901
2023-08-22,Noosa,0.6112,341.8439
2023-08-22,Gold Coast,0.556,266.9466
2023-08-22,Whitsunday,0.6787,382.9438
2023-08-23,Noosa,0.6039,336.1953
2023-08-23,Whitsunday,0.6818,379.71
2023-08-23,Gold Coast,0.5461,265.2691
2023-08-23,Cairns,0.7735,278.2503
2023-08-24,Whitsunday,0.7111,382.2503
2023-08-24,Noosa,0.639,340.9059
2023-08-24,Cairns,0.7942,283.3767
2023-08-24,Gold Coast,0.5819,269.5687
2023-08-25,Noosa,0.6801,352.6208
2023-08-25,Gold Coast,0.65,317.7403
2023-08-25,Cairns,0.7981,286.0111
2023-08-25,Whitsunday,0.7328,382.9629
2023-08-26,Gold Coast,0.6789,322.4882
2023-08-26,Cairns,0.7698,282.6344
2023-08-26,Noosa,0.6842,354.3072
2023-08-26,Whitsunday,0.7334,376.3917
2023-08-27,Gold Coast,0.5805,271.3249
2023-08-27,Whitsunday,0.6362,375.1391
2023-08-27,Cairns,0.749,279.7136
2023-08-27,Noosa,0.5941,341.1347
2023-08-28,Noosa,0.5477,340.1324
2023-08-28,Cairns,0.707,275.3909
2023-08-28,Gold Coast,0.5265,266.2928
2023-08-28,Whitsunday,0.6219,372.3356
2023-08-29,Cairns,0.687,271.708
2023-08-29,Gold Coast,0.5113,265.6828
2023-08-29,Noosa,0.5431,335.3496
2023-08-29,Whitsunday,0.614,380.7753
2023-08-30,Whitsunday,0.6395,380.1054
2023-08-30,Gold Coast,0.5156,266.2388
2023-08-30,Cairns,0.6844,269.0844
2023-08-30,Noosa,0.5444,330.9135
2023-08-31,Whitsunday,0.674,380.2252
2023-08-31,Gold Coast,0.5548,265.1839
2023-08-31,Cairns,0.6793,271.6705
2023-08-31,Noosa,0.5877,333.4415
2023-09-01,Cairns,0.6812,274.6985
2023-09-01,Noosa,0.6854,360.3496
2023-09-01,Gold Coast,0.6426,315.2376
2023-09-01,Whitsunday,0.7331,386.3023
2023-09-02,Noosa,0.6991,358.6124
2023-09-02,Gold Coast,0.6628,320.482
2023-09-02,Whitsunday,0.7449,377.4451
2023-09-02,Cairns,0.6862,272.8559
2023-09-03,Whitsunday,0.6746,377.7259
2023-09-03,Noosa,0.5958,340.9147
2023-09-03,Cairns,0.6934,269.4808
2023-09-03,Gold Coast,0.5735,273.5139
2023-09-04,Cairns,0.6874,266.8666
2023-09-04,Whitsunday,0.6568,382.3645
2023-09-04,Noosa,0.5674,338.3188
2023-09-04,Gold Coast,0.5338,269.3385
2023-09-05,Noosa,0.5711,338.7943
2023-09-05,Cairns,0.7001,269.3737
2023-09-05,Gold Coast,0.5444,272.0718
2023-09-05,Whitsunday,0.6434,388.2461
2023-09-06,Whitsunday,0.6471,389.2508
2023-09-06,Noosa,0.5885,342.1234
2023-09-06,Gold Coast,0.5493,270.8016
2023-09-06,Cairns,0.6959,269.772
2023-09-07,Whitsunday,0.695,391.7366
2023-09-07,Cairns,0.7139,273.1563
2023-09-07,Noosa,0.6249,350.4199
2023-09-07,Gold Coast,0.5792,275.4351
2023-09-08,Whitsunday,0.7531,396.3415
2023-09-08,Noosa,0.701,365.3143
2023-09-08,Gold Coast,0.6596,321.2652
2023-09-08,Cairns,0.7217,278.3254
2023-09-09,Noosa,0.7274,366.4487
2023-09-09,Gold Coast,0.702,328.5426
2023-09-09,Cairns,0.728,280.0017
2023-09-09,Whitsunday,0.7678,394.7705
2023-09-10,Gold Coast,0.5947,280.1933
2023-09-10,Noosa,0.6419,351.7536
2023-09-10,Cairns,0.6901,273.0119
2023-09-10,Whitsunday,0.6998,388.1187
2023-09-11,Whitsunday,0.6597,393.1186
2023-09-11,Gold Coast,0.5587,272.3261
2023-09-11,Noosa,0.5962,344.6978
2023-09-11,Cairns,0.6624,267.9349
2023-09-12,Gold Coast,0.5454,270.9777
2023-09-12,Whitsunday,0.6435,388.3817
2023-09-12,Cairns,0.6498,265.2963
2023-09-12,Noosa,0.5641,342.5421
2023-09-13,Noosa,0.561,343.109
2023-09-13,Gold Coast,0.5468,271.7425
2023-09-13,Cairns,0.6592,267.2855
2023-09-13,Whitsunday,0.6585,385.1281
2023-09-14,Gold Coast,0.5793,276.6752
2023-09-14,Cairns,0.6697,272.0031
2023-09-14,Noosa,0.5878,345.1758
2023-09-14,Whitsunday,0.7035,383.388
2023-09-15,Whitsunday,0.8134,389.6305
2023-09-15,Cairns,0.6826,275.6289
2023-09-15,Noosa,0.658,369.2869
2023-09-15,Gold Coast,0.6425,328.9742
2023-09-16,Gold Coast,0.6931,346.1629
2023-09-16,Cairns,0.6964,279.5474
2023-09-16,Whitsunday,0.827,386.6299
2023-09-16,Noosa,0.6961,384.8017
2023-09-17,Noosa,0.6388,386.9532
2023-09-17,Whitsunday,0.7744,395.5902
2023-09-17,Gold Coast,0.6155,315.7114
2023-09-17,Cairns,0.6917,280.0718
2023-09-18,Cairns,0.6901,279.1888
2023-09-18,Gold Coast,0.5906,312.7231
2023-09-18,Noosa,0.6436,389.4468
2023-09-18,Whitsunday,0.7326,397.5772
2023-09-19,Cairns,0.6807,276.0023
2023-09-19,Noosa,0.6577,389.0193
2023-09-19,Gold Coast,0.6026,309.8736
2023-09-19,Whitsunday,0.7321,392.3524
2023-09-20,Gold Coast,0.6221,311.3007
2023-09-20,Whitsunday,0.7107,394.639
2023-09-20,Noosa,0.6685,388.3202
2023-09-20,Cairns,0.7115,279.2438
2023-09-21,Cairns,0.7232,284.4561
2023-09-21,Gold Coast,0.6536,320.3203
2023-09-21,Noosa,0.6948,389.0386
2023-09-21,Whitsunday,0.75,386.0709
2023-09-22,Gold Coast,0.7306,357.5565
2023-09-22,Whitsunday,0.8067,390.024
2023-09-22,Cairns,0.7442,284.4397
2023-09-22,Noosa,0.7391,393.3143
2023-09-23,Gold Coast,0.7764,368.4986
2023-09-23,Noosa,0.7684,395.3501
2023-09-23,Whitsunday,0.8164,385.9386
2023-09-23,Cairns,0.7389,288.3705
2023-09-24,Whitsunday,0.79,387.1161
2023-09-24,Gold Coast,0.7229,345.7598
2023-09-24,Noosa,0.7228,397.6282
2023-09-24,Cairns,0.7207,289.1787
2023-09-25,Noosa,0.7222,396.1068
2023-09-25,Gold Coast,0.7178,344.9859
2023-09-25,Whitsunday,0.7613,397.8567
2023-09-25,Cairns,0.6989,286.4239
2023-09-26,Noosa,0.7184,396.9528
2023-09-26,Whitsunday,0.7616,392.5567
2023-09-26,Cairns,0.6928,288.7797
2023-09-26,Gold Coast,0.7133,347.014
2023-09-27,Noosa,0.711,401.4487
2023-09-27,Cairns,0.6932,290.8954
2023-09-27,Gold Coast,0.72,351.1761
2023-09-27,Whitsunday,0.7664,390.4348
2023-09-28,Gold Coast,0.7415,353.821
2023-09-28,Whitsunday,0.7788,391.2817
2023-09-28,Noosa,0.7354,397.1995
2023-09-28,Cairns,0.7036,293.0399
2023-09-29,Noosa,0.7865,402.8111
2023-09-29,Gold Coast,0.8225,387.0135
2023-09-29,Whitsunday,0.8208,393.1969
2023-09-29,Cairns,0.7408,285.4884
2023-09-30,Cairns,0.7336,287.9735
2023-09-30,Noosa,0.7989,399.9692
2023-09-30,Gold Coast,0.8307,389.3732
2023-09-30,Whitsunday,0.8287,394.8077
2023-10-01,Noosa,0.7244,394.9499
2023-10-01,Whitsunday,0.7483,389.4005
2023-10-01,Gold Coast,0.7971,368.6816
2023-10-01,Cairns,0.7003,283.732
2023-10-02,Whitsunday,0.6864,388.4353
2023-10-02,Cairns,0.6531,280.6451
2023-10-02,Noosa,0.5988,394.3234
2023-10-02,Gold Coast,0.6571,338.4481
2023-10-03,Gold Coast,0.6093,327.8773
2023-10-03,Cairns,0.6455,281.4204
2023-10-03,Whitsunday,0.6384,394.8187
2023-10-03,Noosa,0.5635,392.6463
2023-10-04,Whitsunday,0.6332,400.2262
2023-10-04,Noosa,0.5618,390.2003
2023-10-04,Gold Coast,0.6194,320.5205
2023-10-04,Cairns,0.6392,276.6593
2023-10-05,Whitsunday,0.6921,392.8467
2023-10-05,Noosa,0.5855,386.7835
2023-10-05,Cairns,0.6474,280.9055
2023-10-05,Gold Coast,0.6457,320.5469
2023-10-06,Whitsunday,0.7121,399.2203
2023-10-06,Noosa,0.6329,384.0319
2023-10-06,Cairns,0.6591,278.246
2023-10-06,Gold Coast,0.6851,352.5235
2023-10-07,Gold Coast,0.6807,351.7001
2023-10-07,Whitsunday,0.7219,390.6495
2023-10-07,Noosa,0.6204,381.7668
2023-10-07,Cairns,0.6525,272.8159
2023-10-08,Whitsunday,0.6317,390.7399
2023-10-08,Gold Coast,0.585,304.5785
2023-10-08,Cairns,0.6541,266.191
2023-10-08,Noosa,0.562,366.772
2023-10-09,Cairns,0.634,259.7772
2023-10-09,Whitsunday,0.6366,393.4698
2023-10-09,Noosa,0.5484,361.5578
2023-10-09,Gold Coast,0.5588,292.3187
2023-10-10,Gold Coast,0.5569,287.0216
2023-10-10,Whitsunday,0.6562,388.7092
2023-10-10,Noosa,0.5348,358.5853
2023-10-10,Cairns,0.6158,257.4424
2023-10-11,Whitsunday,0.6573,382.149
2023-10-11,Noosa,0.5579,360.4934
2023-10-11,Cairns,0.6179,255.1698
2023-10-11,Gold Coast,0.5719,285.8005
2023-10-12,Whitsunday,0.6998,390.4806
2023-10-12,Cairns,0.6215,259.4986
2023-10-12,Gold Coast,0.6121,294.6159
2023-10-12,Noosa,0.5932,370.1732
2023-10-13,Cairns,0.6372,261.4387
2023-10-13,Whitsunday,0.763,391.6138
2023-10-13,Gold Coast,0.7048,346.2673
2023-10-13,Noosa,0.6808,377.1945
2023-10-14,Noosa,0.6893,379.0601
2023-10-14,Whitsunday,0.7565,391.8308
2023-10-14,Cairns,0.6433,266.0086
2023-10-14,Gold Coast,0.7387,351.6601
2023-10-15,Cairns,0.6184,259.361
2023-10-15,Noosa,0.5969,369.7105
2023-10-15,Gold Coast,0.6212,296.0016
2023-10-15,Whitsunday,0.6768,383.2778
2023-10-16,Gold Coast,0.578,282.0474
2023-10-16,Noosa,0.5569,367.5577
2023-10-16,Cairns,0.5933,255.4414
2023-10-16,Whitsunday,0.6487,387.1283
2023-10-17,Whitsunday,0.6226,382.6366
2023-10-17,Noosa,0.5552,357.5298
2023-10-17,Gold Coast,0.5773,278.9957
2023-10-17,Cairns,0.5962,251.1869
2023-10-18,Cairns,0.5817,257.3685
2023-10-18,Noosa,0.5753,360.2288
2023-10-18,Gold Coast,0.5931,279.4778
2023-10-18,Whitsunday,0.6287,376.8183
2023-10-19,Cairns,0.6002,258.6165
2023-10-19,Noosa,0.6153,357.2492
2023-10-19,Gold Coast,0.632,287.752
2023-10-19,Whitsunday,0.6592,387.2106
2023-10-20,Gold Coast,0.7398,343.268
2023-10-20,Whitsunday,0.724,392.4425
2023-10-20,Cairns,0.6481,261.3306
2023-10-20,Noosa,0.7164,374.871
2023-10-21,Gold Coast,0.7701,348.413
2023-10-21,Whitsunday,0.7497,395.2983
2023-10-21,Noosa,0.7342,371.1466
2023-10-21,Cairns,0.6523,258.1235
2023-10-22,Noosa,0.6174,362.1045
2023-10-22,Cairns,0.605,253.6084
2023-10-22,Whitsunday,0.638,394.1126
2023-10-22,Gold Coast,0.6289,297.3667
2023-10-23,Cairns,0.5599,251.1271
2023-10-23,Gold Coast,0.5656,285.2328
2023-10-23,Noosa,0.5573,359.1556
2023-10-23,Whitsunday,0.6271,402.4622
2023-10-24,Noosa,0.5212,360.0172
2023-10-24,Gold Coast,0.5446,282.1915
2023-10-24,Cairns,0.5492,248.3139
2023-10-24,Whitsunday,0.6042,401.0673
2023-10-25,Gold Coast,0.5569,288.7274
2023-10-25,Whitsunday,0.5838,398.0179
2023-10-25,Noosa,0.5156,366.6707
2023-10-25,Cairns,0.538,251.0156
2023-10-26,Whitsunday,0.6191,399.5194
2023-10-26,Cairns,0.548,253.5262
2023-10-26,Gold Coast,0.6007,301.8551
2023-10-26,Noosa,0.5413,371.879
2023-10-27,Gold Coast,0.6812,364.2635
2023-10-27,Whitsunday,0.6694,394.0951
2023-10-27,Cairns,0.5404,259.4905
2023-10-27,Noosa,0.5985,379.6586
2023-10-28,Whitsunday,0.6654,401.9038
2023-10-28,Gold Coast,0.6924,367.938
2023-10-28,Noosa,0.5984,377.2526
2023-10-28,Cairns,0.5294,263.3916
2023-10-29,Whitsunday,0.5644,401.7583
2023-10-29,Cairns,0.485,257.1972
2023-10-29,Noosa,0.4775,367.9621
2023-10-29,Gold Coast,0.5759,324.7447
2023-10-30,Cairns,0.46,250.5064
2023-10-30,Noosa,0.4221,363.2393
2023-10-30,Whitsunday,0.5473,397.629
2023-10-30,Gold Coast,0.4914,284.5232
2023-10-31,Gold Coast,0.4707,286.1081
2023-10-31,Noosa,0.3807,359.4669
2023-10-31,Cairns,0.4381,249.4754
2023-10-31,Whitsunday,0.5121,408.5077
2023-11-01,Whitsunday,0.5218,414.0379
2023-11-01,Gold Coast,0.4854,285.1747
2023-11-01,Cairns,0.4427,253.367
2023-11-01,Noosa,0.4199,361.9178
2023-11-02,Cairns,0.4588,257.3246
2023-11-02,Noosa,0.496,379.6938
2023-11-02,Whitsunday,0.5582,418.6653
2023-11-02,Gold Coast,0.5164,293.2449
2023-11-03,Noosa,0.7143,400.33
2023-11-03,Whitsunday,0.6489,408.6332
2023-11-03,Cairns,0.5214,255.1429
2023-11-03,Gold Coast,0.6434,339.2839
2023-11-04,Gold Coast,0.7124,343.5502
2023-11-04,Cairns,0.5921,254.0399
2023-11-04,Whitsunday,0.6959,406.5238
2023-11-04,Noosa,0.8146,397.5677
2023-11-05,Noosa,0.7117,391.9998
2023-11-05,Cairns,0.594,246.016
2023-11-05,Whitsunday,0.6554,396.4487
2023-11-05,Gold Coast,0.6127,295.5752
2023-11-06,Noosa,0.5473,368.0343
2023-11-06,Whitsunday,0.6379,397.1166
2023-11-06,Cairns,0.5529,240.5748
2023-11-06,Gold Coast,0.5811,287.9292
2023-11-07,Gold Coast,0.5655,286.7559
2023-11-07,Cairns,0.5359,239.5873
2023-11-07,Whitsunday,0.6407,389.8825
2023-11-07,Noosa,0.5161,353.1603
2023-11-08,Gold Coast,0.5624,285.9685
2023-11-08,Noosa,0.5188,352.6337
2023-11-08,Cairns,0.5257,240.2786
2023-11-08,Whitsunday,0.6303,392.0365
2023-11-09,Cairns,0.5302,240.7414
2023-11-09,Whitsunday,0.6709,401.23
2023-11-09,Noosa,0.5639,357.4698
2023-11-09,Gold Coast,0.5916,295.6157
2023-11-10,Noosa,0.6533,373.386
2023-11-10,Gold Coast,0.6807,337.2234
2023-11-10,Cairns,0.5756,241.6651
2023-11-10,Whitsunday,0.7747,413.7682
2023-11-11,Cairns,0.5764,241.334
2023-11-11,Whitsunday,0.7869,410.4851
2023-11-11,Gold Coast,0.6986,336.7674
2023-11-11,Noosa,0.6817,367.9601
2023-11-12,Cairns,0.548,239.092
2023-11-12,Gold Coast,0.5923,294.1082
2023-11-12,Noosa,0.5888,354.9578
2023-11-12,Whitsunday,0.7281,411.8683
2023-11-13,Cairns,0.5187,237.8897
2023-11-13,Gold Coast,0.5617,285.7339
2023-11-13,Noosa,0.5468,351.1244
2023-11-13,Whitsunday,0.6678,404.5284
2023-11-14,Whitsunday,0.6075,392.9852
2023-11-14,Cairns,0.5572,241.4762
2023-11-14,Gold Coast,0.5625,279.6908
2023-11-14,Noosa,0.5417,341.067
2023-11-15,Cairns,0.5636,244.7243
2023-11-15,Whitsunday,0.6047,392.7691
2023-11-15,Noosa,0.5511,344.0365
2023-11-15,Gold Coast,0.5637,278.7929
2023-11-16,Whitsunday,0.6186,393.5762
2023-11-16,Noosa,0.5831,348.3862
2023-11-16,Gold Coast,0.581,281.9376
2023-11-16,Cairns,0.5397,237.4973
2023-11-17,Noosa,0.6495,367.0065
2023-11-17,Whitsunday,0.7092,382.7446
2023-11-17,Gold Coast,0.6518,317.829
2023-11-17,Cairns,0.5545,239.5266
2023-11-18,Cairns,0.5479,239.8957
2023-11-18,Whitsunday,0.753,379.0792
2023-11-18,Gold Coast,0.7025,313.926
2023-11-18,Noosa,0.6662,363.1982
2023-11-19,Gold Coast,0.598,294.1991
2023-11-19,Cairns,0.5396,238.3017
2023-11-19,Whitsunday,0.6903,379.5567
2023-11-19,Noosa,0.5732,350.6548
2023-11-20,Cairns,0.5246,236.1248
2023-11-20,Noosa,0.5256,344.0561
2023-11-20,Gold Coast,0.565,288.3582
2023-11-20,Whitsunday,0.6483,369.4646
2023-11-21,Cairns,0.5208,236.9134
2023-11-21,Noosa,0.5214,340.7231
2023-11-21,Whitsunday,0.6554,374.6634
2023-11-21,Gold Coast,0.5623,288.5296
2023-11-22,Cairns,0.535,238.9211
2023-11-22,Noosa,0.5351,342.1815
2023-11-22,Gold Coast,0.5711,287.2402
2023-11-22,Whitsunday,0.6516,370.8601
2023-11-23,Noosa,0.5683,341.84
2023-11-23,Gold Coast,0.6085,291.5836
2023-11-23,Cairns,0.5566,237.9185
2023-11-23,Whitsunday,0.7174,372.3192
2023-11-24,Gold Coast,0.6878,319.2067
2023-11-24,Noosa,0.6389,356.9642
2023-11-24,Whitsunday,0.7811,376.2007
2023-11-24,Cairns,0.5803,242.2847
2023-11-25,Whitsunday,0.7605,370.865
2023-11-25,Noosa,0.6692,352.5586
2023-11-25,Gold Coast,0.8019,337.8609
2023-11-25,Cairns,0.5988,243.2887
2023-11-26,Gold Coast,0.7612,310.1043
2023-11-26,Whitsunday,0.6463,374.5721
2023-11-26,Cairns,0.5783,245.4316
2023-11-26,Noosa,0.5796,345.6644
2023-11-27,Noosa,0.548,344.4732
2023-11-27,Whitsunday,0.5845,368.4732
2023-11-27,Gold Coast,0.5609,291.7178
2023-11-27,Cairns,0.5043,236.3756
2023-11-28,Gold Coast,0.5071,282.3771
2023-11-28,Noosa,0.5289,344.3887
2023-11-28,Whitsunday,0.5582,356.4691
2023-11-28,Cairns,0.5013,235.3033
2023-11-29,Noosa,0.5096,340.3299
2023-11-29,Whitsunday,0.5773,367.755
2023-11-29,Cairns,0.5125,236.0759
2023-11-29,Gold Coast,0.5156,284.36
2023-11-30,Gold Coast,0.5435,288.3987
2023-11-30,Cairns,0.4905,240.0047
2023-11-30,Whitsunday,0.6046,379.6868
2023-11-30,Noosa,0.5221,348.0296
2023-12-01,Gold Coast,0.6056,310.884
2023-12-01,Cairns,0.5185,238.5694
2023-12-01,Whitsunday,0.6941,375.1421
2023-12-01,Noosa,0.6165,352.4245
2023-12-02,Noosa,0.6608,348.5555
2023-12-02,Cairns,0.5387,242.5476
2023-12-02,Whitsunday,0.6751,367.3002
2023-12-02,Gold Coast,0.6523,308.1113
2023-12-03,Whitsunday,0.5901,370.9059
2023-12-03,Noosa,0.5958,349.1991
2023-12-03,Cairns,0.5214,240.5322
2023-12-03,Gold Coast,0.5751,299.6806
2023-12-04,Cairns,0.4848,235.4089
2023-12-04,Gold Coast,0.5527,299.2597
2023-12-04,Noosa,0.5562,357.0262
2023-12-04,Whitsunday,0.5668,377.5413
2023-12-05,Whitsunday,0.5504,388.7005
2023-12-05,Gold Coast,0.5544,302.5059
2023-12-05,Cairns,0.476,239.1386
2023-12-05,Noosa,0.534,362.8965
2023-12-06,Cairns,0.4757,234.9263
2023-12-06,Noosa,0.538,363.4298
2023-12-06,Whitsunday,0.5521,385.1585
2023-12-06,Gold Coast,0.5528,303.7384
2023-12-07,Whitsunday,0.5513,379.4343
2023-12-07,Noosa,0.5406,357.9683
2023-12-07,Gold Coast,0.582,302.6916
2023-12-07,Cairns,0.4666,234.5416
2023-12-08,Gold Coast,0.6249,325.4586
2023-12-08,Cairns,0.5117,244.3443
2023-12-08,Noosa,0.5767,365.5337
2023-12-08,Whitsunday,0.6,376.6478
2023-12-09,Whitsunday,0.6015,363.9886
2023-12-09,Cairns,0.4945,245.3091
2023-12-09,Noosa,0.6144,371.7958
2023-12-09,Gold Coast,0.6411,332.2408
2023-12-10,Whitsunday,0.5333,374.2636
2023-12-10,Gold Coast,0.5645,313.1346
2023-12-10,Noosa,0.558,371.311
2023-12-10,Cairns,0.4965,246.9125
2023-12-11,Cairns,0.4691,244.8982
2023-12-11,Gold Coast,0.5407,309.3029
2023-12-11,Whitsunday,0.4977,386.9372
2023-12-11,Noosa,0.5182,376.4681
2023-12-12,Gold Coast,0.5424,307.3476
2023-12-12,Whitsunday,0.4727,374.9441
2023-12-12,Noosa,0.5307,374.6794
2023-12-12,Cairns,0.4421,242.4579
2023-12-13,Cairns,0.4857,239.3054
2023-12-13,Noosa,0.5364,368.2269
2023-12-13,Whitsunday,0.4983,377.2784
2023-12-13,Gold Coast,0.5398,305.5586
2023-12-14,Whitsunday,0.5099,373.893
2023-12-14,Noosa,0.5316,366.411
2023-12-14,Gold Coast,0.5468,307.3405
2023-12-14,Cairns,0.449,241.9387
2023-12-15,Whitsunday,0.5873,378.7332
2023-12-15,Gold Coast,0.5744,330.9931
2023-12-15,Noosa,0.5392,368.2269
2023-12-15,Cairns,0.4261,241.5391
2023-12-16,Cairns,0.4686,244.6511
2023-12-16,Noosa,0.5535,364.5409
2023-12-16,Gold Coast,0.5937,335.0948
2023-12-16,Whitsunday,0.6146,380.0663
2023-12-17,Cairns,0.4835,246.2111
2023-12-17,Noosa,0.4995,374.1358
2023-12-17,Gold Coast,0.5403,327.3297
2023-12-17,Whitsunday,0.5498,379.9005
2023-12-18,Cairns,0.4728,244.9606
2023-12-18,Noosa,0.4814,370.258
2023-12-18,Whitsunday,0.5473,380.9157
2023-12-18,Gold Coast,0.5217,329.4204
2023-12-19,Cairns,0.4539,246.5345
2023-12-19,Whitsunday,0.5369,384.4976
2023-12-19,Noosa,0.4986,371.6161
2023-12-19,Gold Coast,0.5277,325.423
2023-12-20,Gold Coast,0.5402,326.9816
2023-12-20,Whitsunday,0.5615,381.74
2023-12-20,Noosa,0.4986,371.3951
2023-12-20,Cairns,0.488,246.2484
2023-12-21,Noosa,0.497,374.314
2023-12-21,Whitsunday,0.5845,383.3925
2023-12-21,Cairns,0.4655,250.0229
2023-12-21,Gold Coast,0.541,337.3612
2023-12-22,Gold Coast,0.562,352.6678
2023-12-22,Whitsunday,0.6569,403.0729
2023-12-22,Noosa,0.5333,381.3492
2023-12-22,Cairns,0.5373,269.4937
2023-12-23,Gold Coast,0.6367,364.5421
2023-12-23,Noosa,0.6375,393.3374
2023-12-23,Whitsunday,0.7339,402.1991
2023-12-23,Cairns,0.6003,281.3579
2023-12-24,Whitsunday,0.7801,400.9785
2023-12-24,Cairns,0.671,287.5598
2023-12-24,Noosa,0.6853,393.0341
2023-12-24,Gold Coast,0.6933,362.5465
2023-12-25,Cairns,0.7091,285.6177
2023-12-25,Gold Coast,0.7368,363.7673
2023-12-25,Noosa,0.7202,394.8304
2023-12-25,Whitsunday,0.7919,400.0963
2023-12-26,Whitsunday,0.7895,398.1941
2023-12-26,Cairns,0.7085,285.6195
2023-12-26,Noosa,0.7294,395.2083
2023-12-26,Gold Coast,0.7401,362.4985
2023-12-27,Gold Coast,0.768,361.5214
2023-12-27,Cairns,0.6781,276.6963
2023-12-27,Whitsunday,0.7705,404.2922
2023-12-27,Noosa,0.7979,393.7347
2023-12-28,Cairns,0.6997,278.9088
2023-12-28,Noosa,0.8354,396.2658
2023-12-28,Whitsunday,0.809,395.6298
2023-12-28,Gold Coast,0.7862,365.3566
2023-12-29,Gold Coast,0.7801,373.0303
2023-12-29,Cairns,0.7119,281.463
2023-12-29,Noosa,0.8432,399.7374
2023-12-29,Whitsunday,0.8122,392.8659
2023-12-30,Whitsunday,0.8659,398.1117
2023-12-30,Cairns,0.734,286.7991
2023-12-30,Noosa,0.8587,403.6647
2023-12-30,Gold Coast,0.7778,370.2306
2023-12-31,Noosa,0.8494,404.8254
2023-12-31,Gold Coast,0.7931,368.083
2023-12-31,Whitsunday,0.8601,400.199
2023-12-31,Cairns,0.7638,294.9542
2024-01-01,Noosa,0.8168,404.6896
2024-01-01,Gold Coast,0.7529,365.8737
2024-01-01,Whitsunday,0.8521,403.6984
2024-01-01,Cairns,0.7554,293.6736
2024-01-02,Cairns,0.7098,288.3443
2024-01-02,Gold Coast,0.7298,369.9016
2024-01-02,Whitsunday,0.7959,398.8241
2024-01-02,Noosa,0.7986,399.8806
2024-01-03,Whitsunday,0.765,388.0634
2024-01-03,Cairns,0.6665,285.0074
2024-01-03,Gold Coast,0.7428,373.77
2024-01-03,Noosa,0.7833,401.5698
2024-01-04,Gold Coast,0.7548,372.346
2024-01-04,Noosa,0.7838,398.836
2024-01-04,Cairns,0.665,280.6221
2024-01-04,Whitsunday,0.7428,394.9973
2024-01-05,Whitsunday,0.778,397.3597
2024-01-05,Cairns,0.6346,277.7167
2024-01-05,Gold Coast,0.7475,372.9118
2024-01-05,Noosa,0.7795,396.699
2024-01-06,Noosa,0.7357,394.1097
2024-01-06,Whitsunday,0.7702,397.5709
2024-01-06,Gold Coast,0.7324,369.335
2024-01-06,Cairns,0.6145,274.3531
2024-01-07,Cairns,0.584,272.5735
2024-01-07,Whitsunday,0.707,390.7589
2024-01-07,Gold Coast,0.6915,361.8117
2024-01-07,Noosa,0.6927,394.9187
2024-01-08,Whitsunday,0.6818,398.3304
2024-01-08,Noosa,0.6924,392.3934
2024-01-08,Gold Coast,0.7025,357.5355
2024-01-08,Cairns,0.5777,270.0079
2024-01-09,Noosa,0.6925,396.1509
2024-01-09,Gold Coast,0.7146,356.9069
2024-01-09,Whitsunday,0.6881,401.1265
2024-01-09,Cairns,0.5712,269.4564
2024-01-10,Noosa,0.6821,399.363
2024-01-10,Cairns,0.5935,273.159
2024-01-10,Gold Coast,0.7139,358.3701
2024-01-10,Whitsunday,0.687,400.5325
2024-01-11,Cairns,0.597,271.2561
2024-01-11,Gold Coast,0.7198,359.6934
2024-01-11,Noosa,0.6731,399.6929
2024-01-11,Whitsunday,0.687,396.6182
2024-01-12,Whitsunday,0.6882,393.4231
2024-01-12,Noosa,0.66,399.064
2024-01-12,Cairns,0.548,270.446
2024-01-12,Gold Coast,0.7359,368.3084
2024-01-13,Cairns,0.5727,263.7936
2024-01-13,Whitsunday,0.6723,391.4013
2024-01-13,Gold Coast,0.735,369.0378
2024-01-13,Noosa,0.6526,399.6421
2024-01-14,Whitsunday,0.6086,386.9996
2024-01-14,Cairns,0.535,264.0701
2024-01-14,Noosa,0.5808,398.8625
2024-01-14,Gold Coast,0.6538,361.0253
2024-01-15,Noosa,0.5626,403.5377
2024-01-15,Gold Coast,0.6385,356.9949
2024-01-15,Whitsunday,0.5961,388.4309
2024-01-15,Cairns,0.5211,264.7804
2024-01-16,Noosa,0.5544,410.0486
2024-01-16,Cairns,0.5293,267.5715
2024-01-16,Gold Coast,0.6406,360.482
2024-01-16,Whitsunday,0.6044,393.968
2024-01-17,Whitsunday,0.6309,400.8828
2024-01-17,Gold Coast,0.6486,363.56
2024-01-17,Noosa,0.5564,410.3667
2024-01-17,Cairns,0.5529,266.5494
2024-01-18,Whitsunday,0.617,399.5792
2024-01-18,Gold Coast,0.6586,364.5294
2024-01-18,Cairns,0.538,265.6459
2024-01-18,Noosa,0.5623,409.1561
2024-01-19,Cairns,0.5601,266.9653
2024-01-19,Whitsunday,0.638,401.4165
2024-01-19,Noosa,0.5929,409.0023
2024-01-19,Gold Coast,0.7112,374.7255
2024-01-20,Gold Coast,0.7109,374.1338
2024-01-20,Noosa,0.5781,406.1398
2024-01-20,Cairns,0.5464,263.7435
2024-01-20,Whitsunday,0.6353,403.62
2024-01-21,Noosa,0.5006,401.9115
2024-01-21,Whitsunday,0.555,400.951
2024-01-21,Gold Coast,0.6189,352.5319
2024-01-21,Cairns,0.5271,259.7933
2024-01-22,Whitsunday,0.547,400.1939
2024-01-22,Noosa,0.4935,396.2558
2024-01-22,Gold Coast,0.5899,347.3045
2024-01-22,Cairns,0.509,254.8711
2024-01-23,Cairns,0.5141,254.443
2024-01-23,Noosa,0.4866,390.5842
2024-01-23,Gold Coast,0.5797,346.3704
2024-01-23,Whitsunday,0.5629,403.7989
2024-01-24,Gold Coast,0.589,347.8374
2024-01-24,Cairns,0.5142,260.2662
2024-01-24,Noosa,0.5052,393.2859
2024-01-24,Whitsunday,0.5113,396.862
2024-01-25,Gold Coast,0.6429,352.9927
2024-01-25,Whitsunday,0.5407,394.44
2024-01-25,Noosa,0.611,392.7017
2024-01-25,Cairns,0.5269,264.068
2024-01-26,Gold Coast,0.6951,370.9917
2024-01-26,Cairns,0.5366,263.5363
2024-01-26,Whitsunday,0.4866,388.5446
2024-01-26,Noosa,0.6781,390.0993
2024-01-27,Noosa,0.6565,386.6564
2024-01-27,Whitsunday,0.4771,381.809
2024-01-27,Cairns,0.5322,259.6013
2024-01-27,Gold Coast,0.6658,368.0605
2024-01-28,Noosa,0.4903,377.9417
2024-01-28,Gold Coast,0.5498,328.0022
2024-01-28,Whitsunday,0.4148,375.3566
2024-01-28,Cairns,0.4876,255.3648
2024-01-29,Gold Coast,0.5037,314.0731
2024-01-29,Cairns,0.4546,244.0335
2024-01-29,Whitsunday,0.4104,378.0862
2024-01-29,Noosa,0.4106,367.662
2024-01-30,Noosa,0.4025,360.5703
2024-01-30,Cairns,0.4532,244.7338
2024-01-30,Whitsunday,0.4172,368.7896
2024-01-30,Gold Coast,0.4912,306.8083
2024-01-31,Whitsunday,0.4158,381.8642
2024-01-31,Cairns,0.4484,240.1909
2024-01-31,Noosa,0.4135,361.7703
2024-01-31,Gold Coast,0.4844,308.0142
2024-02-01,Gold Coast,0.523,301.3572
2024-02-01,Noosa,0.4728,355.4357
2024-02-01,Whitsunday,0.5082,392.5449
2024-02-01,Cairns,0.4543,235.362
2024-02-02,Gold Coast,0.581,333.334
2024-02-02,Noosa,0.5285,366.0304
2024-02-02,Whitsunday,0.5635,381.7266
2024-02-02,Cairns,0.4682,240.1828
2024-02-03,Noosa,0.5851,367.0614
2024-02-03,Whitsunday,0.6142,387.9045
2024-02-03,Gold Coast,0.6098,334.7586
2024-02-03,Cairns,0.534,244.9224
2024-02-04,Cairns,0.4846,237.4149
2024-02-04,Whitsunday,0.5188,378.3772
2024-02-04,Gold Coast,0.5522,302.8836
2024-02-04,Noosa,0.4892,362.9879
2024-02-05,Cairns,0.478,234.6742
2024-02-05,Noosa,0.4727,366.4514
2024-02-05,Gold Coast,0.5273,294.9552
2024-02-05,Whitsunday,0.4931,389.592
2024-02-06,Noosa,0.4513,361.2781
2024-02-06,Whitsunday,0.4767,388.5334
2024-02-06,Cairns,0.4698,234.1886
2024-02-06,Gold Coast,0.5211,291.9295
2024-02-07,Noosa,0.4509,361.6035
2024-02-07,Whitsunday,0.4973,388.7042
2024-02-07,Cairns,0.4585,237.2268
2024-02-07,Gold Coast,0.515,292.8654
2024-02-08,Gold Coast,0.5265,297.3926
2024-02-08,Cairns,0.4662,241.9584
2024-02-08,Noosa,0.4668,366.9788
2024-02-08,Whitsunday,0.4978,392.1986
2024-02-09,Cairns,0.4754,244.2775
2024-02-09,Noosa,0.5305,369.0682
2024-02-09,Whitsunday,0.5074,391.5091
2024-02-09,Gold Coast,0.5693,329.9838
2024-02-10,Gold Coast,0.5903,332.8316
2024-02-10,Noosa,0.5413,366.7134
2024-02-10,Whitsunday,0.5343,392.2431
2024-02-10,Cairns,0.4774,245.3406
2024-02-11,Noosa,0.468,360.1592
2024-02-11,Cairns,0.4564,244.4809
2024-02-11,Gold Coast,0.5225,301.2856
2024-02-11,Whitsunday,0.469,395.3188
2024-02-12,Noosa,0.4329,361.3622
2024-02-12,Cairns,0.4408,239.3538
2024-02-12,Gold Coast,0.5011,297.6054
2024-02-12,Whitsunday,0.4467,405.5946
2024-02-13,Cairns,0.4448,243.8074
2024-02-13,Gold Coast,0.4976,297.1561
2024-02-13,Noosa,0.4121,366.3006
2024-02-13,Whitsunday,0.4401,399.4255
2024-02-14,Cairns,0.4377,238.9096
2024-02-14,Whitsunday,0.4786,398.028
2024-02-14,Gold Coast,0.4957,294.3731
2024-02-14,Noosa,0.4251,357.2806
2024-02-15,Gold Coast,0.5038,299.0362
2024-02-15,Noosa,0.4407,360.0451
2024-02-15,Whitsunday,0.5109,402.6292
2024-02-15,Cairns,0.4462,239.9963
2024-02-16,Whitsunday,0.5141,384.6988
2024-02-16,Noosa,0.5039,370.1702
2024-02-16,Cairns,0.454,249.5034
2024-02-16,Gold Coast,0.547,332.9168
2024-02-17,Cairns,0.455,250.2205
2024-02-17,Gold Coast,0.5743,336.2907
2024-02-17,Whitsunday,0.5331,390.1352
2024-02-17,Noosa,0.5319,366.754
2024-02-18,Noosa,0.4502,355.6783
2024-02-18,Whitsunday,0.4634,382.3539
2024-02-18,Cairns,0.422,245.6857
2024-02-18,Gold Coast,0.5179,305.1009
2024-02-19,Whitsunday,0.4349,382.1949
2024-02-19,Gold Coast,0.5054,310.3155
2024-02-19,Cairns,0.4017,240.5332
2024-02-19,Noosa,0.4009,355.4167
2024-02-20,Whitsunday,0.3896,387.1082
2024-02-20,Gold Coast,0.5132,309.468
2024-02-20,Noosa,0.3804,353.849
2024-02-20,Cairns,0.4012,237.7971
2024-02-21,Noosa,0.3946,352.3238
2024-02-21,Whitsunday,0.4144,390.0871
2024-02-21,Cairns,0.3924,242.0554
2024-02-21,Gold Coast,0.4811,297.2471
2024-02-22,Whitsunday,0.4341,400.0394
2024-02-22,Noosa,0.4264,351.308
2024-02-22,Gold Coast,0.4839,296.0539
2024-02-22,Cairns,0.3951,240.1538
2024-02-23,Whitsunday,0.5169,401.7088
2024-02-23,Noosa,0.4991,363.9215
2024-02-23,Cairns,0.4378,244.6176
2024-02-23,Gold Coast,0.5444,326.6279
2024-02-24,Gold Coast,0.631,330.2265
2024-02-24,Noosa,0.5756,365.1873
2024-02-24,Cairns,0.4907,244.2721
2024-02-24,Whitsunday,0.5575,392.47
2024-02-25,Gold Coast,0.5668,299.7282
2024-02-25,Noosa,0.5058,355.7771
2024-02-25,Whitsunday,0.5106,392.5437
2024-02-25,Cairns,0.501,238.1731
2024-02-26,Noosa,0.4611,352.6873
2024-02-26,Cairns,0.4828,239.7328
2024-02-26,Whitsunday,0.4692,386.2195
2024-02-26,Gold Coast,0.5298,289.1731
2024-02-27,Noosa,0.4454,359.151
2024-02-27,Whitsunday,0.4511,379.4278
2024-02-27,Gold Coast,0.5163,286.1008
2024-02-27,Cairns,0.4702,238.9478
2024-02-28,Whitsunday,0.4356,378.0957
2024-02-28,Gold Coast,0.5148,292.497
2024-02-28,Cairns,0.5012,246.2345
2024-02-28,Noosa,0.4444,359.2037
2024-02-29,Noosa,0.4773,364.0673
2024-02-29,Gold Coast,0.5327,297.9662
2024-02-29,Cairns,0.5093,246.0042
2024-02-29,Whitsunday,0.4683,383.5144
2024-03-01,Noosa,0.556,374.2208
2024-03-01,Cairns,0.5025,244.1472
2024-03-01,Whitsunday,0.5334,383.7856
2024-03-01,Gold Coast,0.5958,329.0173
2024-03-02,Cairns,0.5081,243.1255
2024-03-02,Noosa,0.6009,371.5645
2024-03-02,Gold Coast,0.6351,331.5735
2024-03-02,Whitsunday,0.565,389.1828
2024-03-03,Cairns,0.4925,247.2315
2024-03-03,Whitsunday,0.5062,386.9505
2024-03-03,Gold Coast,0.5478,298.794
2024-03-03,Noosa,0.5148,357.8992
2024-03-04,Noosa,0.474,364.1011
2024-03-04,Gold Coast,0.5263,289.8525
2024-03-04,Whitsunday,0.5109,392.1658
2024-03-04,Cairns,0.4916,247.1271
2024-03-05,Whitsunday,0.4751,384.8516
2024-03-05,Gold Coast,0.5235,291.1203
2024-03-05,Noosa,0.4699,356.4839
2024-03-05,Cairns,0.4841,243.7135
2024-03-06,Noosa,0.4832,349.1324
2024-03-06,Gold Coast,0.5328,287.2844
2024-03-06,Whitsunday,0.4614,388.6985
2024-03-06,Cairns,0.5042,241.1815
2024-03-07,Gold Coast,0.5604,291.298
2024-03-07,Cairns,0.5262,243.3492
2024-03-07,Noosa,0.5275,354.0571
2024-03-07,Whitsunday,0.477,397.787
2024-03-08,Cairns,0.5236,247.9407
2024-03-08,Gold Coast,0.6587,331.0792
2024-03-08,Noosa,0.6119,367.8978
2024-03-08,Whitsunday,0.5508,393.3899
2024-03-09,Gold Coast,0.7228,335.8879
2024-03-09,Whitsunday,0.5613,395.8228
2024-03-09,Cairns,0.5476,246.8085
2024-03-09,Noosa,0.6479,366.6835
2024-03-10,Cairns,0.5533,251.6596
2024-03-10,Whitsunday,0.5062,391.7255
2024-03-10,Noosa,0.5654,352.8077
2024-03-10,Gold Coast,0.5935,299.3688
2024-03-11,Whitsunday,0.47,387.6347
2024-03-11,Cairns,0.5046,247.0178
2024-03-11,Noosa,0.5163,351.9412
2024-03-11,Gold Coast,0.5393,290.2945
2024-03-12,Gold Coast,0.5328,290.6938
2024-03-12,Whitsunday,0.4912,381.0454
2024-03-12,Noosa,0.4942,347.1905
2024-03-12,Cairns,0.4963,243.5549
2024-03-13,Cairns,0.5068,243.6336
2024-03-13,Noosa,0.5006,341.9072
2024-03-13,Gold Coast,0.5419,290.1125
2024-03-13,Whitsunday,0.4794,364.5688
2024-03-14,Whitsunday,0.5375,385.0792
2024-03-14,Cairns,0.5287,247.8669
2024-03-14,Gold Coast,0.5839,296.0548
2024-03-14,Noosa,0.5476,353.5047
2024-03-15,Whitsunday,0.5935,382.9691
2024-03-15,Gold Coast,0.6586,333.6773
2024-03-15,Cairns,0.5306,250.808
2024-03-15,Noosa,0.6054,366.4821
2024-03-16,Whitsunday,0.612,387.6173
2024-03-16,Gold Coast,0.6777,335.2968
2024-03-16,Noosa,0.6469,371.9263
2024-03-16,Cairns,0.5429,254.1284
2024-03-17,Gold Coast,0.5609,299.878
2024-03-17,Cairns,0.5243,253.6041
2024-03-17,Whitsunday,0.5221,381.633
2024-03-17,Noosa,0.5389,357.0984
2024-03-18,Cairns,0.511,246.7387
2024-03-18,Gold Coast,0.5307,289.8554
2024-03-18,Whitsunday,0.4799,377.4799
2024-03-18,Noosa,0.4881,353.6615
2024-03-19,Noosa,0.472,350.0988
2024-03-19,Cairns,0.5172,247.2976
2024-03-19,Gold Coast,0.5238,286.1658
2024-03-19,Whitsunday,0.4668,379.6548
2024-03-20,Gold Coast,0.5155,305.5179
2024-03-20,Cairns,0.5059,246.9271
2024-03-20,Noosa,0.4737,348.4406
2024-03-20,Whitsunday,0.4811,365.6109
2024-03-21,Noosa,0.5204,351.5491
2024-03-21,Cairns,0.5055,244.8732
2024-03-21,Gold Coast,0.5634,311.5449
2024-03-21,Whitsunday,0.5192,383.0586
2024-03-22,Whitsunday,0.5818,388.6138
2024-03-22,Cairns,0.5537,251.7843
2024-03-22,Gold Coast,0.7009,347.5813
2024-03-22,Noosa,0.6298,372.2768
2024-03-23,Gold Coast,0.732,349.9914
2024-03-23,Cairns,0.5481,255.1079
2024-03-23,Noosa,0.6285,370.6256
2024-03-23,Whitsunday,0.5925,382.9518
2024-03-24,Cairns,0.5282,255.6982
2024-03-24,Gold Coast,0.5795,308.7597
2024-03-24,Noosa,0.5258,361.3029
2024-03-24,Whitsunday,0.5246,378.0492
2024-03-25,Whitsunday,0.515,370.6299
2024-03-25,Gold Coast,0.5122,294.9709
2024-03-25,Cairns,0.5116,252.5005
2024-03-25,Noosa,0.4834,361.314
2024-03-26,Noosa,0.4493,361.7413
2024-03-26,Whitsunday,0.4931,372.795
2024-03-26,Cairns,0.4976,256.039
2024-03-26,Gold Coast,0.5024,294.6046
2024-03-27,Gold Coast,0.5015,299.5551
2024-03-27,Cairns,0.5155,258.7407
2024-03-27,Noosa,0.4686,362.7557
2024-03-27,Whitsunday,0.5106,375.3949
2024-03-28,Gold Coast,0.5612,319.4583
2024-03-28,Cairns,0.5427,269.5108
2024-03-28,Noosa,0.5957,375.6013
2024-03-28,Whitsunday,0.5932,396.9459
2024-03-29,Noosa,0.7331,408.6399
2024-03-29,Gold Coast,0.687,385.4222
2024-03-29,Whitsunday,0.7338,400.7481
2024-03-29,Cairns,0.638,293.0017
2024-03-30,Noosa,0.7869,420.294
2024-03-30,Whitsunday,0.7878,412.2092
2024-03-30,Gold Coast,0.7262,394.9363
2024-03-30,Cairns,0.671,294.0625
2024-03-31,Gold Coast,0.6756,381.7956
2024-03-31,Cairns,0.667,290.7452
2024-03-31,Noosa,0.7335,413.9736
2024-03-31,Whitsunday,0.7707,408.5891
2024-04-01,Whitsunday,0.6542,416.2697
2024-04-01,Cairns,0.6245,293.8957
2024-04-01,Gold Coast,0.5619,365.5381
2024-04-01,Noosa,0.6281,417.3009
2024-04-02,Whitsunday,0.6279,408.4159
2024-04-02,Gold Coast,0.5445,350.4552
2024-04-02,Noosa,0.5843,405.4025
2024-04-02,Cairns,0.6064,285.8094
2024-04-03,Noosa,0.581,397.4111
2024-04-03,Whitsunday,0.6351,397.713
2024-04-03,Cairns,0.6056,282.0877
2024-04-03,Gold Coast,0.5349,343.5821
2024-04-04,Whitsunday,0.6662,390.901
2024-04-04,Gold Coast,0.547,345.2782
2024-04-04,Cairns,0.6039,281.9578
2024-04-04,Noosa,0.5866,400.0681
2024-04-05,Cairns,0.6152,282.4513
2024-04-05,Whitsunday,0.6966,396.855
2024-04-05,Gold Coast,0.5876,365.0074
2024-04-05,Noosa,0.6121,404.1321
2024-04-06,Cairns,0.6447,284.4703
2024-04-06,Whitsunday,0.6938,399.1121
2024-04-06,Gold Coast,0.6186,364.981
2024-04-06,Noosa,0.6322,406.5419
2024-04-07,Whitsunday,0.6006,388.2672
2024-04-07,Noosa,0.5269,403.6746
2024-04-07,Cairns,0.5987,281.4044
2024-04-07,Gold Coast,0.5663,348.4634
2024-04-08,Cairns,0.5615,272.1214
2024-04-08,Whitsunday,0.5845,389.7017
2024-04-08,Gold Coast,0.5462,339.7993
2024-04-08,Noosa,0.5179,400.651
2024-04-09,Cairns,0.5847,274.7932
2024-04-09,Gold Coast,0.5492,335.6282
2024-04-09,Whitsunday,0.5576,389.5305
2024-04-09,Noosa,0.5327,405.2949
2024-04-10,Gold Coast,0.5614,339.8147
2024-04-10,Noosa,0.522,406.1218
2024-04-10,Whitsunday,0.5771,395.0116
2024-04-10,Cairns,0.5943,277.1269
2024-04-11,Whitsunday,0.5606,392.1232
2024-04-11,Cairns,0.5839,280.3638
2024-04-11,Noosa,0.5,404.7011
2024-04-11,Gold Coast,0.6041,341.6178
2024-04-12,Cairns,0.582,282.5997
2024-04-12,Noosa,0.5244,403.7083
2024-04-12,Gold Coast,0.6737,369.1814
2024-04-12,Whitsunday,0.5877,397.7977
2024-04-13,Whitsunday,0.5712,387.1683
2024-04-13,Noosa,0.5376,400.8639
2024-04-13,Cairns,0.5714,283.6882
2024-04-13,Gold Coast,0.6608,370.4836
2024-04-14,Whitsunday,0.5436,392.3814
2024-04-14,Gold Coast,0.5563,349.6512
2024-04-14,Cairns,0.554,278.4892
2024-04-14,Noosa,0.4725,397.518
2024-04-15,Gold Coast,0.5358,341.1708
2024-04-15,Whitsunday,0.5504,398.2134
2024-04-15,Cairns,0.5227,271.6776
2024-04-15,Noosa,0.4624,399.2942
2024-04-16,Gold Coast,0.5594,340.1948
2024-04-16,Noosa,0.4853,394.1857
2024-04-16,Whitsunday,0.5587,400.6183
2024-04-16,Cairns,0.5369,269.1509
2024-04-17,Whitsunday,0.5669,398.6992
2024-04-17,Gold Coast,0.579,338.6518
2024-04-17,Cairns,0.5574,266.4749
2024-04-17,Noosa,0.4926,386.2713
2024-04-18,Cairns,0.5669,269.717
2024-04-18,Whitsunday,0.5748,408.0146
2024-04-18,Noosa,0.5013,392.465
2024-04-18,Gold Coast,0.6101,342.3513
2024-04-19,Noosa,0.5647,395.762
2024-04-19,Whitsunday,0.6046,404.8394
2024-04-19,Cairns,0.5853,275.235
2024-04-19,Gold Coast,0.6556,370.1517
2024-04-20,Gold Coast,0.6719,371.6688
2024-04-20,Whitsunday,0.6192,400.5226
2024-04-20,Cairns,0.6033,277.2403
2024-04-20,Noosa,0.5821,391.8887
2024-04-21,Noosa,0.517,390.627
2024-04-21,Cairns,0.5882,271.8811
2024-04-21,Whitsunday,0.5756,414.7031
2024-04-21,Gold Coast,0.5911,348.3855
2024-04-22,Gold Coast,0.5529,337.2926
2024-04-22,Noosa,0.4897,395.8798
2024-04-22,Cairns,0.5635,266.8047
2024-04-22,Whitsunday,0.5447,417.0841
2024-04-23,Cairns,0.5627,263.2291
2024-04-23,Whitsunday,0.5477,410.0399
2024-04-23,Gold Coast,0.548,331.9757
2024-04-23,Noosa,0.4951,386.4026
2024-04-24,Whitsunday,0.5842,415.1393
2024-04-24,Gold Coast,0.5632,338.9113
2024-04-24,Noosa,0.5488,391.0934
2024-04-24,Cairns,0.5872,270.1334
2024-04-25,Gold Coast,0.6351,337.7129
2024-04-25,Whitsunday,0.6842,402.2736
2024-04-25,Cairns,0.6245,271.4065
2024-04-25,Noosa,0.6502,388.6056
2024-04-26,Cairns,0.6425,271.135
2024-04-26,Noosa,0.6955,391.3539
2024-04-26,Gold Coast,0.6832,352.4719
2024-04-26,Whitsunday,0.71,390.8661
2024-04-27,Noosa,0.641,385.8512
2024-04-27,Cairns,0.6362,269.7035
2024-04-27,Gold Coast,0.6733,351.5483
2024-04-27,Whitsunday,0.681,385.4707
2024-04-28,Gold Coast,0.529,312.3656
2024-04-28,Noosa,0.4702,371.4169
2024-04-28,Whitsunday,0.5293,374.5861
2024-04-28,Cairns,0.5651,266.5146
2024-04-29,Whitsunday,0.4779,367.9978
2024-04-29,Gold Coast,0.4748,292.416
2024-04-29,Cairns,0.5308,259.6041
2024-04-29,Noosa,0.4292,371.8643
2024-04-30,Noosa,0.4203,366.6034
2024-04-30,Cairns,0.5195,255.7537
2024-04-30,Whitsunday,0.4613,369.591
2024-04-30,Gold Coast,0.4574,290.1828
2024-05-01,Noosa,0.4542,360.5622
2024-05-01,Cairns,0.5336,257.7476
2024-05-01,Gold Coast,0.4772,288.371
2024-05-01,Whitsunday,0.477,385.6804
2024-05-02,Gold Coast,0.5158,291.593
2024-05-02,Whitsunday,0.5474,391.47
2024-05-02,Noosa,0.4865,363.0285
2024-05-02,Cairns,0.5675,255.7777
2024-05-03,Cairns,0.6094,264.3555
2024-05-03,Gold Coast,0.6468,329.8921
2024-05-03,Whitsunday,0.645,388.4991
2024-05-03,Noosa,0.6028,368.35
2024-05-04,Gold Coast,0.7218,334.2186
2024-05-04,Cairns,0.6419,266.5256
2024-05-04,Whitsunday,0.7006,383.8448
2024-05-04,Noosa,0.6831,367.5073
2024-05-05,Noosa,0.6366,355.1057
2024-05-05,Gold Coast,0.6291,303.2347
2024-05-05,Cairns,0.624,265.0248
2024-05-05,Whitsunday,0.6617,376.2056
2024-05-06,Whitsunday,0.5639,377.3683
2024-05-06,Noosa,0.5012,356.8807
2024-05-06,Cairns,0.5692,259.5181
2024-05-06,Gold Coast,0.5103,287.6631
2024-05-07,Gold Coast,0.6452,282.3813
2024-05-07,Cairns,0.7065,267.8653
2024-05-07,Whitsunday,0.6673,383.175
2024-05-07,Noosa,0.6356,351.3852
2024-05-08,Whitsunday,0.6475,383.2621
2024-05-08,Noosa,0.6342,354.4948
2024-05-08,Cairns,0.6956,265.3576
2024-05-08,Gold Coast,0.6509,284.842
2024-05-09,Gold Coast,0.5844,289.5672
2024-05-09,Noosa,0.6126,362.3756
2024-05-09,Cairns,0.6834,268.1411
2024-05-09,Whitsunday,0.6599,378.6562
2024-05-10,Noosa,0.6003,367.8125
2024-05-10,Cairns,0.6372,269.3818
2024-05-10,Whitsunday,0.6399,373.9665
2024-05-10,Gold Coast,0.5921,319.6727
2024-05-11,Whitsunday,0.6751,375.1014
2024-05-11,Noosa,0.6306,370.0567
2024-05-11,Gold Coast,0.6227,319.8322
2024-05-11,Cairns,0.6427,270.2292
2024-05-12,Noosa,0.5686,361.1814
2024-05-12,Gold Coast,0.5715,299.8236
2024-05-12,Cairns,0.6222,266.1847
2024-05-12,Whitsunday,0.6107,384.5099
2024-05-13,Cairns,0.6266,260.6658
2024-05-13,Whitsunday,0.6089,381.8241
2024-05-13,Noosa,0.5667,357.8952
2024-05-13,Gold Coast,0.5727,286.101
2024-05-14,Whitsunday,0.5991,380.317
2024-05-14,Gold Coast,0.5765,286.1663
2024-05-14,Noosa,0.5538,358.2808
2024-05-14,Cairns,0.6212,257.5909
2024-05-15,Noosa,0.5344,354.3386
2024-05-15,Whitsunday,0.5736,372.5215
2024-05-15,Gold Coast,0.5543,284.0871
2024-05-15,Cairns,0.6103,259.1047
2024-05-16,Noosa,0.4919,349.2536
2024-05-16,Whitsunday,0.5668,380.2509
2024-05-16,Cairns,0.5927,260.0853
2024-05-16,Gold Coast,0.5499,292.3833
2024-05-17,Noosa,0.5671,364.8084
2024-05-17,Gold Coast,0.6199,336.6521
2024-05-17,Cairns,0.5873,260.6805
2024-05-17,Whitsunday,0.6139,375.925
2024-05-18,Cairns,0.5816,256.8585
2024-05-18,Whitsunday,0.58,363.9416
2024-05-18,Noosa,0.5741,359.3405
2024-05-18,Gold Coast,0.6348,334.1
2024-05-19,Whitsunday,0.4625,373.1534
2024-05-19,Cairns,0.5502,255.6406
2024-05-19,Gold Coast,0.5284,308.1178
2024-05-19,Noosa,0.4524,354.1431
2024-05-20,Noosa,0.4388,353.6476
2024-05-20,Whitsunday,0.4517,368.9633
2024-05-20,Gold Coast,0.4873,291.0459
2024-05-20,Cairns,0.5652,259.2807
2024-05-21,Whitsunday,0.4882,364.9348
2024-05-21,Gold Coast,0.5186,285.6725
2024-05-21,Noosa,0.4886,353.4555
2024-05-21,Cairns,0.6168,258.0275
2024-05-22,Noosa,0.4898,355.9858
2024-05-22,Whitsunday,0.5148,355.9352
2024-05-22,Gold Coast,0.5229,287.3342
2024-05-22,Cairns,0.639,262.0242
2024-05-23,Gold Coast,0.5342,293.4311
2024-05-23,Whitsunday,0.527,359.2686
2024-05-23,Cairns,0.6679,264.0434
2024-05-23,Noosa,0.5404,354.4244
2024-05-24,Cairns,0.67,267.9279
2024-05-24,Whitsunday,0.5604,364.4385
2024-05-24,Gold Coast,0.5856,324.1967
2024-05-24,Noosa,0.7095,375.227
2024-05-25,Whitsunday,0.601,360.8
2024-05-25,Gold Coast,0.6409,327.6828
2024-05-25,Noosa,0.7253,377.0086
2024-05-25,Cairns,0.6974,270.2994
2024-05-26,Cairns,0.6251,265.6803
2024-05-26,Gold Coast,0.5476,300.7837
2024-05-26,Noosa,0.5559,362.7204
2024-05-26,Whitsunday,0.5267,361.3003
2024-05-27,Gold Coast,0.491,285.1252
2024-05-27,Cairns,0.5713,255.2936
2024-05-27,Noosa,0.4696,351.5342
2024-05-27,Whitsunday,0.4525,360.5737
2024-05-28,Cairns,0.5367,251.8717
2024-05-28,Whitsunday,0.432,367.6456
2024-05-28,Gold Coast,0.4663,279.8848
2024-05-28,Noosa,0.419,344.7819
2024-05-29,Noosa,0.4115,344.5138
2024-05-29,Whitsunday,0.4515,365.066
2024-05-29,Gold Coast,0.4658,280.9749
2024-05-29,Cairns,0.5496,254.5092
2024-05-30,Gold Coast,0.4847,282.8734
2024-05-30,Noosa,0.4414,354.1576
2024-05-30,Cairns,0.5662,253.2879
2024-05-30,Whitsunday,0.4616,361.8961
2024-05-31,Cairns,0.582,265.6946
2024-05-31,Gold Coast,0.5499,317.2476
2024-05-31,Noosa,0.5107,362.5098
2024-05-31,Whitsunday,0.5251,363.5848
2024-06-01,Whitsunday,0.5102,363.962
2024-06-01,Gold Coast,0.5877,318.7335
2024-06-01,Noosa,0.5519,357.1538
2024-06-01,Cairns,0.575,265.6051
2024-06-02,Whitsunday,0.469,356.7094
2024-06-02,Gold Coast,0.4981,295.3932
2024-06-02,Noosa,0.4759,349.478
2024-06-02,Cairns,0.5681,261.2593
2024-06-03,Noosa,0.4341,344.3379
2024-06-03,Whitsunday,0.4297,347.4605
2024-06-03,Cairns,0.5619,266.806
2024-06-03,Gold Coast,0.4578,283.002
2024-06-04,Gold Coast,0.4616,279.9807
2024-06-04,Whitsunday,0.4348,350.973
2024-06-04,Noosa,0.4227,345.4773
2024-06-04,Cairns,0.5609,266.798
2024-06-05,Gold Coast,0.483,281.1528
2024-06-05,Whitsunday,0.4563,353.7331
2024-06-05,Cairns,0.5837,270.4645
2024-06-05,Noosa,0.4451,347.0576
2024-06-06,Noosa,0.4708,345.0047
2024-06-06,Cairns,0.5957,270.0551
2024-06-06,Gold Coast,0.5364,285.8232
2024-06-06,Whitsunday,0.4891,366.1562
2024-06-07,Cairns,0.6258,289.0781
2024-06-07,Whitsunday,0.5712,378.6481
2024-06-07,Gold Coast,0.6194,330.0044
2024-06-07,Noosa,0.5234,360.1745
2024-06-08,Noosa,0.5735,361.9386
2024-06-08,Gold Coast,0.663,331.5978
2024-06-08,Cairns,0.6362,286.4995
2024-06-08,Whitsunday,0.6206,385.1163
2024-06-09,Cairns,0.6042,281.4861
2024-06-09,Whitsunday,0.5764,384.1089
2024-06-09,Noosa,0.5237,357.0898
2024-06-09,Gold Coast,0.5757,308.4864
2024-06-10,Gold Coast,0.5072,292.0328
2024-06-10,Cairns,0.5654,278.8645
2024-06-10,Whitsunday,0.5254,373.206
2024-06-10,Noosa,0.4799,353.203
2024-06-11,Noosa,0.4593,346.98
2024-06-11,Gold Coast,0.4913,285.4465
2024-06-11,Cairns,0.5652,282.4293
2024-06-11,Whitsunday,0.5062,372.4553
2024-06-12,Cairns,0.6023,279.7182
2024-06-12,Gold Coast,0.4991,283.4705
2024-06-12,Whitsunday,0.4917,359.0892
2024-06-12,Noosa,0.4601,351.944
2024-06-13,Noosa,0.4895,350.8232
2024-06-13,Whitsunday,0.5092,364.8311
2024-06-13,Cairns,0.6548,286.3322
2024-06-13,Gold Coast,0.5233,285.3374
2024-06-14,Cairns,0.716,302.3559
2024-06-14,Noosa,0.524,361.5127
2024-06-14,Whitsunday,0.5806,371.6562
2024-06-14,Gold Coast,0.5863,323.1101
2024-06-15,Whitsunday,0.6,373.9272
2024-06-15,Gold Coast,0.6189,323.1052
2024-06-15,Noosa,0.5889,369.377
2024-06-15,Cairns,0.7345,303.5791
2024-06-16,Noosa,0.5012,362.5852
2024-06-16,Gold Coast,0.5344,299.7886
2024-06-16,Whitsunday,0.5477,372.8217
2024-06-16,Cairns,0.7214,305.2955
2024-06-17,Noosa,0.4888,363.054
2024-06-17,Gold Coast,0.5011,289.646
2024-06-17,Whitsunday,0.5041,378.6764
2024-06-17,Cairns,0.6547,297.187
2024-06-18,Whitsunday,0.5062,369.6171
2024-06-18,Noosa,0.4663,355.2548
2024-06-18,Gold Coast,0.4988,283.8122
2024-06-18,Cairns,0.6106,286.4993
2024-06-19,Gold Coast,0.5122,284.1288
2024-06-19,Whitsunday,0.525,368.3305
2024-06-19,Noosa,0.4673,356.5811
2024-06-19,Cairns,0.6321,289.0599
2024-06-20,Whitsunday,0.5376,372.0023
2024-06-20,Noosa,0.4731,357.8166
2024-06-20,Cairns,0.6266,287.7301
2024-06-20,Gold Coast,0.5401,285.334
2024-06-21,Noosa,0.517,377.6342
2024-06-21,Whitsunday,0.6021,382.6005
2024-06-21,Gold Coast,0.5943,337.4122
2024-06-21,Cairns,0.6552,294.2456
2024-06-22,Gold Coast,0.6177,336.3107
2024-06-22,Whitsunday,0.626,386.9903
2024-06-22,Noosa,0.539,376.6862
2024-06-22,Cairns,0.6952,300.3504
2024-06-23,Noosa,0.5058,378.3217
2024-06-23,Cairns,0.6788,301.7812
2024-06-23,Gold Coast,0.5491,320.9897
2024-06-23,Whitsunday,0.574,391.1439
2024-06-24,Whitsunday,0.5482,394.4521
2024-06-24,Noosa,0.5037,377.7817
2024-06-24,Cairns,0.6743,299.2134
2024-06-24,Gold Coast,0.5059,313.7807
2024-06-25,Noosa,0.5071,380.4143
2024-06-25,Gold Coast,0.5108,313.8399
2024-06-25,Cairns,0.6896,300.621
2024-06-25,Whitsunday,0.5405,394.3373
2024-06-26,Gold Coast,0.5185,315.6342
2024-06-26,Noosa,0.5084,379.1825
2024-06-26,Cairns,0.7127,303.9198
2024-06-26,Whitsunday,0.5326,385.9837
2024-06-27,Cairns,0.7241,301.2325
2024-06-27,Whitsunday,0.5791,381.9473
2024-06-27,Noosa,0.5331,379.9226
2024-06-27,Gold Coast,0.5447,318.9244
2024-06-28,Gold Coast,0.6005,346.2186
2024-06-28,Whitsunday,0.6366,378.9144
2024-06-28,Cairns,0.7292,305.4485
2024-06-28,Noosa,0.5849,388.9418
2024-06-29,Gold Coast,0.6381,349.7532
2024-06-29,Noosa,0.6147,391.1545
2024-06-29,Whitsunday,0.6666,373.8628
2024-06-29,Cairns,0.7379,305.7486
2024-06-30,Whitsunday,0.6412,391.937
2024-06-30,Cairns,0.7257,309.2905
2024-06-30,Noosa,0.5717,396.1865
2024-06-30,Gold Coast,0.5492,333.7797
2024-07-01,Noosa,0.5774,400.5119
2024-07-01,Cairns,0.7153,313.8286
2024-07-01,Whitsunday,0.6287,401.4746
2024-07-01,Gold Coast,0.5325,332.7245
2024-07-02,Gold Coast,0.541,332.5973
2024-07-02,Noosa,0.5719,397.8091
2024-07-02,Cairns,0.723,311.6223
2024-07-02,Whitsunday,0.6269,399.9533
2024-07-03,Noosa,0.5964,394.3296
2024-07-03,Gold Coast,0.566,333.0415
2024-07-03,Whitsunday,0.6418,396.7699
2024-07-03,Cairns,0.7446,312.4237
2024-07-04,Cairns,0.7556,309.3721
2024-07-04,Whitsunday,0.6807,395.281
2024-07-04,Noosa,0.6179,392.5924
2024-07-04,Gold Coast,0.614,340.2887
2024-07-05,Gold Coast,0.7331,391.8125
2024-07-05,Whitsunday,0.6891,394.7866
2024-07-05,Cairns,0.7567,314.5027
2024-07-05,Noosa,0.6369,401.8875
2024-07-06,Whitsunday,0.7002,393.6076
2024-07-06,Gold Coast,0.7745,396.1158
2024-07-06,Cairns,0.7611,311.679
2024-07-06,Noosa,0.654,400.544
2024-07-07,Whitsunday,0.6415,401.7812
2024-07-07,Noosa,0.5759,399.1503
2024-07-07,Gold Coast,0.6839,380.702
2024-07-07,Cairns,0.7298,310.8331
2024-07-08,Whitsunday,0.6441,407.2441
2024-07-08,Cairns,0.7434,311.7421
2024-07-08,Noosa,0.5769,393.2405
2024-07-08,Gold Coast,0.6138,352.9092
2024-07-09,Whitsunday,0.6319,405.8777
2024-07-09,Noosa,0.5907,391.1673
2024-07-09,Gold Coast,0.6064,341.0723
2024-07-09,Cairns,0.7436,310.3338
2024-07-10,Cairns,0.7664,310.6273
2024-07-10,Noosa,0.609,386.3344
2024-07-10,Gold Coast,0.6206,338.6032
2024-07-10,Whitsunday,0.6714,410.8592
2024-07-11,Gold Coast,0.642,335.8285
2024-07-11,Whitsunday,0.7105,401.9849
2024-07-11,Noosa,0.6171,390.2624
2024-07-11,Cairns,0.7723,310.2056
2024-07-12,Gold Coast,0.685,351.6896
2024-07-12,Whitsunday,0.7392,396.3978
2024-07-12,Cairns,0.793,310.93
2024-07-12,Noosa,0.6754,393.9117
2024-07-13,Cairns,0.8145,314.1281
2024-07-13,Whitsunday,0.7035,396.83
2024-07-13,Gold Coast,0.7145,351.5988
2024-07-13,Noosa,0.7005,389.4878
2024-07-14,Noosa,0.6279,389.575
2024-07-14,Cairns,0.7914,312.8297
2024-07-14,Gold Coast,0.6433,331.6798
2024-07-14,Whitsunday,0.6451,401.7415
2024-07-15,Gold Coast,0.6122,319.4825
2024-07-15,Noosa,0.6032,387.485
2024-07-15,Whitsunday,0.628,398.267
2024-07-15,Cairns,0.7774,308.1131
2024-07-16,Cairns,0.7746,307.8138
2024-07-16,Noosa,0.604,378.9513
2024-07-16,Gold Coast,0.6003,316.8652
2024-07-16,Whitsunday,0.6311,391.252
2024-07-17,Whitsunday,0.6627,395.0477
2024-07-17,Cairns,0.7674,307.0894
2024-07-17,Gold Coast,0.5943,311.8351
2024-07-17,Noosa,0.6379,378.7362
2024-07-18,Cairns,0.7695,307.3842
2024-07-18,Noosa,0.6739,382.8588
2024-07-18,Gold Coast,0.6126,312.5842
2024-07-18,Whitsunday,0.6936,398.6583
2024-07-19,Gold Coast,0.6586,332.3925
2024-07-19,Cairns,0.7795,310.2092
2024-07-19,Whitsunday,0.7108,385.0602
2024-07-19,Noosa,0.6832,381.5131
2024-07-20,Noosa,0.6647,373.2157
2024-07-20,Gold Coast,0.6577,329.3285
2024-07-20,Cairns,0.7682,309.8693
2024-07-20,Whitsunday,0.7215,373.1156
2024-07-21,Noosa,0.5831,370.3563
2024-07-21,Whitsunday,0.6374,371.0134
2024-07-21,Gold Coast,0.5673,306.2073
2024-07-21,Cairns,0.7438,309.1221
2024-07-22,Noosa,0.5609,357.0458
2024-07-22,Whitsunday,0.6318,369.3628
2024-07-22,Gold Coast,0.535,288.1134
2024-07-22,Cairns,0.7151,309.3192
2024-07-23,Noosa,0.5801,359.1962
2024-07-23,Cairns,0.7129,305.1309
2024-07-23,Gold Coast,0.5361,286.0594
2024-07-23,Whitsunday,0.632,373.4009
2024-07-24,Cairns,0.7233,304.2915
2024-07-24,Noosa,0.5645,355.5192
2024-07-24,Gold Coast,0.5549,285.4268
2024-07-24,Whitsunday,0.6634,378.2789
2024-07-25,Cairns,0.7554,304.0546
2024-07-25,Gold Coast,0.5944,289.8737
2024-07-25,Whitsunday,0.6726,378.6417
2024-07-25,Noosa,0.6061,356.1053
2024-07-26,Gold Coast,0.6779,325.6732
2024-07-26,Whitsunday,0.7162,370.8333
2024-07-26,Cairns,0.7883,308.2965
2024-07-26,Noosa,0.6731,363.0715
2024-07-27,Whitsunday,0.7258,376.6949
2024-07-27,Cairns,0.7779,308.6613
2024-07-27,Noosa,0.6881,360.5882
2024-07-27,Gold Coast,0.705,326.0137
2024-07-28,Noosa,0.6039,355.8974
2024-07-28,Whitsunday,0.6226,376.5871
2024-07-28,Gold Coast,0.5981,298.4045
2024-07-28,Cairns,0.7289,302.9524
2024-07-29,Whitsunday,0.5894,382.7869
2024-07-29,Noosa,0.5672,350.5546
2024-07-29,Gold Coast,0.5636,282.8426
2024-07-29,Cairns,0.6959,295.4294
2024-07-30,Noosa,0.5547,349.478
2024-07-30,Whitsunday,0.5511,379.8699
2024-07-30,Cairns,0.6759,296.7079
2024-07-30,Gold Coast,0.5532,280.3446
2024-07-31,Gold Coast,0.5562,278.0206
2024-07-31,Whitsunday,0.5458,376.6934
2024-07-31,Noosa,0.5531,347.9609
2024-07-31,Cairns,0.6756,299.9469
2024-08-01,Noosa,0.5937,345.494
2024-08-01,Cairns,0.6955,301.4541
2024-08-01,Gold Coast,0.5787,283.7576
2024-08-01,Whitsunday,0.5793,382.804
2024-08-02,Noosa,0.651,359.28
2024-08-02,Gold Coast,0.6573,322.2469
2024-08-02,Whitsunday,0.6642,391.935
2024-08-02,Cairns,0.7337,305.3289
2024-08-03,Whitsunday,0.6841,388.8227
2024-08-03,Noosa,0.6735,358.0181
2024-08-03,Gold Coast,0.6777,320.7381
2024-08-03,Cairns,0.7484,307.0324
2024-08-04,Cairns,0.7177,302.2445
2024-08-04,Gold Coast,0.579,293.4827
2024-08-04,Noosa,0.5925,356.044
2024-08-04,Whitsunday,0.6206,389.8016
2024-08-05,Whitsunday,0.598,378.8475
2024-08-05,Cairns,0.7109,298.7706
2024-08-05,Gold Coast,0.5444,283.0234
2024-08-05,Noosa,0.5573,354.5274
2024-08-06,Noosa,0.5584,346.5209
2024-08-06,Whitsunday,0.5929,383.5353
2024-08-06,Gold Coast,0.5462,281.6362
2024-08-06,Cairns,0.7066,294.7501
2024-08-07,Noosa,0.5571,344.5285
2024-08-07,Whitsunday,0.6174,378.9455
2024-08-07,Gold Coast,0.5525,283.0497
2024-08-07,Cairns,0.7257,297.9063
2024-08-08,Cairns,0.7312,297.9089
2024-08-08,Noosa,0.5911,346.1734
2024-08-08,Gold Coast,0.5956,286.2059
2024-08-08,Whitsunday,0.6612,383.151
2024-08-09,Cairns,0.7502,301.9876
2024-08-09,Noosa,0.6822,366.0277
2024-08-09,Gold Coast,0.6612,323.2216
2024-08-09,Whitsunday,0.7284,389.4972
2024-08-10,Gold Coast,0.6926,324.4042
2024-08-10,Noosa,0.7301,363.5952
2024-08-10,Whitsunday,0.7557,386.4752
2024-08-10,Cairns,0.7504,305.8575
2024-08-11,Whitsunday,0.7121,388.6419
2024-08-11,Gold Coast,0.5898,301.2925
2024-08-11,Noosa,0.6433,351.9067
2024-08-11,Cairns,0.7363,301.7991
2024-08-12,Whitsunday,0.6473,394.8678
2024-08-12,Noosa,0.6166,349.5866
2024-08-12,Cairns,0.7313,299.806
2024-08-12,Gold Coast,0.5499,290.3156
2024-08-13,Cairns,0.7446,296.8633
2024-08-13,Whitsunday,0.6351,392.3851
2024-08-13,Noosa,0.6002,345.6765
2024-08-13,Gold Coast,0.5517,288.1452
2024-08-14,Whitsunday,0.6383,389.4958
2024-08-14,Cairns,0.7548,296.199
2024-08-14,Noosa,0.6253,347.4847
2024-08-14,Gold Coast,0.566,290.3653
2024-08-15,Noosa,0.6378,351.7588
2024-08-15,Cairns,0.7649,295.2631
2024-08-15,Whitsunday,0.645,380.1438
2024-08-15,Gold Coast,0.6004,298.585
2024-08-16,Cairns,0.7841,305.2804
2024-08-16,Noosa,0.704,363.7553
2024-08-16,Gold Coast,0.7102,364.5845
2024-08-16,Whitsunday,0.7388,384.7778
2024-08-17,Whitsunday,0.778,379.2602
2024-08-17,Cairns,0.7683,307.536
2024-08-17,Gold Coast,0.7328,366.7503
2024-08-17,Noosa,0.7383,367.2357
2024-08-18,Gold Coast,0.611,337.0173
2024-08-18,Noosa,0.6218,359.084
2024-08-18,Cairns,0.7445,303.3526
2024-08-18,Whitsunday,0.6857,388.3654
2024-08-19,Noosa,0.5875,350.1774
2024-08-19,Whitsunday,0.6597,390.0071
2024-08-19,Gold Coast,0.5517,301.6353
2024-08-19,Cairns,0.7197,299.6758
2024-08-20,Whitsunday,0.6273,395.0408
2024-08-20,Cairns,0.7027,292.7396
2024-08-20,Gold Coast,0.5512,292.0207
2024-08-20,Noosa,0.5776,345.3714
2024-08-21,Noosa,0.6108,348.6238
2024-08-21,Gold Coast,0.5808,291.5887
2024-08-21,Cairns,0.7123,294.1686
2024-08-21,Whitsunday,0.6826,386.7782
2024-08-22,Noosa,0.6233,348.5164
2024-08-22,Cairns,0.7187,292.3876
2024-08-22,Whitsunday,0.6923,389.9398
2024-08-22,Gold Coast,0.6035,293.7945
2024-08-23,Cairns,0.7389,292.5274
2024-08-23,Noosa,0.6776,365.7338
2024-08-23,Whitsunday,0.7486,383.5502
2024-08-23,Gold Coast,0.6626,326.0687
2024-08-24,Whitsunday,0.735,381.8303
2024-08-24,Gold Coast,0.6902,326.3663
2024-08-24,Cairns,0.745,295.2769
2024-08-24,Noosa,0.6835,364.1307
2024-08-25,Cairns,0.6934,294.9103
2024-08-25,Gold Coast,0.5994,302.3741
2024-08-25,Noosa,0.6177,358.7967
2024-08-25,Whitsunday,0.589,353.308
2024-08-26,Cairns,0.6565,288.2841
2024-08-26,Noosa,0.5678,354.1551
2024-08-26,Whitsunday,0.5234,364.1741
2024-08-26,Gold Coast,0.5546,285.5256
2024-08-27,Noosa,0.5525,354.0285
2024-08-27,Gold Coast,0.5575,282.2661
2024-08-27,Cairns,0.6426,285.2883
2024-08-27,Whitsunday,0.5099,368.4123
2024-08-28,Noosa,0.5561,351.9899
2024-08-28,Cairns,0.6455,285.397
2024-08-28,Gold Coast,0.565,283.2459
2024-08-28,Whitsunday,0.5398,374.2376
2024-08-29,Whitsunday,0.5956,376.7826
2024-08-29,Noosa,0.5938,350.76
2024-08-29,Cairns,0.6636,288.8554
2024-08-29,Gold Coast,0.5973,286.6873
2024-08-30,Gold Coast,0.663,322.5828
2024-08-30,Cairns,0.6675,289.0835
2024-08-30,Noosa,0.6832,366.8853
2024-08-30,Whitsunday,0.6631,377.4696
2024-08-31,Whitsunday,0.6903,394.2782
2024-08-31,Cairns,0.6658,291.0571
2024-08-31,Noosa,0.6913,365.7773
2024-08-31,Gold Coast,0.6791,322.1542