date,lga_name,average_length_of_stay,average_booking_window
2023-01-01,Gold Coast,8.0718,75.3816
2023-01-01,Whitsunday,5.1407,102.9851
2023-01-01,Noosa,6.2792,91.072
2023-01-01,Cairns,10.6884,81.6115
2023-01-02,Cairns,5.5602,71.4367
2023-01-02,Noosa,5.4782,93.7237
2023-01-02,Whitsunday,4.0717,102.3384
2023-01-02,Gold Coast,5.2213,68.0838
2023-01-03,Cairns,5.3333,74.44
2023-01-03,Gold Coast,4.952,68.264
2023-01-03,Noosa,6.9093,89.8705
2023-01-03,Whitsunday,7.0931,92.0248
2023-01-04,Gold Coast,4.8342,66.9005
2023-01-04,Whitsunday,5.0068,86.6068
2023-01-04,Noosa,9.5333,89.6842
2023-01-04,Cairns,4.9628,59.8801
2023-01-05,Cairns,6.261,65.9397
2023-01-05,Whitsunday,5.9565,89.3726
2023-01-05,Gold Coast,4.8191,55.8459
2023-01-05,Noosa,4.1992,79.8844
2023-01-06,Noosa,5.6237,67.6067
2023-01-06,Gold Coast,4.9936,61.3881
2023-01-06,Whitsunday,4.4109,73.6301
2023-01-06,Cairns,5.645,49.3931
2023-01-07,Noosa,6.6092,78.1292
2023-01-07,Cairns,9.632,73.844
2023-01-07,Gold Coast,4.9167,59.4815
2023-01-07,Whitsunday,4.2153,81.2076
2023-01-08,Noosa,6.1242,71.8
2023-01-08,Cairns,5.6043,73.1347
2023-01-08,Whitsunday,6.0136,85.17
2023-01-08,Gold Coast,5.593,56.208
2023-01-09,Gold Coast,5.6948,62.4968
2023-01-09,Cairns,5.8905,58.083
2023-01-09,Noosa,5.7521,71.6005
2023-01-09,Whitsunday,5.9022,80.0459
2023-01-10,Noosa,5.4356,63.8132
2023-01-10,Whitsunday,3.7272,89.9173
2023-01-10,Cairns,4.5622,54.1612
2023-01-10,Gold Coast,4.69,54.0033
2023-01-11,Noosa,4.9459,62.6563
2023-01-11,Cairns,5.9716,61.1886
2023-01-11,Whitsunday,5.3858,86.0472
2023-01-11,Gold Coast,4.8237,54.7398
2023-01-12,Noosa,4.4861,62.1343
2023-01-12,Gold Coast,4.4981,55.626
2023-01-12,Cairns,5.615,53.469
2023-01-12,Whitsunday,3.664,64.9843
2023-01-13,Gold Coast,3.4353,53.0077
2023-01-13,Noosa,4.7259,57.1355
2023-01-13,Whitsunday,3.3272,82.8666
2023-01-13,Cairns,6.0048,42.7135
2023-01-14,Noosa,4.5472,64.1013
2023-01-14,Whitsunday,3.5985,76.3873
2023-01-14,Cairns,4.0462,54.2777
2023-01-14,Gold Coast,5.4372,60.8339
2023-01-15,Noosa,7.2302,74.0296
2023-01-15,Cairns,7.244,57.9803
2023-01-15,Whitsunday,3.248,61.416
2023-01-15,Gold Coast,6.1109,56.9229
2023-01-16,Noosa,4.8645,73.6967
2023-01-16,Cairns,5.4862,53.266
2023-01-16,Gold Coast,5.7218,61.3505
2023-01-16,Whitsunday,3.7372,51.9635
2023-01-17,Cairns,7.0909,44.5681
2023-01-17,Whitsunday,7.9406,44
2023-01-17,Gold Coast,5.2011,54.6708
2023-01-17,Noosa,4.9581,53.2719
2023-01-18,Gold Coast,4.4763,51.8448
2023-01-18,Cairns,5.733,45.1402
2023-01-18,Whitsunday,5.8482,52.9821
2023-01-18,Noosa,4.7323,57.4272
2023-01-19,Gold Coast,3.7675,45.6787
2023-01-19,Whitsunday,2.8818,58.2125
2023-01-19,Cairns,4.6195,47.3369
2023-01-19,Noosa,5.0806,51.6572
2023-01-20,Gold Coast,4.9429,44.6734
2023-01-20,Cairns,4.5294,38.0042
2023-01-20,Whitsunday,3.3878,70.8484
2023-01-20,Noosa,3.6091,61.4823
2023-01-21,Gold Coast,5.7272,50.2692
2023-01-21,Whitsunday,5.7016,72.9516
2023-01-21,Noosa,5.3122,71.9036
2023-01-21,Cairns,5.9372,48.13
2023-01-22,Whitsunday,7.3839,58.3571
2023-01-22,Cairns,4.7,44.5526
2023-01-22,Noosa,4.7243,65.7102
2023-01-22,Gold Coast,6.1779,49.8133
2023-01-23,Cairns,7.5172,44.6256
2023-01-23,Gold Coast,5.7053,52.7515
2023-01-23,Noosa,5.7159,72.4242
2023-01-23,Whitsunday,7.6513,63.7522
2023-01-24,Cairns,6.4402,31.8364
2023-01-24,Gold Coast,5.3433,43.4626
2023-01-24,Whitsunday,4.4731,53.5591
2023-01-24,Noosa,4.258,56.344
2023-01-25,Whitsunday,3.7777,57.3968
2023-01-25,Noosa,3.3816,49.4408
2023-01-25,Cairns,4.8,32.8279
2023-01-25,Gold Coast,4.4531,43.2765
2023-01-26,Whitsunday,5.6183,56.8396
2023-01-26,Noosa,3.6715,48.6102
2023-01-26,Cairns,5.5228,34.9045
2023-01-26,Gold Coast,4.3793,40.2912
2023-01-27,Cairns,4.6682,25.8388
2023-01-27,Gold Coast,4.4122,46.5329
2023-01-27,Whitsunday,3.0144,50.3985
2023-01-27,Noosa,3.6708,47.9686
2023-01-28,Noosa,3.3073,47.4862
2023-01-28,Gold Coast,4.129,37.2322
2023-01-28,Whitsunday,3.4239,47.9347
2023-01-28,Cairns,4.5073,27.463
2023-01-29,Noosa,4.5992,42.3393
2023-01-29,Cairns,4.3793,33.6453
2023-01-29,Whitsunday,5.25,45.08
2023-01-29,Gold Coast,7.1195,44.4565
2023-01-30,Gold Coast,5.7358,37.9687
2023-01-30,Whitsunday,4.5537,43.4793
2023-01-30,Cairns,4.0333,23.45
2023-01-30,Noosa,5.4589,38.4538
2023-01-31,Gold Coast,6.6553,40.3215
2023-01-31,Whitsunday,3.7032,45.978
2023-01-31,Noosa,5.6828,42.9911
2023-01-31,Cairns,4.5914,39.7682
2023-02-01,Whitsunday,11.1897,66.8029
2023-02-01,Noosa,19.1823,84.6729
2023-02-01,Cairns,19.2145,65.4327
2023-02-01,Gold Coast,14.468,67.54
2023-02-02,Noosa,4.1818,42.3939
2023-02-02,Cairns,5.2265,29.5082
2023-02-02,Whitsunday,2.7904,61.2857
2023-02-02,Gold Coast,4.6961,42.5052
2023-02-03,Cairns,4.6298,35.7734
2023-02-03,Whitsunday,6.5,49.125
2023-02-03,Noosa,4.496,55.1122
2023-02-03,Gold Coast,4.31,40.4197
2023-02-04,Noosa,4.3568,52.7095
2023-02-04,Gold Coast,4.6393,41.1415
2023-02-04,Whitsunday,3.7739,40.626
2023-02-04,Cairns,6.0984,36.1658
2023-02-05,Noosa,5.2671,40.6678
2023-02-05,Whitsunday,4.2068,40.7931
2023-02-05,Gold Coast,5.7704,37.662
2023-02-05,Cairns,4.7488,33.9668
2023-02-06,Whitsunday,4.8571,44.1696
2023-02-06,Noosa,6.749,48.3764
2023-02-06,Cairns,6.0726,41.9608
2023-02-06,Gold Coast,5.2559,43.4812
2023-02-07,Whitsunday,4.2441,44.1395
2023-02-07,Noosa,4.1878,36.6852
2023-02-07,Cairns,3.5027,23.5891
2023-02-07,Gold Coast,4.721,35.364
2023-02-08,Gold Coast,4.9701,37.4769
2023-02-08,Whitsunday,4.2842,42.0736
2023-02-08,Cairns,4.0108,29.827
2023-02-08,Noosa,3.9861,36.5944
2023-02-09,Whitsunday,3.864,48.408
2023-02-09,Gold Coast,4.5095,40.1847
2023-02-09,Noosa,4.6058,32.9671
2023-02-09,Cairns,3.8342,33.9834
2023-02-10,Noosa,3.2907,46.4066
2023-02-10,Whitsunday,3.6326,48.7006
2023-02-10,Gold Coast,3.9594,36.9664
2023-02-10,Cairns,3.8038,40.9377
2023-02-11,Noosa,3.6821,49.6785
2023-02-11,Whitsunday,3.9166,51.6111
2023-02-11,Cairns,5,32.0154
2023-02-11,Gold Coast,3.7004,38.9848
2023-02-12,Whitsunday,3.25,44.98
2023-02-12,Cairns,4.8732,34.5868
2023-02-12,Noosa,4.2826,43.3079
2023-02-12,Gold Coast,4.7099,42.6433
2023-02-13,Cairns,4.0052,34.746
2023-02-13,Gold Coast,5.5,39.9498
2023-02-13,Whitsunday,3.9674,34.6016
2023-02-13,Noosa,4.271,47.26
2023-02-14,Noosa,5.0506,34.2534
2023-02-14,Whitsunday,2.9438,47.8314
2023-02-14,Gold Coast,4.0328,32.4021
2023-02-14,Cairns,4.3151,30.0909
2023-02-15,Whitsunday,3.4607,46.8921
2023-02-15,Cairns,3.7173,42.7445
2023-02-15,Gold Coast,4.9367,39.2309
2023-02-15,Noosa,4.4638,51.9404
2023-02-16,Noosa,3.1433,42.74
2023-02-16,Gold Coast,3.6916,34.7155
2023-02-16,Cairns,4.7846,37.3692
2023-02-16,Whitsunday,3.2553,38.7588
2023-02-17,Whitsunday,2.773,44.8297
2023-02-17,Noosa,3.3288,47.4809
2023-02-17,Cairns,4.2,37.7181
2023-02-17,Gold Coast,3.3603,43.0593
2023-02-18,Noosa,4.8814,51.8493
2023-02-18,Cairns,3.1772,35.1545
2023-02-18,Whitsunday,8.3405,46.5652
2023-02-18,Gold Coast,4.306,41.8041
2023-02-19,Whitsunday,3.1702,39.5851
2023-02-19,Cairns,5.8333,39.9829
2023-02-19,Noosa,5.0885,46.2435
2023-02-19,Gold Coast,5.8566,39.438
2023-02-20,Cairns,4.175,26.2
2023-02-20,Gold Coast,4.4939,39.1666
2023-02-20,Whitsunday,3.4757,41.699
2023-02-20,Noosa,4.8543,38.7216
2023-02-21,Noosa,4.0794,29.7029
2023-02-21,Gold Coast,3.6063,30.8177
2023-02-21,Cairns,3.463,24.5221
2023-02-21,Whitsunday,4.0392,38.3627
2023-02-22,Gold Coast,4.1521,30.5066
2023-02-22,Noosa,3.4046,35.9116
2023-02-22,Cairns,5.5026,35.1904
2023-02-22,Whitsunday,3.4107,53.6875
2023-02-23,Cairns,3.1901,25.4144
2023-02-23,Whitsunday,3.3333,44.5362
2023-02-23,Gold Coast,3.5724,35.2221
2023-02-23,Noosa,2.7995,25.8589
2023-02-24,Whitsunday,3.2058,48.5529
2023-02-24,Noosa,3.3694,44.3364
2023-02-24,Cairns,3.5384,34.47
2023-02-24,Gold Coast,3.4233,39.6106
2023-02-25,Gold Coast,3.5739,41.8776
2023-02-25,Whitsunday,2.5891,34.9534
2023-02-25,Noosa,3.3904,30.1083
2023-02-25,Cairns,2.869,23.2103
2023-02-26,Noosa,3.7341,36.6388
2023-02-26,Gold Coast,5.5324,46.1698
2023-02-26,Whitsunday,3.9782,33.0108
2023-02-26,Cairns,3.8206,31.6367
2023-02-27,Cairns,3.9913,26.2554
2023-02-27,Noosa,3.9618,38.7786
2023-02-27,Gold Coast,3.9968,51.3065
2023-02-27,Whitsunday,4.536,36.36
2023-02-28,Noosa,3.6556,23.586
2023-02-28,Gold Coast,3.685,43.9635
2023-02-28,Whitsunday,3.5051,37.3711
2023-02-28,Cairns,3.6806,22.9747
2023-03-01,Cairns,9.8364,57.368
2023-03-01,Gold Coast,12.1613,53.9016
2023-03-01,Noosa,11.5571,61.7624
2023-03-01,Whitsunday,10.3305,51.0338
2023-03-02,Whitsunday,4.5038,39.0992
2023-03-02,Gold Coast,4.7329,35.2967
2023-03-02,Noosa,4.6237,61.5082
2023-03-02,Cairns,4.4896,32.6721
2023-03-03,Gold Coast,4.2723,36.5955
2023-03-03,Whitsunday,3.3375,53.6496
2023-03-03,Noosa,3.1004,49.4429
2023-03-03,Cairns,4.0826,26.4566
2023-03-04,Gold Coast,3.8759,35.5885
2023-03-04,Whitsunday,3.6324,31.6581
2023-03-04,Noosa,3.5129,36.8856
2023-03-04,Cairns,5.6846,32.6936
2023-03-05,Cairns,4.7288,44.1955
2023-03-05,Gold Coast,5.4401,33.5519
2023-03-05,Noosa,4.6183,36.166
2023-03-05,Whitsunday,3.2566,38.3185
2023-03-06,Cairns,4.2388,37.6766
2023-03-06,Noosa,4.977,45.4559
2023-03-06,Gold Coast,5.5733,40.3314
2023-03-06,Whitsunday,3.909,35.7
2023-03-07,Cairns,4.947,32.3862
2023-03-07,Gold Coast,5.4092,32.2758
2023-03-07,Whitsunday,3.1397,41.7204
2023-03-07,Noosa,4.9766,49.3084
2023-03-08,Noosa,4.0714,40.9705
2023-03-08,Gold Coast,4.107,36.9673
2023-03-08,Cairns,3.9903,32.9323
2023-03-08,Whitsunday,3.4747,48.707
2023-03-09,Cairns,5.7894,36.8866
2023-03-09,Noosa,3.3591,45.4252
2023-03-09,Whitsunday,3.6597,50.0763
2023-03-09,Gold Coast,3.7165,35.9291
2023-03-10,Gold Coast,2.8642,35.619
2023-03-10,Whitsunday,4.6511,58.2732
2023-03-10,Noosa,3.2181,43.6431
2023-03-10,Cairns,4.5105,30.9929
2023-03-11,Gold Coast,3.5872,34.0423
2023-03-11,Whitsunday,4.1418,53.2905
2023-03-11,Cairns,3.9013,31.3991
2023-03-11,Noosa,3.3958,42.2534
2023-03-12,Noosa,3.7418,41.3381
2023-03-12,Gold Coast,4.6312,38.3508
2023-03-12,Cairns,4.3955,25.8044
2023-03-12,Whitsunday,3.805,41.4745
2023-03-13,Noosa,5.5234,43.6534
2023-03-13,Whitsunday,3.7539,44.4682
2023-03-13,Gold Coast,4.5328,39.1418
2023-03-13,Cairns,5.8325,37.9909
2023-03-14,Noosa,4.8883,35.7589
2023-03-14,Cairns,4.1009,27.4471
2023-03-14,Gold Coast,4.8255,34.0066
2023-03-14,Whitsunday,3.0425,48.2234
2023-03-15,Noosa,3.852,44.6816
2023-03-15,Gold Coast,4.44,33.8613
2023-03-15,Cairns,8.033,41.5537
2023-03-15,Whitsunday,3.362,59.4051
2023-03-16,Cairns,4.3101,33.7916
2023-03-16,Gold Coast,3.9536,35.0126
2023-03-16,Noosa,3.6196,47.3036
2023-03-16,Whitsunday,3.4761,40.3095
2023-03-17,Gold Coast,3.2256,36.1885
2023-03-17,Whitsunday,3.4519,54.1299
2023-03-17,Cairns,4.0843,31.7552
2023-03-17,Noosa,2.9197,49.0195
2023-03-18,Cairns,4.533,32.533
2023-03-18,Noosa,4.8656,37.5298
2023-03-18,Whitsunday,3.2288,38.2118
2023-03-18,Gold Coast,3.9268,36.4189
2023-03-19,Noosa,3.4188,43.3584
2023-03-19,Whitsunday,5.0406,62.9512
2023-03-19,Gold Coast,4.199,33.596
2023-03-19,Cairns,6.9589,32.8769
2023-03-20,Noosa,5.4061,48.5823
2023-03-20,Gold Coast,4.9367,39.7505
2023-03-20,Cairns,8.0183,41.2752
2023-03-20,Whitsunday,7.2521,57.1008
2023-03-21,Noosa,4.3653,43.7019
2023-03-21,Cairns,6.3661,37.3278
2023-03-21,Gold Coast,4.2339,34.4456
2023-03-21,Whitsunday,4.6185,40.5979
2023-03-22,Whitsunday,3.438,59.5333
2023-03-22,Noosa,3.5302,45.572
2023-03-22,Cairns,7.3489,33.0156
2023-03-22,Gold Coast,4.0925,36.9644
2023-03-23,Cairns,3.493,34.9581
2023-03-23,Gold Coast,3.5431,43.9168
2023-03-23,Whitsunday,3.6594,62.2318
2023-03-23,Noosa,3.7604,58.3293
2023-03-24,Cairns,4.245,43.6521
2023-03-24,Whitsunday,3.3672,46.9378
2023-03-24,Noosa,3.0464,55.5464
2023-03-24,Gold Coast,3.0461,35.973
2023-03-25,Gold Coast,3.2384,31.6968
2023-03-25,Noosa,3.1263,43.2105
2023-03-25,Whitsunday,3.4958,49.9338
2023-03-25,Cairns,4.5603,34.0086
2023-03-26,Cairns,3.7414,41.439
2023-03-26,Noosa,3.3884,39.1576
2023-03-26,Gold Coast,4.4405,39.2064
2023-03-26,Whitsunday,3.1984,39.0555
2023-03-27,Gold Coast,3.9879,34.8016
2023-03-27,Cairns,4.2,36.715
2023-03-27,Noosa,3.5976,40.7171
2023-03-27,Whitsunday,3.5811,46.2735
2023-03-28,Noosa,3.7213,43.5174
2023-03-28,Gold Coast,4.3715,32.1804
2023-03-28,Cairns,4.0055,34.453
2023-03-28,Whitsunday,3.4545,44.0303
2023-03-29,Noosa,3.829,37.7521
2023-03-29,Whitsunday,3.3214,46.9285
2023-03-29,Gold Coast,3.8605,36.869
2023-03-29,Cairns,4.3265,34.4591
2023-03-30,Cairns,4.199,41.412
2023-03-30,Gold Coast,4.3449,41.1025
2023-03-30,Whitsunday,3.4571,64.5857
2023-03-30,Noosa,3.5218,58.2481
2023-03-31,Gold Coast,3.9954,45.8907
2023-03-31,Whitsunday,2.9391,74.331
2023-03-31,Noosa,4.5295,58.5185
2023-03-31,Cairns,4.9128,49.7916
2023-04-01,Noosa,6,85.8651
2023-04-01,Whitsunday,8,74.3072
2023-04-01,Cairns,9,56.5425
2023-04-01,Gold Coast,7.5428,61.1876
2023-04-02,Gold Coast,4.4708,39.5046
2023-04-02,Noosa,4.5932,48.1791
2023-04-02,Whitsunday,3.628,50.3388
2023-04-02,Cairns,4.44,35.236
2023-04-03,Cairns,4.3617,44.8794
2023-04-03,Gold Coast,4.4211,42.7312
2023-04-03,Whitsunday,4.3716,69.646
2023-04-03,Noosa,3.5474,50.4854
2023-04-04,Noosa,3.6372,44.0294
2023-04-04,Cairns,3.4305,38.9305
2023-04-04,Whitsunday,5.3716,71.8318
2023-04-04,Gold Coast,3.8611,38.2584
2023-04-05,Noosa,3.8344,62.5608
2023-04-05,Cairns,4.5147,61.4669
2023-04-05,Gold Coast,4.6597,45.3096
2023-04-05,Whitsunday,3.0078,90.3593
2023-04-06,Noosa,4.7074,74.2026
2023-04-06,Gold Coast,4.4444,57.5818
2023-04-06,Cairns,3.7338,56.0268
2023-04-06,Whitsunday,4.852,82.1071
2023-04-07,Cairns,4.3505,62.9952
2023-04-07,Whitsunday,4.5586,92.0234
2023-04-07,Noosa,3.9721,76.987
2023-04-07,Gold Coast,3.9133,54.5661
2023-04-08,Cairns,4.0032,59.355
2023-04-08,Noosa,5.3648,67.133
2023-04-08,Gold Coast,4.4414,61.3843
2023-04-08,Whitsunday,3.6796,87.3906
2023-04-09,Cairns,4.7518,48.5555
2023-04-09,Gold Coast,4.5983,47.4928
2023-04-09,Whitsunday,3.45,76.9
2023-04-09,Noosa,4.1479,55.7755
2023-04-10,Whitsunday,4.0867,64.289
2023-04-10,Cairns,4.8165,44.6654
2023-04-10,Gold Coast,6.0186,44.728
2023-04-10,Noosa,5.7762,60.9364
2023-04-11,Whitsunday,3.8484,63.3515
2023-04-11,Gold Coast,5.7196,51.0593
2023-04-11,Noosa,5.383,51.2236
2023-04-11,Cairns,5.9366,49.0633
2023-04-12,Noosa,4.4919,55.0291
2023-04-12,Gold Coast,6.117,43.663
2023-04-12,Cairns,4.6725,43.8169
2023-04-12,Whitsunday,5.2828,68.1513
2023-04-13,Whitsunday,3.9096,52.0709
2023-04-13,Cairns,3.823,40.6538
2023-04-13,Gold Coast,4.697,40.5921
2023-04-13,Noosa,4.8662,47.121
2023-04-14,Cairns,4.6245,44.2379
2023-04-14,Gold Coast,3.9857,45.239
2023-04-14,Noosa,5.2902,50.7335
2023-04-14,Whitsunday,3.7878,61.2727
2023-04-15,Cairns,4.2264,45.1849
2023-04-15,Whitsunday,5.76,65.7666
2023-04-15,Gold Coast,5.2201,46.4601
2023-04-15,Noosa,4.0483,53.1412
2023-04-16,Gold Coast,6.9657,51.0166
2023-04-16,Noosa,8.4482,54.6275
2023-04-16,Whitsunday,4.6048,52.887
2023-04-16,Cairns,5.5384,46.2307
2023-04-17,Whitsunday,7.3089,66.5203
2023-04-17,Cairns,5.3027,59.5782
2023-04-17,Noosa,7.1355,62.5018
2023-04-17,Gold Coast,6.7601,45.2181
2023-04-18,Cairns,4.5075,37.1859
2023-04-18,Noosa,5.3122,39.9565
2023-04-18,Whitsunday,4.1869,67.0373
2023-04-18,Gold Coast,5.2263,40.1476
2023-04-19,Whitsunday,4.0392,73.0392
2023-04-19,Noosa,4.5873,41.9365
2023-04-19,Gold Coast,7.4784,52.9426
2023-04-19,Cairns,4.2719,41.7949
2023-04-20,Noosa,4.3633,47.0588
2023-04-20,Cairns,4.0559,45.0373
2023-04-20,Gold Coast,4.4422,39.35
2023-04-20,Whitsunday,5.3642,50.9642
2023-04-21,Whitsunday,2.9378,65.6273
2023-04-21,Noosa,3.9707,49.1482
2023-04-21,Cairns,4.8035,39.1649
2023-04-21,Gold Coast,4.3193,42.8255
2023-04-22,Gold Coast,4.2271,36.076
2023-04-22,Noosa,4.3358,48.7925
2023-04-22,Cairns,3.4848,37.1439
2023-04-22,Whitsunday,5.1812,60.7
2023-04-23,Whitsunday,4.0695,54.2869
2023-04-23,Cairns,4.3288,43.4459
2023-04-23,Noosa,6.964,43.2122
2023-04-23,Gold Coast,5.4831,36.577
2023-04-24,Cairns,4.4612,47.1836
2023-04-24,Whitsunday,4.7656,57.75
2023-04-24,Noosa,5.5088,51.8647
2023-04-24,Gold Coast,5.5982,38.8597
2023-04-25,Noosa,5.4234,41.1672
2023-04-25,Cairns,3.8104,34.2338
2023-04-25,Whitsunday,4.3615,58.1384
2023-04-25,Gold Coast,4.6549,31.8854
2023-04-26,Noosa,6.6033,48.4586
2023-04-26,Whitsunday,4.4299,61.8691
2023-04-26,Gold Coast,4.7291,35.9546
2023-04-26,Cairns,4.7914,43.3489
2023-04-27,Whitsunday,4.197,60.6204
2023-04-27,Cairns,4.3122,45.3517
2023-04-27,Gold Coast,4.1144,45.9481
2023-04-27,Noosa,5.2846,50.9217
2023-04-28,Noosa,3.6373,57.2012
2023-04-28,Whitsunday,3.0046,66.9537
2023-04-28,Cairns,3.9525,39.3084
2023-04-28,Gold Coast,3.8148,43.4582
2023-04-29,Whitsunday,4.0694,65.5486
2023-04-29,Noosa,3.4097,47.286
2023-04-29,Gold Coast,4.2317,35.7689
2023-04-29,Cairns,3.6123,35.4818
2023-04-30,Noosa,4.9077,39.6678
2023-04-30,Gold Coast,4.8376,39.7826
2023-04-30,Whitsunday,7.5882,63.9411
2023-04-30,Cairns,6.3308,36.1764
2023-05-01,Cairns,10.1212,57.406
2023-05-01,Gold Coast,10.7848,53.4909
2023-05-01,Noosa,12.9302,69.8811
2023-05-01,Whitsunday,8.0058,53.9176
2023-05-02,Cairns,4.1244,37.4888
2023-05-02,Gold Coast,5.9472,37.9309
2023-05-02,Noosa,6.7116,50.3906
2023-05-02,Whitsunday,4.9375,57.7395
2023-05-03,Whitsunday,3.3877,56.5612
2023-05-03,Noosa,4.4628,44.6026
2023-05-03,Gold Coast,4.1218,37.0747
2023-05-03,Cairns,4.163,43.339
2023-05-04,Noosa,4.75,62.3697
2023-05-04,Gold Coast,3.5842,37.789
2023-05-04,Whitsunday,4.3604,62.936
2023-05-04,Cairns,3.9122,48.4473
2023-05-05,Cairns,3.9176,42.0187
2023-05-05,Whitsunday,5.0503,50.2578
2023-05-05,Gold Coast,4.0532,40.7277
2023-05-05,Noosa,3.8223,49.3401
2023-05-06,Noosa,3.9319,26.065
2023-05-06,Gold Coast,4.6215,35.9224
2023-05-06,Cairns,4.0154,39.1119
2023-05-06,Whitsunday,3.24,52.776
2023-05-07,Whitsunday,3.0447,43.0074
2023-05-07,Noosa,4.2645,36.8754
2023-05-07,Cairns,4.7634,44.6431
2023-05-07,Gold Coast,4.1178,39.9889
2023-05-08,Gold Coast,5.6228,39.7577
2023-05-08,Noosa,4.6291,41.1458
2023-05-08,Cairns,5.0634,40.0753
2023-05-08,Whitsunday,5.0729,47.5401
2023-05-09,Cairns,4.8073,38.6009
2023-05-09,Whitsunday,5.7142,53.4
2023-05-09,Noosa,3.6467,38.7114
2023-05-09,Gold Coast,4.5918,38.042
2023-05-10,Cairns,4.3125,46.6458
2023-05-10,Whitsunday,3.5486,43.6725
2023-05-10,Noosa,5.854,39.6324
2023-05-10,Gold Coast,6.5493,41.7324
2023-05-11,Gold Coast,4.2571,40.737
2023-05-11,Noosa,3.7802,50.2152
2023-05-11,Cairns,4.4517,45.1184
2023-05-11,Whitsunday,3.9142,57.7857
2023-05-12,Noosa,3.2326,41.5099
2023-05-12,Cairns,3.2372,45.8918
2023-05-12,Whitsunday,2.8294,52.1235
2023-05-12,Gold Coast,3.549,36.0642
2023-05-13,Noosa,3.7653,32.9846
2023-05-13,Cairns,4.5,46.3666
2023-05-13,Whitsunday,6.6774,54.5483
2023-05-13,Gold Coast,4.1042,37.5791
2023-05-14,Whitsunday,4.8888,41.4365
2023-05-14,Noosa,4.3203,25.8155
2023-05-14,Cairns,4.5967,39.3427
2023-05-14,Gold Coast,5.7764,42.9619
2023-05-15,Cairns,4.8888,58.7078
2023-05-15,Noosa,4.3722,30.567
2023-05-15,Gold Coast,6.2487,40.0716
2023-05-15,Whitsunday,4.3983,45.8983
2023-05-16,Gold Coast,4.8925,38.3691
2023-05-16,Cairns,4.8039,46.9098
2023-05-16,Whitsunday,5.3125,46.6375
2023-05-16,Noosa,3.4526,32.8473
2023-05-17,Whitsunday,3.0857,64.019
2023-05-17,Noosa,4.5828,36.5828
2023-05-17,Gold Coast,4.665,47.0333
2023-05-17,Cairns,3.9493,51.7468
2023-05-18,Cairns,3.8069,50.5868
2023-05-18,Noosa,3.5494,42.1245
2023-05-18,Whitsunday,3.3532,53.4251
2023-05-18,Gold Coast,4.1399,49.5694
2023-05-19,Cairns,3.4833,51.9409
2023-05-19,Noosa,4.0737,42.5318
2023-05-19,Gold Coast,3.0802,43.3245
2023-05-19,Whitsunday,3.801,54.7653
2023-05-20,Gold Coast,3.2481,35.7176
2023-05-20,Noosa,4.3076,35.9595
2023-05-20,Whitsunday,4.5739,57.2347
2023-05-20,Cairns,4.7561,58.3109
2023-05-21,Whitsunday,5.4123,63.567
2023-05-21,Cairns,4.6384,45.0153
2023-05-21,Gold Coast,5.6907,37.5904
2023-05-21,Noosa,4.8122,32.3448
2023-05-22,Gold Coast,5.3522,39.1808
2023-05-22,Noosa,3.8851,32.2468
2023-05-22,Cairns,4.3333,48.0259
2023-05-22,Whitsunday,4.9794,51.6369
2023-05-23,Gold Coast,4.9652,35.0269
2023-05-23,Noosa,3.2718,25.432
2023-05-23,Cairns,4.1692,61.6377
2023-05-23,Whitsunday,3.2201,39.2293
2023-05-24,Whitsunday,4.17,54.2
2023-05-24,Noosa,4.7658,35.8
2023-05-24,Gold Coast,4.7227,36.4244
2023-05-24,Cairns,3.4945,46.5559
2023-05-25,Noosa,3.6363,56.8768
2023-05-25,Whitsunday,3.1904,58.4693
2023-05-25,Gold Coast,3.669,35.7942
2023-05-25,Cairns,4.0912,47.7035
2023-05-26,Noosa,3.1119,83.0243
2023-05-26,Cairns,3.5876,41.88
2023-05-26,Gold Coast,2.7629,40.0653
2023-05-26,Whitsunday,3.2738,54.0833
2023-05-27,Noosa,4.6937,38.4928
2023-05-27,Gold Coast,3.0738,33.1476
2023-05-27,Cairns,5.1091,45.1971
2023-05-27,Whitsunday,3.5583,33.7333
2023-05-28,Noosa,5.7208,43.05
2023-05-28,Gold Coast,4.7985,39.4137
2023-05-28,Cairns,4.3,57.6133
2023-05-28,Whitsunday,3.9242,47.0378
2023-05-29,Gold Coast,4.5045,37.4283
2023-05-29,Noosa,4.8433,31.6912
2023-05-29,Cairns,3.9073,42.5637
2023-05-29,Whitsunday,3.7264,46.4444
2023-05-30,Whitsunday,3.4489,52.2346
2023-05-30,Cairns,4.3256,41.7247
2023-05-30,Noosa,5.1831,35.292
2023-05-30,Gold Coast,4.6031,32.7671
2023-05-31,Cairns,4.8853,61.3478
2023-05-31,Gold Coast,5.0419,32.3433
2023-05-31,Whitsunday,3.8602,67.0107
2023-05-31,Noosa,3.8703,57.9027
2023-06-01,Noosa,11.482,71.5838
2023-06-01,Gold Coast,9.7593,52.1626
2023-06-01,Cairns,7.9182,78.066
2023-06-01,Whitsunday,6.8689,54.9862
2023-06-02,Whitsunday,3.6092,46.8874
2023-06-02,Cairns,6.1754,60.7894
2023-06-02,Gold Coast,3.6872,34.8472
2023-06-02,Noosa,3.6303,42.5873
2023-06-03,Noosa,5.2357,55.2357
2023-06-03,Whitsunday,4.0625,51.491
2023-06-03,Gold Coast,3.7236,33.5931
2023-06-03,Cairns,5.3479,61.4594
2023-06-04,Cairns,4.1149,47.7318
2023-06-04,Gold Coast,5.0825,37.9628
2023-06-04,Whitsunday,3.9495,39.9495
2023-06-04,Noosa,4.2184,30.3689
2023-06-05,Gold Coast,5.2091,39.2573
2023-06-05,Noosa,4.2775,32.8149
2023-06-05,Cairns,4.4921,43.5275
2023-06-05,Whitsunday,3.8958,43.6145
2023-06-06,Whitsunday,4.5306,58.653
2023-06-06,Cairns,4.4014,55.1189
2023-06-06,Noosa,3.7142,26.0496
2023-06-06,Gold Coast,4.8811,40.3364
2023-06-07,Cairns,4.7314,46.719
2023-06-07,Gold Coast,5.2254,44.6102
2023-06-07,Noosa,4.8571,27.1607
2023-06-07,Whitsunday,4.2315,58.5473
2023-06-08,Whitsunday,5.5584,48.961
2023-06-08,Noosa,3.5816,45.2278
2023-06-08,Gold Coast,4.7904,44.1047
2023-06-08,Cairns,5.1961,55.5852
2023-06-09,Whitsunday,3.2699,63.184
2023-06-09,Gold Coast,3.776,45.4931
2023-06-09,Noosa,2.9369,41.3668
2023-06-09,Cairns,3.8746,59.047
2023-06-10,Cairns,5.3785,54.0964
2023-06-10,Noosa,3.9003,39.4916
2023-06-10,Whitsunday,3.4198,51.6183
2023-06-10,Gold Coast,3.8785,39.4958
2023-06-11,Cairns,4.7266,51.9965
2023-06-11,Noosa,7.041,34.1692
2023-06-11,Whitsunday,3.7213,45.1065
2023-06-11,Gold Coast,6.1637,40.8448
2023-06-12,Cairns,3.8892,56.2885
2023-06-12,Gold Coast,5.5512,40.8661
2023-06-12,Noosa,5.8492,37.5829
2023-06-12,Whitsunday,4.6548,55.4247
2023-06-13,Cairns,3.5927,51.9768
2023-06-13,Whitsunday,4.0898,48.3932
2023-06-13,Noosa,5.4656,36.7301
2023-06-13,Gold Coast,5.0997,33.1598
2023-06-14,Gold Coast,5.525,30.6253
2023-06-14,Noosa,3.5876,35.9381
2023-06-14,Cairns,4.4605,68.8947
2023-06-14,Whitsunday,3.8396,55.915
2023-06-15,Gold Coast,3.6955,31.4117
2023-06-15,Cairns,4.6538,88.4487
2023-06-15,Noosa,4.4046,38.2645
2023-06-15,Whitsunday,4.3892,49.6375
2023-06-16,Gold Coast,3.3462,34.119
2023-06-16,Noosa,3.744,43.9146
2023-06-16,Cairns,3.7833,70.6722
2023-06-16,Whitsunday,3.0476,56.3968
2023-06-17,Gold Coast,3.81,31.6162
2023-06-17,Whitsunday,3.6608,45.4
2023-06-17,Noosa,4.676,49.7147
2023-06-17,Cairns,4.5851,61.4574
2023-06-18,Whitsunday,4.7024,41.9256
2023-06-18,Cairns,4.1098,54.3223
2023-06-18,Noosa,4.0817,33.1011
2023-06-18,Gold Coast,4.485,33.0299
2023-06-19,Whitsunday,4.0152,48.9236
2023-06-19,Cairns,6.783,59.511
2023-06-19,Noosa,4.9715,38.0818
2023-06-19,Gold Coast,4.7548,34.2955
2023-06-20,Noosa,4.4161,38.4223
2023-06-20,Cairns,4.5623,67.9529
2023-06-20,Gold Coast,4.1965,30.548
2023-06-20,Whitsunday,3.4603,42.8015
2023-06-21,Noosa,3.4476,25.6714
2023-06-21,Whitsunday,3.57,43.35
2023-06-21,Gold Coast,6.1051,29.3465
2023-06-21,Cairns,3.8026,50.8453
2023-06-22,Noosa,4.4356,40.4688
2023-06-22,Gold Coast,4.2679,34.464
2023-06-22,Whitsunday,3.5547,50.4233
2023-06-22,Cairns,3.6398,66.451
2023-06-23,Cairns,4.2831,72.7678
2023-06-23,Gold Coast,5.0287,39.5244
2023-06-23,Noosa,4.9522,45.272
2023-06-23,Whitsunday,3.8662,64.0174
2023-06-24,Whitsunday,4.2413,89.5459
2023-06-24,Gold Coast,4.1482,37.8526
2023-06-24,Noosa,5.1797,54.4637
2023-06-24,Cairns,5.2542,81.7316
2023-06-25,Noosa,4.4072,48.3745
2023-06-25,Gold Coast,4.3691,35.6666
2023-06-25,Cairns,4.8157,76.4385
2023-06-25,Whitsunday,4.9117,64.0367
2023-06-26,Gold Coast,4.8421,38.6272
2023-06-26,Noosa,4.6823,51.1841
2023-06-26,Cairns,5.3818,77.0597
2023-06-26,Whitsunday,4.1909,67.9727
2023-06-27,Whitsunday,6.0551,62.7795
2023-06-27,Cairns,5.0291,74.5218
2023-06-27,Noosa,4.1495,43.6355
2023-06-27,Gold Coast,4.8329,40.0181
2023-06-28,Noosa,5.7203,47.8388
2023-06-28,Gold Coast,5.0361,44.0554
2023-06-28,Cairns,5.1523,72.8278
2023-06-28,Whitsunday,3.79,66.41
2023-06-29,Noosa,3.8538,38.2807
2023-06-29,Whitsunday,4.5454,74.6287
2023-06-29,Cairns,4.6933,76.08
2023-06-29,Gold Coast,3.7632,55.2667
2023-06-30,Whitsunday,4.5888,85.4722
2023-06-30,Gold Coast,3.3571,66.678
2023-06-30,Cairns,5.1424,80.8407
2023-06-30,Noosa,4.1267,54.5215
2023-07-01,Noosa,8.7222,74.0434
2023-07-01,Gold Coast,8.2297,64.166
2023-07-01,Whitsunday,9.0931,70.6521
2023-07-01,Cairns,5.7442,91.7468
2023-07-02,Cairns,4.9294,80.2852
2023-07-02,Gold Coast,5.3054,42.0098
2023-07-02,Noosa,4.9576,46.3224
2023-07-02,Whitsunday,5.3768,78.3043
2023-07-03,Cairns,4.9712,72.6465
2023-07-03,Noosa,5.3604,52.901
2023-07-03,Gold Coast,7.0284,42.2269
2023-07-03,Whitsunday,6.375,66.6833
2023-07-04,Cairns,3.9107,77.9323
2023-07-04,Noosa,4.2851,44.5333
2023-07-04,Gold Coast,5.1132,33.071
2023-07-04,Whitsunday,3.9018,69.3312
2023-07-05,Whitsunday,3.5666,62.7
2023-07-05,Gold Coast,4.742,35.0614
2023-07-05,Noosa,4.5215,42.464
2023-07-05,Cairns,5.0385,85.1157
2023-07-06,Cairns,4.5895,76.4335
2023-07-06,Noosa,3.6287,37.428
2023-07-06,Gold Coast,4.1162,33.7915
2023-07-06,Whitsunday,3.6944,57.9722
2023-07-07,Gold Coast,3.8886,38.2892
2023-07-07,Noosa,5.6694,50.3446
2023-07-07,Cairns,5.1319,83.1533
2023-07-07,Whitsunday,3.5064,65.5576
2023-07-08,Whitsunday,4.4671,71.9605
2023-07-08,Gold Coast,4.999,36.409
2023-07-08,Noosa,5.1708,45.4982
2023-07-08,Cairns,5.1292,77.5028
2023-07-09,Gold Coast,5.721,41.3935
2023-07-09,Cairns,5.2231,78.6186
2023-07-09,Noosa,6.7518,51.4703
2023-07-09,Whitsunday,5.2874,59.9041
2023-07-10,Gold Coast,5.6919,38.7696
2023-07-10,Noosa,6.6504,51.6343
2023-07-10,Whitsunday,5.8367,65.9591
2023-07-10,Cairns,5.8102,75.5528
2023-07-11,Cairns,5.6941,80.0152
2023-07-11,Noosa,5.217,38.7531
2023-07-11,Gold Coast,4.6903,35.8132
2023-07-11,Whitsunday,4.0476,58.6428
2023-07-12,Noosa,5.3346,37.7782
2023-07-12,Cairns,4.6785,73.491
2023-07-12,Whitsunday,3.6034,49.1293
2023-07-12,Gold Coast,5.0011,28.7655
2023-07-13,Cairns,6.8746,70.2257
2023-07-13,Noosa,3.6969,44.5984
2023-07-13,Gold Coast,4.0811,31.7647
2023-07-13,Whitsunday,3.5434,52.5144
2023-07-14,Whitsunday,4.4606,55.4969
2023-07-14,Noosa,4.9684,43.3421
2023-07-14,Cairns,6.023,65.8213
2023-07-14,Gold Coast,3.6364,35.4842
2023-07-15,Cairns,5.0387,74.2067
2023-07-15,Noosa,4.5859,51.235
2023-07-15,Whitsunday,3.8726,53.484
2023-07-15,Gold Coast,4.2784,34.9368
2023-07-16,Noosa,7.3568,48.9529
2023-07-16,Whitsunday,5.592,56.64
2023-07-16,Gold Coast,5.1981,36.1605
2023-07-16,Cairns,6.559,70.4223
2023-07-17,Gold Coast,5.9037,37.2018
2023-07-17,Cairns,6.3316,73.0222
2023-07-17,Noosa,7.2516,65.1241
2023-07-17,Whitsunday,4.5845,63.4295
2023-07-18,Gold Coast,5.8389,32.1876
2023-07-18,Noosa,5.0139,45.6748
2023-07-18,Cairns,4.1949,61.8301
2023-07-18,Whitsunday,4.3818,49.3272
2023-07-19,Whitsunday,2.9819,51.8558
2023-07-19,Noosa,4.0498,44.249
2023-07-19,Gold Coast,4.3165,36.7944
2023-07-19,Cairns,4.4892,61.1834
2023-07-20,Cairns,4.3504,66.6344
2023-07-20,Noosa,5.5498,59.864
2023-07-20,Whitsunday,4.7133,62.9299
2023-07-20,Gold Coast,4.6091,43.6835
2023-07-21,Whitsunday,3.9602,60.9375
2023-07-21,Cairns,3.9719,70.0612
2023-07-21,Noosa,5.103,52.0679
2023-07-21,Gold Coast,3.3947,38.3697
2023-07-22,Whitsunday,3.2446,59.6834
2023-07-22,Gold Coast,3.8948,30.4744
2023-07-22,Noosa,4.8104,52.1003
2023-07-22,Cairns,4.9716,74.8107
2023-07-23,Gold Coast,5.1555,40.5965
2023-07-23,Whitsunday,3.5808,54.2426
2023-07-23,Cairns,4.9118,75.2431
2023-07-23,Noosa,6.249,46.0036
2023-07-24,Gold Coast,4.6579,39.5584
2023-07-24,Noosa,7.1517,62.8404
2023-07-24,Cairns,4.7302,66.085
2023-07-24,Whitsunday,3.6285,57.6357
2023-07-25,Gold Coast,4.9563,37.622
2023-07-25,Noosa,4.5245,43.0147
2023-07-25,Whitsunday,3.459,44.9344
2023-07-25,Cairns,4.5748,67.0568
2023-07-26,Cairns,4.2715,70.361
2023-07-26,Noosa,5.3034,47.8507
2023-07-26,Whitsunday,3.7177,49.7177
2023-07-26,Gold Coast,4.1611,38.9815
2023-07-27,Cairns,4.3983,69.918
2023-07-27,Gold Coast,4.369,37.8684
2023-07-27,Noosa,3.7689,51.3306
2023-07-27,Whitsunday,3.5167,60.7114
2023-07-28,Gold Coast,3.0119,36.2484
2023-07-28,Noosa,4.1471,52.8413
2023-07-28,Whitsunday,3.7801,61.4659
2023-07-28,Cairns,4.717,70.7955
2023-07-29,Noosa,4.0551,54.4344
2023-07-29,Whitsunday,3,51.8297
2023-07-29,Gold Coast,3.5505,31.748
2023-07-29,Cairns,4.1523,61
2023-07-30,Noosa,8.7319,62
2023-07-30,Gold Coast,3.7943,35.5647
2023-07-30,Cairns,4.8859,81.2182
2023-07-30,Whitsunday,4.1985,54.0514
2023-07-31,Whitsunday,4.7272,48.25
2023-07-31,Gold Coast,5.5469,38.3705
2023-07-31,Cairns,4.6901,69.2944
2023-07-31,Noosa,5.8093,60.1361
2023-08-01,Cairns,7.6691,89.6225
2023-08-01,Whitsunday,5.9265,65.0451
2023-08-01,Gold Coast,15.5129,57.7462
2023-08-01,Noosa,8.8753,88.0841
2023-08-02,Gold Coast,4.9906,39.6488
2023-08-02,Noosa,4.1168,75.3333
2023-08-02,Cairns,3.8435,78.4301
2023-08-02,Whitsunday,3.2649,66.735
2023-08-03,Cairns,6.1002,77.1114
2023-08-03,Whitsunday,3.4431,75.0738
2023-08-03,Noosa,5.329,42.4914
2023-08-03,Gold Coast,4.4105,43.8857
2023-08-04,Cairns,4.8423,74.7554
2023-08-04,Noosa,4.1717,53.2461
2023-08-04,Gold Coast,3.1328,36.2772
2023-08-04,Whitsunday,3.1348,70.3988
2023-08-05,Whitsunday,3.2721,78.3129
2023-08-05,Noosa,4.8409,67.8701
2023-08-05,Cairns,5.1,73.9114
2023-08-05,Gold Coast,3.4518,36.2854
2023-08-06,Whitsunday,4.3081,74.3018
2023-08-06,Noosa,7.4728,51.5481
2023-08-06,Cairns,6.0833,70.4166
2023-08-06,Gold Coast,4.9403,32.1833
2023-08-07,Whitsunday,3.2391,59.9057
2023-08-07,Noosa,6.1124,50.7558
2023-08-07,Gold Coast,4.8993,36.0822
2023-08-07,Cairns,5.1818,62.8533
2023-08-08,Gold Coast,4.7905,32.1459
2023-08-08,Whitsunday,4.2686,62.6492
2023-08-08,Cairns,4.5615,67.6372
2023-08-08,Noosa,6.4194,46.0254
2023-08-09,Cairns,4.8781,70.8531
2023-08-09,Gold Coast,4.0634,35.2843
2023-08-09,Whitsunday,4.0661,63.9926
2023-08-09,Noosa,4.2881,43.6101
2023-08-10,Cairns,4.2363,67.8272
2023-08-10,Gold Coast,3.8813,40.4637
2023-08-10,Noosa,5.6851,55.274
2023-08-10,Whitsunday,3.7389,57.7044
2023-08-11,Noosa,4.3603,47.0167
2023-08-11,Cairns,4.0516,64.1576
2023-08-11,Whitsunday,3.75,62.851
2023-08-11,Gold Coast,3.623,35.9561
2023-08-12,Cairns,4.6635,72.0155
2023-08-12,Gold Coast,3.1626,34.4056
2023-08-12,Whitsunday,3.3448,62.7655
2023-08-12,Noosa,4.7763,41.1381
2023-08-13,Noosa,4.0522,41.7944
2023-08-13,Whitsunday,3.4569,59.1523
2023-08-13,Cairns,4.0169,66.7994
2023-08-13,Gold Coast,4.8587,33.583
2023-08-14,Noosa,5.5912,48.0709
2023-08-14,Gold Coast,4.5015,34.8785
2023-08-14,Whitsunday,3.8857,57.3428
2023-08-14,Cairns,4.7769,69.0787
2023-08-15,Noosa,4.1832,41.0239
2023-08-15,Whitsunday,3.7708,62.0625
2023-08-15,Gold Coast,3.4576,33.7276
2023-08-15,Cairns,3.7041,53.7958
2023-08-16,Noosa,5.019,45.5665
2023-08-16,Gold Coast,3.8096,46.6752
2023-08-16,Cairns,4.3707,66.073
2023-08-16,Whitsunday,2.741,48.0089
2023-08-17,Whitsunday,3.3885,68.6171
2023-08-17,Noosa,3.9017,52.3824
2023-08-17,Cairns,4.2795,65.6344
2023-08-17,Gold Coast,3.7027,67.4612
2023-08-18,Whitsunday,4.2054,85.3013
2023-08-18,Noosa,4.2004,50.5046
2023-08-18,Gold Coast,2.8846,70.6141
2023-08-18,Cairns,4.1758,71.7512
2023-08-19,Whitsunday,5.5789,66.3947
2023-08-19,Noosa,4.1601,43.6948
2023-08-19,Cairns,4.5972,61.9863
2023-08-19,Gold Coast,4.3378,41.9852
2023-08-20,Whitsunday,3.4409,52.2283
2023-08-20,Gold Coast,7.292,43.2052
2023-08-20,Cairns,4.3324,51.5659
2023-08-20,Noosa,4.5287,46.5251
2023-08-21,Gold Coast,8.1359,49.5334
2023-08-21,Whitsunday,4.0846,42.6153
2023-08-21,Noosa,3.9973,32.2941
2023-08-21,Cairns,4.1247,57.5124
2023-08-22,Cairns,5.1994,56.8787
2023-08-22,Noosa,4.6303,47.8754
2023-08-22,Gold Coast,5.3174,35.9772
2023-08-22,Whitsunday,5.1885,50.877
2023-08-23,Noosa,3.1837,49.1752
2023-08-23,Whitsunday,3.0288,49.3173
2023-08-23,Gold Coast,4.8772,41.1455
2023-08-23,Cairns,3.7062,59.8071
2023-08-24,Whitsunday,3.897,63.3161
2023-08-24,Noosa,6.3089,55.2126
2023-08-24,Cairns,4.2364,71.761
2023-08-24,Gold Coast,4.0819,41.1002
2023-08-25,Noosa,3.9842,53.6184
2023-08-25,Gold Coast,3.5472,40.7162
2023-08-25,Cairns,4.9028,64.5228
2023-08-25,Whitsunday,3.5804,68.6923
2023-08-26,Gold Coast,4.0425,33.4549
2023-08-26,Cairns,5.3511,61.5652
2023-08-26,Noosa,4.8764,55.1086
2023-08-26,Whitsunday,2.9379,67.4108
2023-08-27,Gold Coast,5,34.7469
2023-08-27,Whitsunday,4.2013,57.8791
2023-08-27,Cairns,4.3074,56.7791
2023-08-27,Noosa,5.2373,46.9844
2023-08-28,Noosa,4.175,54.825
2023-08-28,Cairns,4.6145,53.6458
2023-08-28,Gold Coast,4.5791,40.2997
2023-08-28,Whitsunday,3.424,60.8037
2023-08-29,Cairns,4.9482,60.7103
2023-08-29,Gold Coast,4.4721,36.5129
2023-08-29,Noosa,5.5163,52.0108
2023-08-29,Whitsunday,4.5546,54.6406
2023-08-30,Whitsunday,3.6269,58.1111
2023-08-30,Gold Coast,4.5102,38.8258
2023-08-30,Cairns,3.7065,57.0144
2023-08-30,Noosa,3.9532,51.7009
2023-08-31,Whitsunday,3.259,68.4879
2023-08-31,Gold Coast,3.9689,40.0452
2023-08-31,Cairns,4.8154,66.6964
2023-08-31,Noosa,4.3137,53.4565
2023-09-01,Gold Coast,5.6986,49.0044
2023-09-01,Noosa,5.0103,67.1124
2023-09-01,Cairns,7.1804,72.7719
2023-09-01,Whitsunday,4.5962,90.2441
2023-09-02,Noosa,4.8737,48.5946
2023-09-02,Gold Coast,4.4031,39.9833
2023-09-02,Cairns,4.7889,66.0275
2023-09-02,Whitsunday,4.0845,80.514
2023-09-03,Whitsunday,3.9794,72.1643
2023-09-03,Noosa,4.3758,39.6437
2023-09-03,Cairns,5.2263,54.1575
2023-09-03,Gold Coast,5.9848,39.5292
2023-09-04,Cairns,4.8851,59.438
2023-09-04,Whitsunday,4.0833,87.0347
2023-09-04,Noosa,4.8501,51.4982
2023-09-04,Gold Coast,5.5141,45.8108
2023-09-05,Noosa,4.4435,44.0585
2023-09-05,Cairns,4.4983,56.9629
2023-09-05,Gold Coast,4.3197,39.2242
2023-09-05,Whitsunday,3.3909,68.1636
2023-09-06,Whitsunday,3.3235,70.4411
2023-09-06,Noosa,5.8504,54.4743
2023-09-06,Gold Coast,4.924,40.3177
2023-09-06,Cairns,4.1162,48.8062
2023-09-07,Whitsunday,3.6279,77.75
2023-09-07,Gold Coast,4.0278,45.035
2023-09-07,Noosa,4.3217,52.2018
2023-09-07,Cairns,3.7802,62.7115
2023-09-08,Whitsunday,2.971,88.0635
2023-09-08,Noosa,3.356,59.0383
2023-09-08,Gold Coast,3.2891,41.3831
2023-09-08,Cairns,5.1502,59.1965
2023-09-09,Noosa,3.7,56.0406
2023-09-09,Gold Coast,3.4008,37.205
2023-09-09,Cairns,5.0945,64.0085
2023-09-09,Whitsunday,4.6418,86.8513
2023-09-10,Gold Coast,5.555,44.719
2023-09-10,Noosa,4.7092,54.0607
2023-09-10,Cairns,4.8547,54.4191
2023-09-10,Whitsunday,4.2866,62.8917
2023-09-11,Whitsunday,4.4722,68.5763
2023-09-11,Gold Coast,5.2002,36.8372
2023-09-11,Noosa,3.9609,47.3439
2023-09-11,Cairns,5.5949,59.1613
2023-09-12,Gold Coast,4.8216,35.8059
2023-09-12,Whitsunday,3.4414,79.2522
2023-09-12,Cairns,3.7048,52.4791
2023-09-12,Noosa,4.0231,42.6184
2023-09-13,Noosa,4.0167,51.9288
2023-09-13,Gold Coast,4.3384,42.0222
2023-09-13,Cairns,4.9522,64.1194
2023-09-13,Whitsunday,3.3666,69.275
2023-09-14,Gold Coast,4.2733,45.739
2023-09-14,Whitsunday,3.4736,77.2828
2023-09-14,Noosa,3.9236,59.7395
2023-09-14,Cairns,4.3277,66.9797
2023-09-15,Whitsunday,3.1439,112.3257
2023-09-15,Cairns,3.9861,57.464
2023-09-15,Noosa,4.2645,75.7535
2023-09-15,Gold Coast,3.4628,47.4595
2023-09-16,Gold Coast,4.4033,47.8888
2023-09-16,Cairns,4.5897,70.641
2023-09-16,Whitsunday,3.7364,115.0067
2023-09-16,Noosa,5.3603,79.5979
2023-09-17,Noosa,4.2074,65.704
2023-09-17,Whitsunday,4.1497,93.8443
2023-09-17,Gold Coast,4.1119,42.165
2023-09-17,Cairns,4.6756,64.5105
2023-09-18,Cairns,4.6302,61.9691
2023-09-18,Gold Coast,4.7319,46.8585
2023-09-18,Noosa,4.9714,63.6031
2023-09-18,Whitsunday,4.7109,80.8901
2023-09-19,Cairns,3.4769,53.7039
2023-09-19,Noosa,3.8103,50.4655
2023-09-19,Gold Coast,4.1047,40.0663
2023-09-19,Whitsunday,5.5034,70.5804
2023-09-20,Cairns,3.9365,62.5129
2023-09-20,Whitsunday,3.5555,82.8611
2023-09-20,Noosa,4.0599,67.4906
2023-09-20,Gold Coast,4.176,41.8372
2023-09-21,Cairns,4.7408,65.9014
2023-09-21,Gold Coast,3.8734,54.8468
2023-09-21,Noosa,3.522,60.0203
2023-09-21,Whitsunday,3.1609,79.5574
2023-09-22,Gold Coast,3.5525,51.7088
2023-09-22,Whitsunday,3.7795,93.8709
2023-09-22,Cairns,3.9441,66.9273
2023-09-22,Noosa,3.7371,70.8648
2023-09-23,Gold Coast,4.6858,59.7405
2023-09-23,Noosa,4.2872,82.7292
2023-09-23,Whitsunday,4.051,116.7664
2023-09-23,Cairns,4.3779,67.1017
2023-09-24,Whitsunday,3.2994,80.7604
2023-09-24,Gold Coast,3.9255,50.0045
2023-09-24,Noosa,4.1377,68.9614
2023-09-24,Cairns,5.3829,64.5835
2023-09-25,Noosa,3.86,58.6793
2023-09-25,Gold Coast,3.7835,48.1295
2023-09-25,Whitsunday,4.462,77.6835
2023-09-25,Cairns,4.7413,74.6782
2023-09-26,Noosa,3.96,47.252
2023-09-26,Whitsunday,3.0225,74.2406
2023-09-26,Cairns,4.9127,62.5436
2023-09-26,Gold Coast,3.843,51.5514
2023-09-27,Noosa,3.5302,71.3167
2023-09-27,Cairns,3.5337,61.8952
2023-09-27,Gold Coast,3.537,53.6331
2023-09-27,Whitsunday,3.0948,77.8321
2023-09-28,Gold Coast,4.249,76.0918
2023-09-28,Whitsunday,3.8125,91.1
2023-09-28,Noosa,3.7041,71.0602
2023-09-28,Cairns,4.5116,62.652
2023-09-29,Noosa,3.1437,64.508
2023-09-29,Gold Coast,3.1858,99.1598
2023-09-29,Whitsunday,3.3732,98.5576
2023-09-29,Cairns,4.7475,55.8475
2023-09-30,Cairns,4.2443,69.9101
2023-09-30,Noosa,3.5397,66.3644
2023-09-30,Gold Coast,3.756,81.1448
2023-09-30,Whitsunday,3.179,97.2962
2023-10-01,Noosa,6.6965,64.2902
2023-10-01,Whitsunday,6.9554,68.8853
2023-10-01,Cairns,10.4043,74.5229
2023-10-01,Gold Coast,8.7417,61.4894
2023-10-02,Whitsunday,5.4294,77.0192
2023-10-02,Cairns,5.1798,53.6128
2023-10-02,Noosa,6.1666,61.3709
2023-10-02,Gold Coast,8.7443,53.3696
2023-10-03,Gold Coast,8.0182,50.2079
2023-10-03,Cairns,5.1352,57.6886
2023-10-03,Whitsunday,4.5289,70.2173
2023-10-03,Noosa,5.6573,57.0454
2023-10-04,Whitsunday,5.0317,83.8809
2023-10-04,Noosa,3.7946,49.6696
2023-10-04,Gold Coast,5.2329,42.6823
2023-10-04,Cairns,4.2277,50.8349
2023-10-05,Whitsunday,4.3674,66.3072
2023-10-05,Noosa,4.2163,54.6028
2023-10-05,Cairns,4.4601,52.5613
2023-10-05,Gold Coast,4.7282,45.5559
2023-10-06,Whitsunday,3.1907,70.9868
2023-10-06,Noosa,3.305,56.1697
2023-10-06,Cairns,4.8059,57.4716
2023-10-06,Gold Coast,3.593,46.7719
2023-10-07,Gold Coast,4.5169,40.8421
2023-10-07,Whitsunday,3.5983,79.6967
2023-10-07,Noosa,3.953,51.3429
2023-10-07,Cairns,4.8612,54.1419
2023-10-08,Whitsunday,5.3812,82.2805
2023-10-08,Gold Coast,5.54,53.6973
2023-10-08,Cairns,4.43,57.1533
2023-10-08,Noosa,5.3364,56.8473
2023-10-09,Cairns,4.2808,53.6815
2023-10-09,Whitsunday,4.2464,79.9436
2023-10-09,Noosa,4.8948,57.4624
2023-10-09,Gold Coast,6.9174,51.4559
2023-10-10,Gold Coast,4.6096,42.5464
2023-10-10,Whitsunday,3.2167,50.7622
2023-10-10,Noosa,4.8779,63.2795
2023-10-10,Cairns,4.8467,53.6436
2023-10-11,Whitsunday,3.8468,54.4324
2023-10-11,Noosa,4.0335,57.7462
2023-10-11,Cairns,3.9207,56.1169
2023-10-11,Gold Coast,4.1568,45.1954
2023-10-12,Whitsunday,4.267,81.0931
2023-10-12,Cairns,3.6608,57.2906
2023-10-12,Gold Coast,4.0689,47.117
2023-10-12,Noosa,3.9614,59.6398
2023-10-13,Cairns,3.8493,52.7259
2023-10-13,Whitsunday,3.5846,72.1311
2023-10-13,Gold Coast,3.3402,47.2698
2023-10-13,Noosa,2.8562,57.1759
2023-10-14,Noosa,4.1883,50.6103
2023-10-14,Whitsunday,3.2972,70.5675
2023-10-14,Cairns,5.4722,53.3117
2023-10-14,Gold Coast,4.0299,46.4667
2023-10-15,Cairns,5.41,54.39
2023-10-15,Noosa,4.6037,52.6446
2023-10-15,Gold Coast,4.6869,45.4255
2023-10-15,Whitsunday,5.5338,68.8872
2023-10-16,Gold Coast,4.7022,52.2677
2023-10-16,Noosa,4.6385,53.3674
2023-10-16,Cairns,7.0327,53.9127
2023-10-16,Whitsunday,4.7985,65.4477
2023-10-17,Whitsunday,3.8253,79.5238
2023-10-17,Noosa,3.3657,50.7665
2023-10-17,Cairns,5.0805,52.3626
2023-10-17,Gold Coast,4.2067,43.1861
2023-10-18,Cairns,4.565,48.5325
2023-10-18,Noosa,3.6177,50.7474
2023-10-18,Gold Coast,3.7975,46.9028
2023-10-18,Whitsunday,3.2325,82.3565
2023-10-19,Cairns,3.4648,63.688
2023-10-19,Noosa,3.7507,64.3826
2023-10-19,Gold Coast,3.8965,58.2555
2023-10-19,Whitsunday,3.6455,91.2721
2023-10-20,Gold Coast,3.0968,54.4526
2023-10-20,Whitsunday,3.3068,65.7566
2023-10-20,Cairns,4.0442,49.2656
2023-10-20,Noosa,3.3085,59.7295
2023-10-21,Gold Coast,3.9727,52.5251
2023-10-21,Whitsunday,3.4791,73.9652
2023-10-21,Noosa,3.403,63.603
2023-10-21,Cairns,3.4463,55.1174
2023-10-22,Noosa,4.3333,62.1722
2023-10-22,Gold Coast,4.7313,54.991
2023-10-22,Whitsunday,3.6393,82.4836
2023-10-22,Cairns,4.0619,51.7355
2023-10-23,Whitsunday,3.877,83.1557
2023-10-23,Gold Coast,5.1612,61.5654
2023-10-23,Noosa,4.0159,61.4023
2023-10-23,Cairns,5.6238,68.7079
2023-10-24,Noosa,3.6707,69.0731
2023-10-24,Gold Coast,5.9325,68.6191
2023-10-24,Cairns,4.405,57.815
2023-10-24,Whitsunday,3.93,78.29
2023-10-25,Gold Coast,4.8428,73.7802
2023-10-25,Cairns,3.5828,70.7486
2023-10-25,Noosa,4.1684,68.7445
2023-10-25,Whitsunday,3.6578,79.3157
2023-10-26,Whitsunday,3.2335,90.6642
2023-10-26,Cairns,4.1044,71.1807
2023-10-26,Gold Coast,3.7984,91.9513
2023-10-26,Noosa,3.6423,70.723
2023-10-27,Gold Coast,3.0398,74.8684
2023-10-27,Whitsunday,3.2812,87.5937
2023-10-27,Cairns,4.1142,76.3142
2023-10-27,Noosa,2.9457,68.5094
2023-10-28,Whitsunday,3.4081,85.6428
2023-10-28,Cairns,5.84,72.72
2023-10-28,Noosa,3.1889,70.023
2023-10-28,Gold Coast,3.6023,62.6844
2023-10-29,Whitsunday,3.8571,75.1238
2023-10-29,Cairns,5.506,74.5722
2023-10-29,Noosa,4.7697,77.6776
2023-10-29,Gold Coast,5.752,73.6788
2023-10-30,Cairns,5.5217,78.663
2023-10-30,Noosa,5.1372,79.0326
2023-10-30,Whitsunday,3.8333,86.4607
2023-10-30,Gold Coast,6.324,81.3533
2023-10-31,Gold Coast,6.9908,80.9216
2023-10-31,Noosa,3.0789,112.5614
2023-10-31,Cairns,5.0482,81.7862
2023-10-31,Whitsunday,4.4054,104.5
2023-11-01,Whitsunday,5.8365,121.0961
2023-11-01,Gold Coast,10.8532,94.9104
2023-11-01,Cairns,10.6219,88.8048
2023-11-01,Noosa,6.738,133.535
2023-11-02,Cairns,4.8554,97.5843
2023-11-02,Noosa,3.8844,165.9331
2023-11-02,Whitsunday,3.362,111.5689
2023-11-02,Gold Coast,4.7969,83.1722
2023-11-03,Noosa,3.2325,185.1882
2023-11-03,Whitsunday,3.7191,87.6685
2023-11-03,Cairns,5.6523,71.0827
2023-11-03,Gold Coast,4.4462,64.5889
2023-11-04,Gold Coast,4.1088,57.2219
2023-11-04,Cairns,5.1675,55.7446
2023-11-04,Whitsunday,3.8355,101.125
2023-11-04,Noosa,3.4509,115.7883
2023-11-05,Noosa,5.743,70.2569
2023-11-05,Cairns,5.3023,48.196
2023-11-05,Whitsunday,3.5899,63.0647
2023-11-05,Gold Coast,5.4172,59.3485
2023-11-06,Noosa,7.0811,83.3341
2023-11-06,Whitsunday,3.6444,75.4666
2023-11-06,Cairns,6.2008,49.9121
2023-11-06,Gold Coast,5.019,53.3095
2023-11-07,Gold Coast,4.2918,47.1439
2023-11-07,Cairns,5.0193,50.0628
2023-11-07,Whitsunday,3.8811,66.4825
2023-11-07,Noosa,7.5652,77.5942
2023-11-08,Cairns,4.9244,52.1422
2023-11-08,Noosa,4.2837,70.5709
2023-11-08,Gold Coast,5.0771,54.194
2023-11-08,Whitsunday,3.2834,76.1653
2023-11-09,Cairns,3.8784,50.7803
2023-11-09,Whitsunday,3.3825,109.4535
2023-11-09,Noosa,3.994,70.3343
2023-11-09,Gold Coast,4.169,55.3751
2023-11-10,Noosa,3.5338,64.25
2023-11-10,Gold Coast,3.0835,51.8918
2023-11-10,Cairns,4.2932,40.4413
2023-11-10,Whitsunday,2.8254,89.9386
2023-11-11,Cairns,3.4317,48.7011
2023-11-11,Whitsunday,3.2617,78.8255
2023-11-11,Gold Coast,3.7476,45.781
2023-11-11,Noosa,3.8054,66.9189
2023-11-12,Cairns,5.0532,49.627
2023-11-12,Gold Coast,4.3689,52.0765
2023-11-12,Noosa,4.0192,53.7845
2023-11-12,Whitsunday,3.1088,55.517
2023-11-13,Cairns,6.4826,47.3478
2023-11-13,Gold Coast,5.0908,50.1997
2023-11-13,Noosa,4.5409,55.6819
2023-11-13,Whitsunday,3.2547,70.4331
2023-11-14,Whitsunday,3.8534,72.4482
2023-11-14,Cairns,3.7,35.0612
2023-11-14,Gold Coast,3.6044,39.7935
2023-11-14,Noosa,4.0329,53.8271
2023-11-15,Cairns,3.8415,47.198
2023-11-15,Whitsunday,3.2916,64.1583
2023-11-15,Noosa,3.7058,51.8509
2023-11-15,Gold Coast,4.1089,44.0878
2023-11-16,Whitsunday,6.0197,75.9868
2023-11-16,Noosa,3.8611,66.2712
2023-11-16,Gold Coast,3.5346,54.8921
2023-11-16,Cairns,4.9623,50.0125
2023-11-17,Noosa,3.1731,64.9242
2023-11-17,Whitsunday,3.0094,66.4528
2023-11-17,Gold Coast,2.7244,47.0562
2023-11-17,Cairns,3.7237,45.7762
2023-11-18,Cairns,4.3869,49.5217
2023-11-18,Whitsunday,4.4,93.5894
2023-11-18,Gold Coast,3.8804,64.8854
2023-11-18,Noosa,3.9545,78.9715
2023-11-19,Gold Coast,4.0676,50.3342
2023-11-19,Cairns,4.6222,47.174
2023-11-19,Whitsunday,3.6796,65.375
2023-11-19,Noosa,3.9097,54.0037
2023-11-20,Cairns,4.8659,51.0905
2023-11-20,Noosa,3.9787,69.4113
2023-11-20,Gold Coast,4.2267,47.0786
2023-11-20,Whitsunday,3.3566,65.6853
2023-11-21,Cairns,3.8356,43.46
2023-11-21,Noosa,3.7085,56.1793
2023-11-21,Whitsunday,4.7692,78.1282
2023-11-21,Gold Coast,3.5731,44.0457
2023-11-22,Cairns,4.145,54.0352
2023-11-22,Noosa,3.3974,56.4769
2023-11-22,Gold Coast,3.9178,51.9518
2023-11-22,Whitsunday,3.2941,59.5955
2023-11-23,Noosa,3.7875,74.7843
2023-11-23,Gold Coast,3.4092,58.3064
2023-11-23,Cairns,3.7598,53.6968
2023-11-23,Whitsunday,3.9944,70.4198
2023-11-24,Gold Coast,3.0965,65.979
2023-11-24,Noosa,2.9538,64.2548
2023-11-24,Whitsunday,3.0666,87.7428
2023-11-24,Cairns,3.1065,43.646
2023-11-25,Whitsunday,10.3333,93.782
2023-11-25,Noosa,3.6065,78.4053
2023-11-25,Gold Coast,2.6295,76.6364
2023-11-25,Cairns,3.4918,41.3127
2023-11-26,Gold Coast,3.9689,56.2183
2023-11-26,Whitsunday,12.7196,66.9166
2023-11-26,Cairns,3.3299,37.5757
2023-11-26,Noosa,5.7027,72.1114
2023-11-27,Noosa,4.5186,62.4745
2023-11-27,Cairns,4.1869,44.9478
2023-11-27,Gold Coast,6.2371,51.232
2023-11-27,Whitsunday,3.5563,61.5263
2023-11-28,Gold Coast,5.0821,43.6079
2023-11-28,Noosa,3.3686,47.5529
2023-11-28,Whitsunday,3.9212,55.1102
2023-11-28,Cairns,4.8571,35.1571
2023-11-29,Noosa,3.0935,50.8472
2023-11-29,Whitsunday,3.3719,59.2975
2023-11-29,Cairns,3.9623,37.41
2023-11-29,Gold Coast,3.9785,48.4383
2023-11-30,Gold Coast,3.9802,45.3135
2023-11-30,Cairns,4.0344,47.8836
2023-11-30,Whitsunday,3.3648,72.3175
2023-11-30,Noosa,3.3519,77.0625
2023-12-01,Gold Coast,4.8591,65.8525
2023-12-01,Cairns,6.065,54.639
2023-12-01,Whitsunday,4.3853,82.2477
2023-12-01,Noosa,5.4542,86.6234
2023-12-02,Noosa,3.4325,80.7808
2023-12-02,Cairns,4.2749,45.1035
2023-12-02,Whitsunday,2.6346,63.5
2023-12-02,Gold Coast,3.0834,52.4388
2023-12-03,Whitsunday,3.388,65.4477
2023-12-03,Noosa,4.127,60.8013
2023-12-03,Cairns,4.051,41.7617
2023-12-03,Gold Coast,12.3136,72.2096
2023-12-04,Cairns,4.7743,47.4734
2023-12-04,Gold Coast,6.2836,57.5
2023-12-04,Noosa,3.8745,65.5156
2023-12-04,Whitsunday,3.5492,64.2042
2023-12-05,Whitsunday,3.4148,60.8829
2023-12-05,Gold Coast,4.818,42.0972
2023-12-05,Cairns,3.7465,29.8755
2023-12-05,Noosa,2.9949,49.9191
2023-12-06,Cairns,4.0231,35.4478
2023-12-06,Noosa,3.2241,46.3318
2023-12-06,Whitsunday,3.035,51.1929
2023-12-06,Gold Coast,4.1796,44.042
2023-12-07,Whitsunday,3.8076,62.3153
2023-12-07,Noosa,3.5576,63.539
2023-12-07,Gold Coast,3.3602,45.601
2023-12-07,Cairns,4.2048,47.0097
2023-12-08,Gold Coast,3.112,47.1251
2023-12-08,Whitsunday,3.2229,56.7162
2023-12-08,Noosa,3.6887,61.9081
2023-12-08,Cairns,3.0588,39.9215
2023-12-09,Whitsunday,3.7244,67.8582
2023-12-09,Cairns,3.9433,42.4905
2023-12-09,Noosa,4.4348,66.6197
2023-12-09,Gold Coast,3.3147,45.7382
2023-12-10,Whitsunday,4.2727,84.1818
2023-12-10,Gold Coast,4.2343,48.3583
2023-12-10,Noosa,3.5439,59.8108
2023-12-10,Cairns,3.4576,30.9618
2023-12-11,Cairns,4.0846,33.4653
2023-12-11,Gold Coast,4.0221,51.4536
2023-12-11,Whitsunday,3.8846,58.3653
2023-12-11,Noosa,4.2467,58.8961
2023-12-12,Gold Coast,3.7433,40.4395
2023-12-12,Whitsunday,3.5106,59.2127
2023-12-12,Noosa,3.2597,43.4675
2023-12-12,Cairns,3.8292,19.3024
2023-12-13,Cairns,2.1263,24.7256
2023-12-13,Noosa,2.9954,50.6787
2023-12-13,Whitsunday,2.9649,59.6666
2023-12-13,Gold Coast,3.652,45.6345
2023-12-14,Whitsunday,3.3983,71.7966
2023-12-14,Noosa,3.3545,55.7011
2023-12-14,Gold Coast,3.7931,47.7057
2023-12-14,Cairns,3.0565,26.0608
2023-12-15,Whitsunday,3.1176,59.7588
2023-12-15,Gold Coast,3.4432,51.6859
2023-12-15,Noosa,3.5816,60.6735
2023-12-15,Cairns,4.5375,45.2648
2023-12-16,Cairns,3.2303,40.5272
2023-12-16,Noosa,4.0571,68.3142
2023-12-16,Gold Coast,4.008,52.3348
2023-12-16,Whitsunday,3.4027,58.6597
2023-12-17,Cairns,2.8429,34.0512
2023-12-17,Noosa,4.4436,54.436
2023-12-17,Gold Coast,4.158,48.7035
2023-12-17,Whitsunday,3.1875,58.5446
2023-12-18,Cairns,3.53,41.1307
2023-12-18,Noosa,4.1601,66.0213
2023-12-18,Whitsunday,3.7107,73.3553
2023-12-18,Gold Coast,4.9448,54.4942
2023-12-19,Cairns,3.5281,41.2813
2023-12-19,Whitsunday,3.0097,58.5631
2023-12-19,Noosa,3.0444,56.5644
2023-12-19,Gold Coast,3.7292,47.0361
2023-12-20,Gold Coast,3.7801,60.8308
2023-12-20,Whitsunday,3.3972,61.7397
2023-12-20,Noosa,3.4492,63.625
2023-12-20,Cairns,4.3628,48.6457
2023-12-21,Noosa,4.0716,82.3154
2023-12-21,Whitsunday,3.9659,91.0272
2023-12-21,Cairns,4.404,54.628
2023-12-21,Gold Coast,4.2035,68.1838
2023-12-22,Gold Coast,5.518,85.4773
2023-12-22,Whitsunday,4.0786,101.4887
2023-12-22,Noosa,4.6675,107.7582
2023-12-22,Cairns,4.8113,72.2454
2023-12-23,Gold Coast,4.411,82.7702
2023-12-23,Noosa,4.471,114.077
2023-12-23,Whitsunday,3.9308,116.3829
2023-12-23,Cairns,5.447,78.7576
2023-12-24,Whitsunday,3.7018,106.3478
2023-12-24,Gold Coast,3.7679,67.0097
2023-12-24,Noosa,4.1132,104.3786
2023-12-24,Cairns,3.9273,69.8145
2023-12-25,Cairns,3.4636,59.2318
2023-12-25,Gold Coast,3.8241,63.77
2023-12-25,Noosa,3.1215,67.1491
2023-12-25,Whitsunday,3.7446,79.5425
2023-12-26,Whitsunday,3.6209,95.5887
2023-12-26,Cairns,3.973,65.3501
2023-12-26,Noosa,4.3851,112.3648
2023-12-26,Gold Coast,4.1699,72.3244
2023-12-27,Gold Coast,4.4989,83.4552
2023-12-27,Cairns,4.5539,73.3693
2023-12-27,Whitsunday,4.1058,130.2176
2023-12-27,Noosa,4.5864,110.2827
2023-12-28,Cairns,4.5718,76.4718
2023-12-28,Noosa,4.687,109.8843
2023-12-28,Whitsunday,4.971,107.4508
2023-12-28,Gold Coast,4.1542,74.0228
2023-12-29,Gold Coast,4.2177,71.4518
2023-12-29,Cairns,5.2761,75.9534
2023-12-29,Noosa,4.8953,120.8553
2023-12-29,Whitsunday,4.3035,127.9464
2023-12-30,Whitsunday,4.1839,106.2816
2023-12-30,Cairns,4.9185,76.9211
2023-12-30,Noosa,4.6931,135.9603
2023-12-30,Gold Coast,4.6092,74.9559
2023-12-31,Noosa,4.4666,90.1692
2023-12-31,Gold Coast,3.9443,64.4824
2023-12-31,Whitsunday,3.2478,109.9059
2023-12-31,Cairns,3.4444,71.0216
2024-01-01,Noosa,5.0039,109.2078
2024-01-01,Gold Coast,5.9678,78.5895
2024-01-01,Whitsunday,7.6946,96.9389
2024-01-01,Cairns,7.6524,76.0569
2024-01-02,Cairns,7.7807,79.377
2024-01-02,Gold Coast,6.0215,74.1715
2024-01-02,Whitsunday,4.4652,99.4705
2024-01-02,Noosa,4.4276,116.7986
2024-01-03,Whitsunday,4.8915,93.7108
2024-01-03,Cairns,6.9473,64.194
2024-01-03,Gold Coast,6.1826,71.321
2024-01-03,Noosa,5.1063,102.5471
2024-01-04,Gold Coast,5.1539,61.7738
2024-01-04,Noosa,4.2166,97.9277
2024-01-04,Cairns,5.903,46.1606
2024-01-04,Whitsunday,5.8604,86.5755
2024-01-05,Whitsunday,8.6393,100.2404
2024-01-05,Cairns,5.3614,56.429
2024-01-05,Gold Coast,5.0767,59.1462
2024-01-05,Noosa,4.5223,104.6692
2024-01-06,Noosa,4.633,82.7522
2024-01-06,Whitsunday,5.6149,78.118
2024-01-06,Gold Coast,4.6852,56.7018
2024-01-06,Cairns,7.1052,56.9052
2024-01-07,Cairns,6.4542,45.2992
2024-01-07,Whitsunday,7.8219,63.8356
2024-01-07,Gold Coast,6.504,58.8
2024-01-07,Noosa,8.2997,71.4668
2024-01-08,Whitsunday,5.7837,63.8986
2024-01-08,Noosa,6.0917,67.6597
2024-01-08,Gold Coast,6.3939,62.6388
2024-01-08,Cairns,5.3016,47.6229
2024-01-09,Noosa,4.8783,57.6577
2024-01-09,Gold Coast,5.1392,54.5181
2024-01-09,Whitsunday,5.4166,53.8194
2024-01-09,Cairns,6.8744,45.9456
2024-01-10,Noosa,3.8244,55.8167
2024-01-10,Cairns,5.2749,37.5223
2024-01-10,Gold Coast,4.7045,54.9312
2024-01-10,Whitsunday,4.968,61.256
2024-01-11,Cairns,4.4946,29.6219
2024-01-11,Gold Coast,4.2096,49.491
2024-01-11,Noosa,4.3878,55.6768
2024-01-11,Whitsunday,4.7177,50.2208
2024-01-12,Whitsunday,3.1383,62.1069
2024-01-12,Noosa,4.0906,53.87
2024-01-12,Cairns,5.8878,33.3004
2024-01-12,Gold Coast,4.4354,49.3392
2024-01-13,Gold Coast,5.2608,49.5022
2024-01-13,Whitsunday,6.1666,70.0681
2024-01-13,Cairns,4.5017,35.9686
2024-01-13,Noosa,8.7055,60.0614
2024-01-14,Whitsunday,4.775,59.4916
2024-01-14,Cairns,5.3647,38.0204
2024-01-14,Noosa,4.9793,64.8384
2024-01-14,Gold Coast,6.544,57.8906
2024-01-15,Noosa,7.0129,73.198
2024-01-15,Gold Coast,6.1506,56.4938
2024-01-15,Whitsunday,7.2826,68.1304
2024-01-15,Cairns,8.711,43.1102
2024-01-16,Noosa,6.6255,51.7617
2024-01-16,Cairns,6,53.8502
2024-01-16,Gold Coast,6.5659,48.9276
2024-01-16,Whitsunday,4.1349,53.1269
2024-01-17,Whitsunday,2.8813,52.9322
2024-01-17,Gold Coast,5.155,46.1978
2024-01-17,Noosa,4.6806,57.1099
2024-01-17,Cairns,4.0111,27.5241
2024-01-18,Whitsunday,3.7801,51.5602
2024-01-18,Gold Coast,4.6267,49.43
2024-01-18,Cairns,5.8268,36.0476
2024-01-18,Noosa,4.1826,51.2054
2024-01-19,Cairns,4.2989,28.2508
2024-01-19,Whitsunday,3.8496,50.1127
2024-01-19,Noosa,4.0344,39.4137
2024-01-19,Gold Coast,3.5941,49.3813
2024-01-20,Cairns,6.1885,34.4429
2024-01-20,Noosa,5.0902,53.0104
2024-01-20,Gold Coast,4.6947,41.7054
2024-01-20,Whitsunday,3.3826,53.2173
2024-01-21,Noosa,6.5038,49.1653
2024-01-21,Whitsunday,4.5416,59.3645
2024-01-21,Gold Coast,7.0793,52.6425
2024-01-21,Cairns,6.8425,35.417
2024-01-22,Whitsunday,5.6595,44.7092
2024-01-22,Noosa,5.8181,51.5876
2024-01-22,Gold Coast,6.0241,50.2081
2024-01-22,Cairns,5.8227,26.5021
2024-01-23,Gold Coast,6.1961,41.864
2024-01-23,Noosa,3.6161,35.0236
2024-01-23,Cairns,3.553,30.3451
2024-01-23,Whitsunday,2.513,40.3565
2024-01-24,Gold Coast,5.3562,40.0135
2024-01-24,Cairns,4.6238,33.6697
2024-01-24,Noosa,4.9492,46.9257
2024-01-24,Whitsunday,3.0315,33.0526
2024-01-25,Gold Coast,3.6957,39.8117
2024-01-25,Whitsunday,5.9798,36.1208
2024-01-25,Cairns,4.3292,37.5487
2024-01-25,Noosa,3.9595,49.7787
2024-01-26,Gold Coast,3.2337,32.8197
2024-01-26,Noosa,3.3404,44.4785
2024-01-26,Whitsunday,2.7454,58.309
2024-01-26,Cairns,4.2179,31.0427
2024-01-27,Noosa,3.8455,32.054
2024-01-27,Whitsunday,2.563,43.3361
2024-01-27,Cairns,3.1291,19.6208
2024-01-27,Gold Coast,4.0505,38.0035
2024-01-28,Noosa,4.8197,41.3356
2024-01-28,Gold Coast,6.1322,44.2081
2024-01-28,Whitsunday,3.9661,52.2627
2024-01-28,Cairns,4.14,30.26
2024-01-29,Gold Coast,9.2331,51.8422
2024-01-29,Cairns,6.1674,32.9901
2024-01-29,Whitsunday,5.2475,55.396
2024-01-29,Noosa,7.9189,50.7915
2024-01-30,Noosa,5.8387,35.0645
2024-01-30,Cairns,6.3579,24.2329
2024-01-30,Whitsunday,3.4432,30.134
2024-01-30,Gold Coast,5.4494,38.5054
2024-01-31,Whitsunday,4.1894,49.2736
2024-01-31,Cairns,4.5689,32.1494
2024-01-31,Noosa,4.8146,40.2198
2024-01-31,Gold Coast,6.2731,42.221
2024-02-01,Gold Coast,13.2143,58.0279
2024-02-01,Noosa,12.4092,73.0597
2024-02-01,Whitsunday,9.5102,47.903
2024-02-01,Cairns,13.6158,47.7251
2024-02-02,Gold Coast,4.6099,44.3411
2024-02-02,Noosa,4.8965,42.8916
2024-02-02,Whitsunday,3.079,47.1977
2024-02-02,Cairns,4.9511,36.3422
2024-02-03,Noosa,4.7976,38.6656
2024-02-03,Whitsunday,2.8456,42.0604
2024-02-03,Gold Coast,4.3006,39.3867
2024-02-03,Cairns,4.0959,16.3095
2024-02-04,Gold Coast,6.329,39.0892
2024-02-04,Whitsunday,5.0416,48.025
2024-02-04,Cairns,7.7656,34.2083
2024-02-04,Noosa,3.8177,38.7244
2024-02-05,Cairns,6.8296,39.1222
2024-02-05,Noosa,4.7112,51.0627
2024-02-05,Gold Coast,7.5266,45.6222
2024-02-05,Whitsunday,3.6111,48.3611
2024-02-06,Noosa,6.2608,45
2024-02-06,Whitsunday,3.2558,50.4418
2024-02-06,Cairns,3.7318,34.1521
2024-02-06,Gold Coast,5.1588,42.8224
2024-02-07,Noosa,4.5751,55.7189
2024-02-07,Whitsunday,4.387,43.4086
2024-02-07,Cairns,4.929,48.9677
2024-02-07,Gold Coast,5.199,48.3932
2024-02-08,Noosa,6.853,62.2701
2024-02-08,Cairns,4.0412,43.0773
2024-02-08,Gold Coast,4.9682,48.2156
2024-02-08,Whitsunday,5.723,57.1615
2024-02-09,Cairns,4.6908,42.2367
2024-02-09,Noosa,3.381,53.3696
2024-02-09,Whitsunday,3.2549,65.147
2024-02-09,Gold Coast,4.5622,44.6187
2024-02-10,Gold Coast,5.1007,50.994
2024-02-10,Noosa,3.8155,61.7038
2024-02-10,Whitsunday,3.5882,46.0392
2024-02-10,Cairns,6.4024,40.189
2024-02-11,Noosa,5.4352,51.9882
2024-02-11,Cairns,5.7837,52.6756
2024-02-11,Gold Coast,5.732,47.6089
2024-02-11,Whitsunday,6.8,71.4333
2024-02-12,Noosa,5.8225,52.301
2024-02-12,Cairns,6.0111,49.2569
2024-02-12,Gold Coast,6.5175,56.1459
2024-02-12,Whitsunday,4.4148,63.0638
2024-02-13,Cairns,3.9847,54.8015
2024-02-13,Gold Coast,5.9673,47.0615
2024-02-13,Noosa,7.536,68.88
2024-02-13,Whitsunday,4.5285,76.6142
2024-02-14,Cairns,8.0451,43.9849
2024-02-14,Whitsunday,3.3186,66.0439
2024-02-14,Gold Coast,5.1172,51.5413
2024-02-14,Noosa,3.8312,42.1125
2024-02-15,Gold Coast,4.4806,57.7896
2024-02-15,Noosa,5.4232,62.1906
2024-02-15,Whitsunday,3.4852,56.397
2024-02-15,Cairns,5.0405,49.8648
2024-02-16,Whitsunday,4.6239,65.7777
2024-02-16,Noosa,4.4954,56.2629
2024-02-16,Cairns,6.488,51.9642
2024-02-16,Gold Coast,4.7446,58.5125
2024-02-17,Cairns,4.5037,55.1111
2024-02-17,Gold Coast,4.5133,64.7741
2024-02-17,Whitsunday,3.7685,69.9351
2024-02-17,Noosa,4.329,54.9529
2024-02-18,Noosa,6.6578,58.9934
2024-02-18,Whitsunday,7.7101,73.2753
2024-02-18,Cairns,7.23,50.7256
2024-02-18,Gold Coast,5.6268,70.5996
2024-02-19,Whitsunday,3.8181,72.922
2024-02-19,Gold Coast,5.3941,72.626
2024-02-19,Cairns,5.3565,58.031
2024-02-19,Noosa,5.8128,61.1169
2024-02-20,Whitsunday,4.7678,85.5
2024-02-20,Cairns,5.605,45.5462
2024-02-20,Noosa,6.0648,67.1574
2024-02-20,Gold Coast,6.4688,64.3763
2024-02-21,Noosa,4.452,72.7671
2024-02-21,Whitsunday,3.8333,83.7638
2024-02-21,Gold Coast,7.2315,66.1035
2024-02-21,Cairns,6.7477,67.2702
2024-02-22,Whitsunday,4.0183,81.0733
2024-02-22,Noosa,4.9077,74.5679
2024-02-22,Gold Coast,5.6101,64.9952
2024-02-22,Cairns,4.5983,49.8114
2024-02-23,Whitsunday,3.0263,67.1842
2024-02-23,Noosa,4.9169,59.5905
2024-02-23,Cairns,6.4684,43.1351
2024-02-23,Gold Coast,4.6663,52.6325
2024-02-24,Gold Coast,5.5175,40.8117
2024-02-24,Noosa,3.7802,43.4368
2024-02-24,Cairns,7.3866,28.9182
2024-02-24,Whitsunday,4.0252,48.8067
2024-02-25,Gold Coast,5.2204,43.5255
2024-02-25,Noosa,3.2468,41.8033
2024-02-25,Whitsunday,3.11,44.7339
2024-02-25,Cairns,5.4454,34.3227
2024-02-26,Noosa,4.7413,45.3783
2024-02-26,Cairns,4.5873,33.7912
2024-02-26,Whitsunday,4.0588,58.0168
2024-02-26,Gold Coast,5.119,39.9914
2024-02-27,Noosa,3.6596,39.5497
2024-02-27,Cairns,6.103,39.3515
2024-02-27,Gold Coast,4.4199,38.4314
2024-02-27,Whitsunday,3.2763,35.8157
2024-02-28,Whitsunday,3.2253,40.1971
2024-02-28,Gold Coast,4.4441,39.1173
2024-02-28,Noosa,3.3489,42.0468
2024-02-28,Cairns,6.4179,36.6953
2024-02-29,Noosa,3.5924,47.1746
2024-02-29,Gold Coast,4.7796,43.8027
2024-02-29,Cairns,4.6074,31.8518
2024-02-29,Whitsunday,3.355,55.3405
2024-03-01,Noosa,8.3137,56.1578
2024-03-01,Cairns,12,50.7675
2024-03-01,Whitsunday,6.2716,59.7976
2024-03-01,Gold Coast,8.0367,53.738
2024-03-02,Cairns,4.8601,46.0207
2024-03-02,Noosa,3.6556,49.961
2024-03-02,Gold Coast,4.4417,34.708
2024-03-02,Whitsunday,3.8119,60.9401
2024-03-03,Cairns,5.0047,36.9095
2024-03-03,Whitsunday,3.7431,48.11
2024-03-03,Gold Coast,5.4164,36.0774
2024-03-03,Noosa,3.8429,39.3218
2024-03-04,Noosa,5.2739,43.1712
2024-03-04,Gold Coast,5.2241,43.6896
2024-03-04,Whitsunday,3.4705,35.9779
2024-03-04,Cairns,7.5039,33.433
2024-03-05,Whitsunday,4.0594,36.9504
2024-03-05,Gold Coast,4.6221,41.4511
2024-03-05,Noosa,3.853,37.9146
2024-03-05,Cairns,6.8907,38.2349
2024-03-06,Noosa,3.4793,52.6074
2024-03-06,Gold Coast,4.5197,45.9093
2024-03-06,Whitsunday,4.3258,69.4943
2024-03-06,Cairns,4.4086,37.2259
2024-03-07,Gold Coast,4.1579,41.9292
2024-03-07,Cairns,4.3765,40.2677
2024-03-07,Noosa,4.4088,65.8018
2024-03-07,Whitsunday,4.4,63.0307
2024-03-08,Cairns,4.3923,38.0813
2024-03-08,Gold Coast,3.1961,34.3133
2024-03-08,Noosa,4.0948,58.1444
2024-03-08,Whitsunday,3.6462,54.6258
2024-03-09,Gold Coast,3.7266,32.5632
2024-03-09,Whitsunday,3.4722,45.1111
2024-03-09,Cairns,3.879,30.7419
2024-03-09,Noosa,3.1687,39.5286
2024-03-10,Cairns,3.5698,28.3622
2024-03-10,Whitsunday,4.0725,53.7258
2024-03-10,Noosa,4.2921,45.0288
2024-03-10,Gold Coast,5.2824,38.51
2024-03-11,Whitsunday,3.7757,44.5046
2024-03-11,Cairns,5.1481,31.2263
2024-03-11,Noosa,4.958,44.5839
2024-03-11,Gold Coast,5.0568,39.7341
2024-03-12,Gold Coast,5.0473,32.7699
2024-03-12,Whitsunday,3.6074,34.5407
2024-03-12,Noosa,5.26,41.4215
2024-03-12,Cairns,5.1062,31.6714
2024-03-13,Cairns,5.9416,33.725
2024-03-13,Noosa,3.4416,48.6416
2024-03-13,Gold Coast,4.8825,36.8459
2024-03-13,Whitsunday,5.7029,56.7227
2024-03-14,Whitsunday,3.7207,71.2857
2024-03-14,Cairns,4.5871,32.6628
2024-03-14,Gold Coast,4.0202,41.3813
2024-03-14,Noosa,3.9161,44.1227
2024-03-15,Whitsunday,3.5361,50.5301
2024-03-15,Gold Coast,3.3768,36.5063
2024-03-15,Cairns,4.0274,35.8196
2024-03-15,Noosa,3.4966,46.4018
2024-03-16,Whitsunday,3.3664,50.6641
2024-03-16,Gold Coast,3.2446,34.7787
2024-03-16,Noosa,3.1224,35.7405
2024-03-16,Cairns,4.647,35.0714
2024-03-17,Gold Coast,4.2657,38.1605
2024-03-17,Cairns,4.542,36.57
2024-03-17,Whitsunday,3.2268,41.6185
2024-03-17,Noosa,3.959,40.5051
2024-03-18,Cairns,6.5481,36.3472
2024-03-18,Gold Coast,4.858,38.2145
2024-03-18,Whitsunday,3.4566,50.9842
2024-03-18,Noosa,4.4183,46.8605
2024-03-19,Noosa,2.8691,32.5607
2024-03-19,Cairns,3.4179,33.7064
2024-03-19,Gold Coast,3.4928,34.5032
2024-03-19,Whitsunday,3.8947,41.2842
2024-03-20,Gold Coast,4.5184,39.4131
2024-03-20,Cairns,4.8472,38.0098
2024-03-20,Noosa,4.0316,46.6742
2024-03-20,Whitsunday,3.2476,56.5904
2024-03-21,Noosa,3.48,55.3507
2024-03-21,Cairns,4.0511,39.7954
2024-03-21,Gold Coast,3.7309,45.5986
2024-03-21,Whitsunday,3.3648,59.2837
2024-03-22,Whitsunday,2.8707,60.4489
2024-03-22,Cairns,3.777,30.3757
2024-03-22,Gold Coast,2.9127,44.1537
2024-03-22,Noosa,2.5891,52.748
2024-03-23,Gold Coast,3.5237,42.2299
2024-03-23,Cairns,3.8509,37.0745
2024-03-23,Noosa,3.7035,43.1954
2024-03-23,Whitsunday,2.9454,61.309
2024-03-24,Cairns,3.973,35.686
2024-03-24,Gold Coast,4.9666,41.2874
2024-03-24,Noosa,3.5868,50.7104
2024-03-24,Whitsunday,4.4159,57
2024-03-25,Whitsunday,4.6119,54.3134
2024-03-25,Gold Coast,5.2575,43.6934
2024-03-25,Cairns,4.2289,35.3815
2024-03-25,Noosa,2.8515,37.219
2024-03-26,Noosa,3.1826,45.4703
2024-03-26,Whitsunday,3.0941,51.3176
2024-03-26,Gold Coast,4.3876,41.6419
2024-03-26,Cairns,4.3645,43.9064
2024-03-27,Gold Coast,3.9938,45.1404
2024-03-27,Cairns,5.0114,51.8122
2024-03-27,Noosa,4.7482,66.7993
2024-03-27,Whitsunday,4.1666,73.5648
2024-03-28,Gold Coast,4.3974,54.9259
2024-03-28,Cairns,5.2831,67.5813
2024-03-28,Noosa,4.3899,93.0792
2024-03-28,Whitsunday,3.7254,89.2696
2024-03-29,Noosa,4.3779,85.3595
2024-03-29,Gold Coast,3.4388,48.4861
2024-03-29,Whitsunday,3.2489,86.1183
2024-03-29,Cairns,4.5577,54.5822
2024-03-30,Noosa,4.5291,78.0145
2024-03-30,Whitsunday,3.3931,74.0482
2024-03-30,Cairns,4.8547,47.0506
2024-03-30,Gold Coast,4.2122,38.7039
2024-03-31,Gold Coast,4.1058,35.2379
2024-03-31,Cairns,5.3307,45.3115
2024-03-31,Noosa,3.8985,60.7777
2024-03-31,Whitsunday,3.7769,59.9461
2024-04-01,Whitsunday,5.841,71.8079
2024-04-01,Cairns,8.2619,69.4619
2024-04-01,Gold Coast,9.0079,51.1336
2024-04-01,Noosa,8.3807,73.4467
2024-04-02,Whitsunday,4.25,70.4444
2024-04-02,Gold Coast,5.9011,42.9923
2024-04-02,Noosa,6.9123,78.8338
2024-04-02,Cairns,5.0392,45.0032
2024-04-03,Noosa,4.525,50.4324
2024-04-03,Whitsunday,5.0062,56.7625
2024-04-03,Cairns,5.1197,59.6161
2024-04-03,Gold Coast,5.5303,38.6143
2024-04-04,Whitsunday,3.5273,52.9383
2024-04-04,Gold Coast,4.9633,46.9064
2024-04-04,Cairns,4.4055,45.1771
2024-04-04,Noosa,4.9407,58.0481
2024-04-05,Cairns,4.8604,40.3289
2024-04-05,Whitsunday,3.0745,59.6583
2024-04-05,Gold Coast,3.7982,44.2949
2024-04-05,Noosa,3.1391,47.223
2024-04-06,Cairns,3.4148,39.904
2024-04-06,Whitsunday,3.5581,62.4651
2024-04-06,Gold Coast,4.5665,54.6416
2024-04-06,Noosa,3.5698,51.7513
2024-04-07,Whitsunday,3.2366,43.5267
2024-04-07,Noosa,4.8458,48.4172
2024-04-07,Cairns,4.2986,34.3489
2024-04-07,Gold Coast,5.046,45.662
2024-04-08,Cairns,5.8226,44.2269
2024-04-08,Whitsunday,3.647,51.7647
2024-04-08,Gold Coast,5.3966,41.3385
2024-04-08,Noosa,7.2524,48.7147
2024-04-09,Cairns,3.5125,38.0967
2024-04-09,Gold Coast,4.1198,34.2796
2024-04-09,Whitsunday,3.8725,46.9019
2024-04-09,Noosa,4.3062,24.3284
2024-04-10,Gold Coast,3.8518,38.9291
2024-04-10,Noosa,3.1269,29.0576
2024-04-10,Whitsunday,3.0229,36.6183
2024-04-10,Cairns,3.6055,35.8477
2024-04-11,Whitsunday,5.9424,57.8345
2024-04-11,Cairns,3.5294,36.247
2024-04-11,Noosa,4.3298,43.1354
2024-04-11,Gold Coast,4.2907,49.7851
2024-04-12,Cairns,4.8945,32.8618
2024-04-12,Noosa,3.6371,36.3434
2024-04-12,Gold Coast,3.1645,46.3765
2024-04-12,Whitsunday,3.336,49.1885
2024-04-13,Whitsunday,3.7033,56.7203
2024-04-13,Cairns,4.2145,51.9919
2024-04-13,Noosa,4.8983,46.3627
2024-04-13,Gold Coast,4.4179,42.8482
2024-04-14,Whitsunday,4.0261,51.5294
2024-04-14,Gold Coast,6.6589,51.068
2024-04-14,Cairns,6.1091,37.9225
2024-04-14,Noosa,5.6964,48.5821
2024-04-15,Gold Coast,6.453,49.901
2024-04-15,Whitsunday,3.9583,64.2777
2024-04-15,Cairns,6.2061,42.1793
2024-04-15,Noosa,6.7062,48.4455
2024-04-16,Gold Coast,5.1711,51.1867
2024-04-16,Noosa,3.7669,40.3686
2024-04-16,Whitsunday,3.8448,38.9224
2024-04-16,Cairns,3.2471,35.7078
2024-04-17,Whitsunday,4.1612,57.629
2024-04-17,Gold Coast,5.0846,49.3604
2024-04-17,Cairns,4.4494,38.8327
2024-04-17,Noosa,4.4078,47.2587
2024-04-18,Cairns,4.2031,37.5742
2024-04-18,Whitsunday,3.4354,54.2741
2024-04-18,Noosa,4.2751,50.2794
2024-04-18,Gold Coast,3.7787,46.1237
2024-04-19,Noosa,3.3682,43.4435
2024-04-19,Whitsunday,3.9481,63.0074
2024-04-19,Cairns,5.1799,47.782
2024-04-19,Gold Coast,3.8101,42.3854
2024-04-20,Gold Coast,4.0858,41.5461
2024-04-20,Whitsunday,4.0285,89.1214
2024-04-20,Cairns,4.3333,36.5921
2024-04-20,Noosa,4.2546,55.9347
2024-04-21,Noosa,5.0342,59.5133
2024-04-21,Cairns,6.5,38.4427
2024-04-21,Whitsunday,4.7027,65.3693
2024-04-21,Gold Coast,5.0526,39.9444
2024-04-22,Gold Coast,5.2143,42.4068
2024-04-22,Noosa,4.4233,42.4233
2024-04-22,Cairns,4.3461,40.423
2024-04-22,Whitsunday,5.5686,67.2941
2024-04-23,Cairns,3.8371,40.3257
2024-04-23,Whitsunday,4.3454,70.1272
2024-04-23,Gold Coast,4.645,40.8495
2024-04-23,Noosa,4.1855,43.3574
2024-04-24,Whitsunday,3.7891,52.0544
2024-04-24,Gold Coast,4.1693,44.5965
2024-04-24,Noosa,3.69,52.2748
2024-04-24,Cairns,4.1027,34.9554
2024-04-25,Gold Coast,4.154,39.3632
2024-04-25,Whitsunday,3.625,56.8173
2024-04-25,Cairns,4.3843,45.375
2024-04-25,Noosa,3.1127,49.2017
2024-04-26,Cairns,3.3333,31.9285
2024-04-26,Noosa,4.5749,34.1362
2024-04-26,Gold Coast,3.6282,42.7758
2024-04-26,Whitsunday,2.7861,56.0503
2024-04-27,Noosa,3.5673,39.5836
2024-04-27,Cairns,3.2492,28.683
2024-04-27,Gold Coast,3.7896,44.1722
2024-04-27,Whitsunday,4.4966,34.5033
2024-04-28,Gold Coast,4.6684,36.3816
2024-04-28,Noosa,5.0545,54.4363
2024-04-28,Whitsunday,4.7177,58.2258
2024-04-28,Cairns,4.6617,34.0557
2024-04-29,Whitsunday,7.633,55.6422
2024-04-29,Gold Coast,6.8663,46.9418
2024-04-29,Cairns,3.5969,34.0798
2024-04-29,Noosa,6.9929,45.8133
2024-04-30,Noosa,3.8744,40.693
2024-04-30,Cairns,5.2934,31.3629
2024-04-30,Whitsunday,4.4673,61.8043
2024-04-30,Gold Coast,6.312,50.1704
2024-05-01,Noosa,8.1104,69.247
2024-05-01,Whitsunday,6.3178,69.5581
2024-05-01,Gold Coast,11.839,56.9295
2024-05-01,Cairns,8.7853,55.1779
2024-05-02,Gold Coast,3.6878,46.7485
2024-05-02,Whitsunday,3.4782,65.5217
2024-05-02,Noosa,4.1205,66.0035
2024-05-02,Cairns,3.9967,47.5064
2024-05-03,Whitsunday,3.1568,67.3333
2024-05-03,Gold Coast,3.2159,54.9265
2024-05-03,Cairns,3.5702,41.0881
2024-05-03,Noosa,3.9714,54.8133
2024-05-04,Gold Coast,2.849,44.0158
2024-05-04,Cairns,4.2052,42.5366
2024-05-04,Whitsunday,3.4099,50.6024
2024-05-04,Noosa,2.4322,45.6845
2024-05-05,Noosa,3.9272,37.56
2024-05-05,Gold Coast,5.0837,31.3225
2024-05-05,Cairns,3.7564,38.737
2024-05-05,Whitsunday,4.1854,46.0322
2024-05-06,Whitsunday,4.0704,39.169
2024-05-06,Noosa,4.5762,36.6524
2024-05-06,Cairns,5.1545,35.403
2024-05-06,Gold Coast,5.4489,39.5519
2024-05-07,Gold Coast,3.2629,14.4508
2024-05-07,Cairns,2.2634,18.8031
2024-05-07,Whitsunday,1.9607,14.7411
2024-05-07,Noosa,2.483,15.7282
2024-05-08,Whitsunday,2,28.0426
2024-05-08,Noosa,2.0099,15.9784
2024-05-08,Cairns,2.7777,24.0341
2024-05-08,Gold Coast,2.4558,11.9929
2024-05-09,Gold Coast,2.48,19.9399
2024-05-09,Noosa,3.7896,24.5704
2024-05-09,Cairns,2.3575,19.8316
2024-05-09,Whitsunday,2.928,28.084
2024-05-10,Noosa,2.5495,28.5185
2024-05-10,Cairns,3.5217,29.9897
2024-05-10,Whitsunday,3.1896,31.1637
2024-05-10,Gold Coast,3.6515,25.1411
2024-05-11,Whitsunday,2.6288,31.4279
2024-05-11,Noosa,2.4481,22.0662
2024-05-11,Gold Coast,4.1924,20.0531
2024-05-11,Cairns,3.8826,25.929
2024-05-12,Noosa,3.4558,19.5612
2024-05-12,Gold Coast,3.4401,21.8803
2024-05-12,Cairns,3.8891,22.5864
2024-05-12,Whitsunday,4.2294,32.5
2024-05-13,Cairns,3.6376,23.7044
2024-05-13,Whitsunday,2.9429,26.6973
2024-05-13,Noosa,3.1775,23.0315
2024-05-13,Gold Coast,3.8767,21.361
2024-05-14,Whitsunday,1.8895,15.5337
2024-05-14,Gold Coast,2.7383,15.6397
2024-05-14,Noosa,2.4106,13.4593
2024-05-14,Cairns,3.167,24.1744
2024-05-15,Noosa,2.3976,25.4214
2024-05-15,Whitsunday,2.5266,33.7633
2024-05-15,Cairns,3.7253,39.2795
2024-05-15,Gold Coast,3.1616,27.6588
2024-05-16,Noosa,2.9922,48.2239
2024-05-16,Whitsunday,3.2026,47.8823
2024-05-16,Cairns,3.6415,38.4075
2024-05-16,Gold Coast,4.4034,53.6208
2024-05-17,Noosa,3.0368,43.3857
2024-05-17,Gold Coast,3.2992,45.7104
2024-05-17,Cairns,4.1193,37.8271
2024-05-17,Whitsunday,2.5856,61.8121
2024-05-18,Cairns,4.7387,47.9279
2024-05-18,Whitsunday,3.6551,54.4597
2024-05-18,Noosa,3.5673,47.0204
2024-05-18,Gold Coast,3.1546,40.4887
2024-05-19,Whitsunday,5.0705,70.6941
2024-05-19,Cairns,5.8798,58.4519
2024-05-19,Gold Coast,5.4139,45.4756
2024-05-19,Noosa,4.4941,59.75
2024-05-20,Noosa,4.8693,38.1936
2024-05-20,Whitsunday,5.7641,49.5754
2024-05-20,Gold Coast,7.6206,45.4779
2024-05-20,Cairns,4.3287,41.4463
2024-05-21,Whitsunday,3.712,36.976
2024-05-21,Cairns,3.6133,32.4933
2024-05-21,Noosa,3.2274,22.032
2024-05-21,Gold Coast,3.6032,27.0319
2024-05-22,Noosa,2.9877,41.6533
2024-05-22,Whitsunday,3.7591,48
2024-05-22,Gold Coast,3.4939,31.0342
2024-05-22,Cairns,3.8602,38.3897
2024-05-23,Gold Coast,3.8601,37.0349
2024-05-23,Whitsunday,3.2651,55.2803
2024-05-23,Cairns,3.2441,44.7714
2024-05-23,Noosa,3.4615,67.1538
2024-05-24,Cairns,3.9043,45.5
2024-05-24,Whitsunday,2.9056,57.1257
2024-05-24,Gold Coast,2.951,36.772
2024-05-24,Noosa,3.0476,100.9496
2024-05-25,Whitsunday,2.7266,32.2949
2024-05-25,Gold Coast,3.1829,36.5565
2024-05-25,Noosa,4.5765,44.6396
2024-05-25,Cairns,3.6337,38.2877
2024-05-26,Cairns,3.6067,29.5617
2024-05-26,Gold Coast,4.1305,31.4478
2024-05-26,Noosa,7.53,36.1966
2024-05-26,Whitsunday,3.0245,39.418
2024-05-27,Gold Coast,4.5912,32.6054
2024-05-27,Cairns,3.8655,34.577
2024-05-27,Noosa,6.5312,38.0833
2024-05-27,Whitsunday,3,36.819
2024-05-28,Cairns,4,37.8604
2024-05-28,Whitsunday,6.3098,46
2024-05-28,Gold Coast,4.9866,35.5548
2024-05-28,Noosa,4.2687,37.0375
2024-05-29,Noosa,3.9824,48.3684
2024-05-29,Whitsunday,2.875,37.9903
2024-05-29,Gold Coast,3.6424,29.4881
2024-05-29,Cairns,3.8745,37.9176
2024-05-30,Gold Coast,3.6836,32.4519
2024-05-30,Noosa,3.7216,69.8205
2024-05-30,Cairns,5.225,46.7571
2024-05-30,Whitsunday,3.099,38.7837
2024-05-31,Cairns,4.9365,47.3487
2024-05-31,Gold Coast,3.5201,36.9152
2024-05-31,Noosa,3.881,65.8689
2024-05-31,Whitsunday,4.0773,63.9502
2024-06-01,Whitsunday,8.9553,56.4553
2024-06-01,Gold Coast,8.007,46.0511
2024-06-01,Noosa,10.284,65.6724
2024-06-01,Cairns,9.8414,51.0317
2024-06-02,Whitsunday,3.9279,47.9099
2024-06-02,Gold Coast,6.3091,34.8313
2024-06-02,Noosa,4.7899,31.0136
2024-06-02,Cairns,5.2118,41.302
2024-06-03,Noosa,6.3728,37.3596
2024-06-03,Whitsunday,8.7254,56.1176
2024-06-03,Cairns,3.847,45.3955
2024-06-03,Gold Coast,6.2319,35.9742
2024-06-04,Gold Coast,4.1681,34.9928
2024-06-04,Whitsunday,3.1369,33.8904
2024-06-04,Noosa,4.24,33.2914
2024-06-04,Cairns,4.2888,45.9333
2024-06-05,Gold Coast,4.0423,42.1234
2024-06-05,Whitsunday,4.4215,58.3627
2024-06-05,Cairns,4.4411,42.886
2024-06-05,Noosa,3.6542,35.7606
2024-06-06,Noosa,4.2023,44.865
2024-06-06,Whitsunday,4.1081,79.3963
2024-06-06,Gold Coast,3.8435,46.0255
2024-06-06,Cairns,3.5088,57.4134
2024-06-07,Cairns,3.3829,45.8787
2024-06-07,Whitsunday,3.567,69.5426
2024-06-07,Gold Coast,3.3095,42.619
2024-06-07,Noosa,3.5861,46.5833
2024-06-08,Noosa,4.4187,43.625
2024-06-08,Gold Coast,3.5295,35.0052
2024-06-08,Cairns,4.35,43.4406
2024-06-08,Whitsunday,3.9246,46.1027
2024-06-09,Cairns,5.306,46.6583
2024-06-09,Whitsunday,3.8269,60.5096
2024-06-09,Noosa,4.0975,29.1024
2024-06-09,Gold Coast,4.958,43.2459
2024-06-10,Gold Coast,5.7087,42.681
2024-06-10,Cairns,4.1023,48.3105
2024-06-10,Whitsunday,3.5344,49.181
2024-06-10,Noosa,5.6076,43.8653
2024-06-11,Noosa,3.701,36.5108
2024-06-11,Gold Coast,4.4657,39.8818
2024-06-11,Cairns,4.5375,51.8083
2024-06-11,Whitsunday,4.0632,53.1139
2024-06-12,Cairns,4.8447,66.988
2024-06-12,Gold Coast,3.7735,40.0807
2024-06-12,Whitsunday,4.1555,46.0222
2024-06-12,Noosa,5.7878,32.5454
2024-06-13,Noosa,3.617,45.8723
2024-06-13,Whitsunday,7.416,60.136
2024-06-13,Cairns,3.9709,75.6147
2024-06-13,Gold Coast,3.6247,36.7364
2024-06-14,Cairns,3.7654,71.8592
2024-06-14,Noosa,3.4182,44.1994
2024-06-14,Whitsunday,3.2267,51.279
2024-06-14,Gold Coast,3.3753,38.0013
2024-06-15,Cairns,3.9637,55.9782
2024-06-15,Gold Coast,3.525,33.6824
2024-06-15,Noosa,3.9291,34.0626
2024-06-15,Whitsunday,3.4166,54.6893
2024-06-16,Noosa,5.3372,33.6039
2024-06-16,Gold Coast,4.155,36.219
2024-06-16,Whitsunday,4.303,46.2878
2024-06-16,Cairns,5.0034,45.1358
2024-06-17,Noosa,3.8653,27.516
2024-06-17,Gold Coast,5.6202,37.346
2024-06-17,Whitsunday,5.5042,48.6239
2024-06-17,Cairns,4.7366,37.7781
2024-06-18,Whitsunday,3.5164,60.4835
2024-06-18,Noosa,4.2272,32.2443
2024-06-18,Gold Coast,4.1636,43.1282
2024-06-18,Cairns,4.3693,52.2012
2024-06-19,Gold Coast,4.0801,43.78
2024-06-19,Whitsunday,3.1834,43.9541
2024-06-19,Noosa,3.3262,34.8609
2024-06-19,Cairns,3.6657,42.2747
2024-06-20,Whitsunday,3.7573,58.3823
2024-06-20,Noosa,3.6465,43.8
2024-06-20,Cairns,4.5953,43.5693
2024-06-20,Gold Coast,3.9813,39.9689
2024-06-21,Noosa,4.0055,44.4297
2024-06-21,Whitsunday,5.53,62.2677
2024-06-21,Gold Coast,3.6815,40.3472
2024-06-21,Cairns,4.0822,53.2904
2024-06-22,Gold Coast,3.5783,42.2709
2024-06-22,Whitsunday,4,52.9459
2024-06-22,Noosa,4.1639,41.7704
2024-06-22,Cairns,4,64.1207
2024-06-23,Noosa,4.0238,36.746
2024-06-23,Cairns,4.8814,57.1945
2024-06-23,Gold Coast,4.7673,38.4215
2024-06-23,Whitsunday,4.1869,52.6585
2024-06-24,Cairns,4.3814,56.2479
2024-06-24,Noosa,3.8048,46.1056
2024-06-24,Whitsunday,3.4615,44.9743
2024-06-24,Gold Coast,4.4638,36.6524
2024-06-25,Noosa,4.8695,37.6908
2024-06-25,Gold Coast,3.5755,32.2544
2024-06-25,Cairns,4.4672,49.8598
2024-06-25,Whitsunday,3.0555,43.5416
2024-06-26,Gold Coast,4.3772,36.3821
2024-06-26,Noosa,4.3577,43.4082
2024-06-26,Whitsunday,3.1944,47.5462
2024-06-26,Cairns,4.0968,53.7236
2024-06-27,Cairns,4.3841,71.5621
2024-06-27,Whitsunday,3.8132,67.4759
2024-06-27,Noosa,3.8175,45.5839
2024-06-27,Gold Coast,4.1447,36.6237
2024-06-28,Gold Coast,3.1855,36.806
2024-06-28,Whitsunday,3.2126,62.1264
2024-06-28,Cairns,3.9456,60.6603
2024-06-28,Noosa,3.3074,40.1443
2024-06-29,Gold Coast,3.4251,32.909
2024-06-29,Noosa,4.2507,55.2857
2024-06-29,Whitsunday,3.7552,57.6713
2024-06-29,Cairns,4.3455,65.4293
2024-06-30,Whitsunday,4.6645,76.0451
2024-06-30,Gold Coast,4.9221,37.3291
2024-06-30,Noosa,6.1609,65.1455
2024-06-30,Cairns,4.4704,75.6639
2024-07-01,Noosa,8.8808,70.5429
2024-07-01,Cairns,8.2925,84.2336
2024-07-01,Whitsunday,5.6887,79.8278
2024-07-01,Gold Coast,9.6957,52.5443
2024-07-02,Gold Coast,4.9544,44.7968
2024-07-02,Noosa,5.3853,50.8119
2024-07-02,Cairns,4.1768,63.3689
2024-07-02,Whitsunday,3.7258,64.508
2024-07-03,Noosa,4.4696,65.3068
2024-07-03,Gold Coast,3.684,43.358
2024-07-03,Whitsunday,3.8442,71.0081
2024-07-03,Cairns,4.5169,72.3135
2024-07-04,Cairns,4.6153,69.4985
2024-07-04,Whitsunday,4.1942,71.3597
2024-07-04,Noosa,4.0658,55.1356
2024-07-04,Gold Coast,3.6451,67.4025
2024-07-05,Gold Coast,3.1843,85.0335
2024-07-05,Whitsunday,3.8203,68.75
2024-07-05,Noosa,3.862,52.0402
2024-07-05,Cairns,4.26,68.6742
2024-07-06,Whitsunday,4.0584,85.3961
2024-07-06,Gold Coast,3.8924,70.8787
2024-07-06,Cairns,4.6923,79.0056
2024-07-06,Noosa,3.5186,61.3385
2024-07-07,Whitsunday,4.6969,75.6136
2024-07-07,Noosa,5.5601,59.0526
2024-07-07,Gold Coast,8.6792,53.5171
2024-07-07,Cairns,5.9302,66.2209
2024-07-08,Whitsunday,5.234,58.7801
2024-07-08,Cairns,5.4005,70.7434
2024-07-08,Noosa,6.2516,56.5794
2024-07-08,Gold Coast,8.9349,47.9444
2024-07-09,Whitsunday,5.552,70.8125
2024-07-09,Noosa,4.1441,47.6419
2024-07-09,Gold Coast,5.6176,39.5333
2024-07-09,Cairns,5.5643,72.0614
2024-07-10,Cairns,4.4926,69.1436
2024-07-10,Noosa,4.2967,47.4688
2024-07-10,Gold Coast,5.6739,40.7107
2024-07-10,Whitsunday,4.2262,55.8102
2024-07-11,Gold Coast,5.234,41.0075
2024-07-11,Whitsunday,3.7677,61.0451
2024-07-11,Noosa,5.172,58.04
2024-07-11,Cairns,4.4261,59.6601
2024-07-12,Gold Coast,3.6045,37.8916
2024-07-12,Whitsunday,3.0127,68.2802
2024-07-12,Cairns,3.7567,62.3857
2024-07-12,Noosa,5.0244,57.3105
2024-07-13,Cairns,5.1882,69.4254
2024-07-13,Whitsunday,4.3643,59.8914
2024-07-13,Gold Coast,4.2927,39.9618
2024-07-13,Noosa,5.0865,61.5582
2024-07-14,Noosa,5.1317,55.6655
2024-07-14,Cairns,4.7303,63.4685
2024-07-14,Gold Coast,4.5542,39.0871
2024-07-14,Whitsunday,4.9389,64.9847
2024-07-15,Gold Coast,6.3591,40.159
2024-07-15,Noosa,6.6116,56.4862
2024-07-15,Whitsunday,5.0921,78.7304
2024-07-15,Cairns,4.9464,59.9489
2024-07-16,Gold Coast,4.877,39.0931
2024-07-16,Noosa,4.3224,43.2081
2024-07-16,Cairns,4.1294,55.4029
2024-07-16,Whitsunday,4.1764,51.6638
2024-07-17,Whitsunday,3.8409,64.9924
2024-07-17,Noosa,5.3957,42.0812
2024-07-17,Gold Coast,4.5665,37.9946
2024-07-17,Cairns,4.5592,55.8632
2024-07-18,Cairns,4.037,54.0899
2024-07-18,Noosa,2.9051,57.0703
2024-07-18,Gold Coast,4.0938,35.6798
2024-07-18,Whitsunday,3.7245,56.4251
2024-07-19,Gold Coast,3.0119,36.7017
2024-07-19,Cairns,3.3686,53.9166
2024-07-19,Whitsunday,3.5903,66.6204
2024-07-19,Noosa,4.4862,52.0723
2024-07-20,Noosa,3.4551,42.8513
2024-07-20,Gold Coast,4.4655,34.0706
2024-07-20,Cairns,4.7956,59
2024-07-20,Whitsunday,3.7459,57.2648
2024-07-21,Noosa,5.0538,54.101
2024-07-21,Whitsunday,4,67.2878
2024-07-21,Gold Coast,5.6169,38.6495
2024-07-21,Cairns,4.6569,53.9656
2024-07-22,Noosa,7.1037,66.6195
2024-07-22,Whitsunday,3.8493,51.5958
2024-07-22,Gold Coast,6.6179,46.4457
2024-07-22,Cairns,5.8091,58.748
2024-07-23,Noosa,4.2276,41.5243
2024-07-23,Cairns,4.9279,58.1891
2024-07-23,Gold Coast,4.531,39.4431
2024-07-23,Whitsunday,3.3615,50.223
2024-07-24,Gold Coast,4.6148,45.273
2024-07-24,Noosa,4.8027,51.7522
2024-07-24,Cairns,4.591,57.1313
2024-07-24,Whitsunday,4.3311,62.2715
2024-07-25,Cairns,3.9871,58.7139
2024-07-25,Gold Coast,4.328,42.7917
2024-07-25,Whitsunday,3.6062,73.7812
2024-07-25,Noosa,3.9301,51.658
2024-07-26,Gold Coast,3.8713,41.4099
2024-07-26,Whitsunday,2.8072,83
2024-07-26,Cairns,3.6728,57.8747
2024-07-26,Noosa,3.3555,58.4345
2024-07-27,Whitsunday,3.6778,61.5503
2024-07-27,Cairns,4.3065,59.3095
2024-07-27,Noosa,3.9155,53.7694
2024-07-27,Gold Coast,4.3542,41.5951
2024-07-28,Noosa,4.4214,52.9321
2024-07-28,Whitsunday,3.4796,47.7317
2024-07-28,Gold Coast,5.3646,36.4311
2024-07-28,Cairns,4.905,50.5118
2024-07-29,Whitsunday,3.3611,56.2291
2024-07-29,Noosa,4.2213,54.4312
2024-07-29,Gold Coast,4.7054,38.4096
2024-07-29,Cairns,4.9275,55.2825
2024-07-30,Noosa,4.9707,70.6097
2024-07-30,Whitsunday,6.2164,58.5567
2024-07-30,Cairns,4.4668,68.894
2024-07-30,Gold Coast,4.6116,35.6532
2024-07-31,Gold Coast,4.9435,38.1997
2024-07-31,Whitsunday,5.0086,63.8086
2024-07-31,Noosa,5.8,56.3531
2024-07-31,Cairns,4.6231,62.2789
2024-08-01,Noosa,9.3403,75.3825
2024-08-01,Cairns,7.0769,76.4292
2024-08-01,Gold Coast,8.7527,49.8365
2024-08-01,Whitsunday,4.1864,78.0903
2024-08-02,Noosa,3.9528,68.9685
2024-08-02,Gold Coast,3.4213,41.691
2024-08-02,Whitsunday,3.0497,83.4726
2024-08-02,Cairns,4.3233,66.6812
2024-08-03,Whitsunday,3.517,84.3741
2024-08-03,Noosa,5.3655,60.8279
2024-08-03,Gold Coast,4.0347,37.542
2024-08-03,Cairns,4.2267,65.6133
2024-08-04,Cairns,4.8881,52.9161
2024-08-04,Gold Coast,4.892,36.6835
2024-08-04,Noosa,4.3391,45.7086
2024-08-04,Whitsunday,4.8653,62.8589
2024-08-05,Whitsunday,4.326,74.9057
2024-08-05,Cairns,5.2109,53.427
2024-08-05,Gold Coast,4.2835,38.7658
2024-08-05,Noosa,5.8842,55.6818
2024-08-06,Noosa,5.5208,55.9791
2024-08-06,Whitsunday,3.6237,54.1782
2024-08-06,Gold Coast,4.1781,33.9962
2024-08-06,Cairns,4.2102,52.3333
2024-08-07,Noosa,4.0994,56.4712
2024-08-07,Whitsunday,3.7727,85.0606
2024-08-07,Gold Coast,4.8211,40.0496
2024-08-07,Cairns,4.7218,53.3843
2024-08-08,Cairns,3.9631,53.813
2024-08-08,Noosa,4.3372,46.5058
2024-08-08,Gold Coast,3.7801,35.3118
2024-08-08,Whitsunday,3.7426,82.4152
2024-08-09,Cairns,3.8402,55.6093
2024-08-09,Noosa,3.6698,50.2264
2024-08-09,Gold Coast,3.4581,37.392
2024-08-09,Whitsunday,2.8956,69.5329
2024-08-10,Gold Coast,3.3303,37.7255
2024-08-10,Noosa,3.6389,49.9656
2024-08-10,Whitsunday,3.3901,71.8846
2024-08-10,Cairns,4.6966,51.7687
2024-08-11,Whitsunday,3.2435,74.2371
2024-08-11,Gold Coast,4.7486,37.3354
2024-08-11,Noosa,4.0485,45.3805
2024-08-11,Cairns,3.5364,50.5539
2024-08-12,Whitsunday,5.0993,65.5652
2024-08-12,Noosa,5.0211,57.5105
2024-08-12,Cairns,4.525,53.0075
2024-08-12,Gold Coast,4.1776,40.9522
2024-08-13,Cairns,4.9164,55.1509
2024-08-13,Whitsunday,4.1574,53.37
2024-08-13,Noosa,4.725,43.5338
2024-08-13,Gold Coast,4.1209,35.8368
2024-08-14,Whitsunday,3.1192,70.7086
2024-08-14,Cairns,3.9185,50.491
2024-08-14,Noosa,3.8698,46.6698
2024-08-14,Gold Coast,4.2133,42.7322
2024-08-15,Noosa,4.5674,52.4982
2024-08-15,Gold Coast,3.6953,55.1688
2024-08-15,Whitsunday,4,108.0118
2024-08-15,Cairns,4.765,51.7125
2024-08-16,Cairns,5.2149,52.9929
2024-08-16,Noosa,3.0426,48.6165
2024-08-16,Gold Coast,3.1717,62.746
2024-08-16,Whitsunday,4.5842,101.7885
2024-08-17,Whitsunday,4.6854,79.0093
2024-08-17,Cairns,4.4297,53.8319
2024-08-17,Gold Coast,3.6523,43.8134
2024-08-17,Noosa,3.441,36.4606
2024-08-18,Gold Coast,4.6846,41.8775
2024-08-18,Noosa,4.9649,40.9368
2024-08-18,Whitsunday,4.5793,55.4841
2024-08-18,Cairns,4.2,54
2024-08-19,Noosa,5.7907,48.0248
2024-08-19,Whitsunday,4.2978,49.2624
2024-08-19,Gold Coast,6.9028,44.3935
2024-08-19,Cairns,4.2411,50.5609
2024-08-20,Whitsunday,3.726,52.7671
2024-08-20,Cairns,4.4492,55.6769
2024-08-20,Gold Coast,4.7113,38.4007
2024-08-20,Noosa,4.05,43.4045
2024-08-21,Noosa,3.0366,42.652
2024-08-21,Gold Coast,4.3109,41.0483
2024-08-21,Cairns,4.1407,56.2111
2024-08-21,Whitsunday,3.2027,56.1748
2024-08-22,Noosa,3.8561,52.5122
2024-08-22,Cairns,4.8075,59.0728
2024-08-22,Whitsunday,3.4285,73.55
2024-08-22,Gold Coast,3.3317,42.0993
2024-08-23,Gold Coast,3.2765,41.2059
2024-08-23,Noosa,3.2736,57.7661
2024-08-23,Whitsunday,3.401,68.3901
2024-08-23,Cairns,4.1548,54.7904
2024-08-24,Whitsunday,3.9925,64.0671
2024-08-24,Gold Coast,3.3755,38.4295
2024-08-24,Cairns,4.6358,52.8505
2024-08-24,Noosa,3.4321,57.4357
2024-08-25,Cairns,4.0325,53.5016
2024-08-25,Gold Coast,4.2722,42.8561
2024-08-25,Noosa,4.4067,40.7985
2024-08-25,Whitsunday,3.3557,59.5503
2024-08-26,Cairns,4.9476,50.5289
2024-08-26,Noosa,4.8661,47.6431
2024-08-26,Whitsunday,4.2318,64.9637
2024-08-26,Gold Coast,4.8401,43.8046
2024-08-27,Noosa,6.0597,39.6268
2024-08-27,Gold Coast,4.9658,44.1261
2024-08-27,Cairns,5.0844,54.8961
2024-08-27,Whitsunday,2.9619,62.5142
2024-08-28,Noosa,3.6541,37.1916
2024-08-28,Cairns,4.7919,47.0155
2024-08-28,Gold Coast,4.0581,39.5754
2024-08-28,Whitsunday,3.3983,77.4067
2024-08-29,Whitsunday,3.3821,68.898
2024-08-29,Noosa,4.3017,55.3477
2024-08-29,Cairns,4.1192,63.9143
2024-08-29,Gold Coast,4.0713,40.0133
2024-08-30,Gold Coast,3.2994,40.2783
2024-08-30,Cairns,3.5683,42.6005
2024-08-30,Noosa,3.3887,49.6798
2024-08-30,Whitsunday,3.4114,75.0625
2024-08-31,Whitsunday,3.9096,55.012
2024-08-31,Cairns,4.4078,51.0726
2024-08-31,Noosa,3.9638,51.8072
2024-08-31,Gold Coast,4.1665,43.6536