-- MySQL dump 10.13  Distrib 8.0.36, for Win64 (x86_64)
--
-- Host: localhost    Database: tourism
-- ------------------------------------------------------
-- Server version	8.4.0

/*!40101 SET @OLD_CHARACTER_SET_CLIENT=@@CHARACTER_SET_CLIENT */;
/*!40101 SET @OLD_CHARACTER_SET_RESULTS=@@CHARACTER_SET_RESULTS */;
/*!40101 SET @OLD_COLLATION_CONNECTION=@@COLLATION_CONNECTION */;
/*!50503 SET NAMES utf8 */;
/*!40103 SET @OLD_TIME_ZONE=@@TIME_ZONE */;
/*!40103 SET TIME_ZONE='+00:00' */;
/*!40014 SET @OLD_UNIQUE_CHECKS=@@UNIQUE_CHECKS, UNIQUE_CHECKS=0 */;
/*!40014 SET @OLD_FOREIGN_KEY_CHECKS=@@FOREIGN_KEY_CHECKS, FOREIGN_KEY_CHECKS=0 */;
/*!40101 SET @OLD_SQL_MODE=@@SQL_MODE, SQL_MODE='NO_AUTO_VALUE_ON_ZERO' */;
/*!40111 SET @OLD_SQL_NOTES=@@SQL_NOTES, SQL_NOTES=0 */;

--
-- Table structure for table `client_lgas`
--

DROP TABLE IF EXISTS `client_lgas`;
/*!40101 SET @saved_cs_client     = @@character_set_client */;
/*!50503 SET character_set_client = utf8mb4 */;
CREATE TABLE `client_lgas` (
  `client_id` int NOT NULL,
  `lga_id` int NOT NULL,
  PRIMARY KEY (`client_id`,`lga_id`),
  KEY `lga_id` (`lga_id`),
  CONSTRAINT `client_lgas_ibfk_1` FOREIGN KEY (`client_id`) REFERENCES `clients` (`id`) ON DELETE CASCADE,
  CONSTRAINT `client_lgas_ibfk_2` FOREIGN KEY (`lga_id`) REFERENCES `lgas` (`id`) ON DELETE CASCADE
) ENGINE=InnoDB DEFAULT CHARSET=utf8mb4 COLLATE=utf8mb4_0900_ai_ci;
/*!40101 SET character_set_client = @saved_cs_client */;

--
-- Dumping data for table `client_lgas`
--

LOCK TABLES `client_lgas` WRITE;
/*!40000 ALTER TABLE `client_lgas` DISABLE KEYS */;
INSERT INTO `client_lgas` VALUES (1,1),(19,1),(1,2),(1,3),(18,3),(1,4);
/*!40000 ALTER TABLE `client_lgas` ENABLE KEYS */;
UNLOCK TABLES;

--
-- Table structure for table `clients`
--

DROP TABLE IF EXISTS `clients`;
/*!40101 SET @saved_cs_client     = @@character_set_client */;
/*!50503 SET character_set_client = utf8mb4 */;
CREATE TABLE `clients` (
  `id` int NOT NULL AUTO_INCREMENT,
  `c_name` varchar(255) NOT NULL,
  `c_type` varchar(255) NOT NULL,
  `domain` varchar(255) NOT NULL,
  `licenses` int NOT NULL,
  `expires_at` datetime NOT NULL DEFAULT CURRENT_TIMESTAMP,
  `updated_at` timestamp NULL DEFAULT CURRENT_TIMESTAMP ON UPDATE CURRENT_TIMESTAMP,
  `created_at` timestamp NULL DEFAULT CURRENT_TIMESTAMP,
  PRIMARY KEY (`id`)
) ENGINE=InnoDB AUTO_INCREMENT=20 DEFAULT CHARSET=utf8mb4 COLLATE=utf8mb4_0900_ai_ci;
/*!40101 SET character_set_client = @saved_cs_client */;

--
-- Dumping data for table `clients`
--

LOCK TABLES `clients` WRITE;
/*!40000 ALTER TABLE `clients` DISABLE KEYS */;
INSERT INTO `clients` VALUES (1,'Tourism Trends','admin','tourismtrends.com',9999,'9999-12-31 23:59:59','2024-11-28 00:03:46','2024-11-27 08:41:53'),(18,'Ian\'s Hotels','Business','business.com',8,'2025-11-27 19:01:52','2024-11-28 00:04:34','2024-11-27 09:01:52'),(19,'Cairns Tourism','Government','person.com',4,'2025-11-28 16:56:24','2024-11-28 06:56:24','2024-11-27 09:09:48');
/*!40000 ALTER TABLE `clients` ENABLE KEYS */;
UNLOCK TABLES;

--
-- Table structure for table `lgas`
--

DROP TABLE IF EXISTS `lgas`;
/*!40101 SET @saved_cs_client     = @@character_set_client */;
/*!50503 SET character_set_client = utf8mb4 */;
CREATE TABLE `lgas` (
  `id` int NOT NULL AUTO_INCREMENT,
  `lga_name` varchar(255) NOT NULL,
  `state` varchar(255) NOT NULL,
  PRIMARY KEY (`id`)
) ENGINE=InnoDB AUTO_INCREMENT=5 DEFAULT CHARSET=utf8mb4 COLLATE=utf8mb4_0900_ai_ci;
/*!40101 SET character_set_client = @saved_cs_client */;

--
-- Dumping data for table `lgas`
--

LOCK TABLES `lgas` WRITE;
/*!40000 ALTER TABLE `lgas` DISABLE KEYS */;
INSERT INTO `lgas` VALUES (1,'Cairns','Queensland'),(2,'Gold Coast','Queensland'),(3,'Noosa','Queensland'),(4,'Whitsunday','Queensland');
/*!40000 ALTER TABLE `lgas` ENABLE KEYS */;
UNLOCK TABLES;

--
-- Table structure for table `new_clients`
--

DROP TABLE IF EXISTS `new_clients`;
/*!40101 SET @saved_cs_client     = @@character_set_client */;
/*!50503 SET character_set_client = utf8mb4 */;
CREATE TABLE `new_clients` (
  `id` char(36) NOT NULL,
  `name` varchar(255) DEFAULT NULL,
  `email` varchar(255) DEFAULT NULL,
  `c_name` varchar(255) DEFAULT NULL,
  `c_type` varchar(255) DEFAULT NULL,
  `lgaIds` varchar(255) DEFAULT NULL,
  `licenses` int DEFAULT NULL,
  `message` varchar(255) DEFAULT NULL,
  `amount` int DEFAULT NULL,
  `paymentMethod` varchar(255) DEFAULT NULL,
  `quoteRef` varchar(255) DEFAULT NULL,
  `status` varchar(255) DEFAULT 'pending',
  `created_at` timestamp NOT NULL DEFAULT CURRENT_TIMESTAMP,
  `updated_at` timestamp NOT NULL DEFAULT CURRENT_TIMESTAMP,
  PRIMARY KEY (`id`)
) ENGINE=InnoDB DEFAULT CHARSET=utf8mb4 COLLATE=utf8mb4_0900_ai_ci;
/*!40101 SET character_set_client = @saved_cs_client */;

--
-- Dumping data for table `new_clients`
--

LOCK TABLES `new_clients` WRITE;
/*!40000 ALTER TABLE `new_clients` DISABLE KEYS */;
INSERT INTO `new_clients` VALUES ('ab29fc64-f400-4bcc-9f76-0ce0d95015f0','Mr Ian Business','ian@business.com','Ian\'s Hotels','Business','3',8,'',259,'credit card','QRef-99fca347','registered','2024-11-27 05:31:43','2024-11-27 05:31:43'),('c426503c-5283-470b-a2a7-e9d7bd396e75','A Person','alan@person.com','Cairns Tourism','Government','1',4,'',238,'credit card','QRef-317f0fce','registered','2024-11-27 06:30:21','2024-11-27 06:30:21');
/*!40000 ALTER TABLE `new_clients` ENABLE KEYS */;
UNLOCK TABLES;

--
-- Table structure for table `trends`
--

DROP TABLE IF EXISTS `trends`;
/*!40101 SET @saved_cs_client     = @@character_set_client */;
/*!50503 SET character_set_client = utf8mb4 */;
CREATE TABLE `trends` (
  `id` int DEFAULT NULL,
  `date` text,
  `lga_id` int DEFAULT NULL,
  `average_historical_occupancy` double DEFAULT NULL,
  `average_daily_rate` double DEFAULT NULL,
  `average_length_of_stay` double DEFAULT NULL,
  `average_booking_window` double DEFAULT NULL
) ENGINE=InnoDB DEFAULT CHARSET=utf8mb4 COLLATE=utf8mb4_0900_ai_ci;
/*!40101 SET character_set_client = @saved_cs_client */;

--
-- Dumping data for table `trends`
--

LOCK TABLES `trends` WRITE;
/*!40000 ALTER TABLE `trends` DISABLE KEYS */;
INSERT INTO `trends` VALUES (1,'2023-01-01',1,0.776,283.8151,10.6884,81.6115),(2,'2023-01-01',2,0.7636,391.8278,8.0718,75.3816),(3,'2023-01-01',3,0.8501,431.3611,6.2792,91.072),(4,'2023-01-01',4,0.8575,378.0744,5.1407,102.9851),(5,'2023-01-02',1,0.7189,276.0222,5.5602,71.4367),(6,'2023-01-02',2,0.7355,387.2607,5.2213,68.0838),(7,'2023-01-02',3,0.8242,426.1181,5.4782,93.7237),(8,'2023-01-02',4,0.8195,377.7442,4.0717,102.3384),(9,'2023-01-03',1,0.6871,272.2751,5.3333,74.44),(10,'2023-01-03',2,0.7538,386.5607,4.952,68.264),(11,'2023-01-03',3,0.821,425.0433,6.9093,89.8705),(12,'2023-01-03',4,0.7812,376.3594,7.0931,92.0248),(13,'2023-01-04',1,0.6647,267.2004,4.9628,59.8801),(14,'2023-01-04',2,0.7608,380.3056,4.8342,66.9005),(15,'2023-01-04',3,0.8048,421.5872,9.5333,89.6842),(16,'2023-01-04',4,0.7735,377.0013,5.0068,86.6068),(17,'2023-01-05',1,0.6568,266.6966,6.261,65.9397),(18,'2023-01-05',2,0.7573,381.5207,4.8191,55.8459),(19,'2023-01-05',3,0.8002,422.3139,4.1992,79.8844),(20,'2023-01-05',4,0.7986,385.6598,5.9565,89.3726),(21,'2023-01-06',1,0.6549,260.9983,5.645,49.3931),(22,'2023-01-06',2,0.7498,376.1983,4.9936,61.3881),(23,'2023-01-06',3,0.765,405.0788,5.6237,67.6067),(24,'2023-01-06',4,0.7938,373.0587,4.4109,73.6301),(25,'2023-01-07',1,0.6348,258.1485,9.632,73.844),(26,'2023-01-07',2,0.7277,374.7809,4.9167,59.4815),(27,'2023-01-07',3,0.7467,399.8842,6.6092,78.1292),(28,'2023-01-07',4,0.7799,364.5553,4.2153,81.2076),(29,'2023-01-08',1,0.6106,253.2946,5.6043,73.1347),(30,'2023-01-08',2,0.6865,361.7114,5.593,56.208),(31,'2023-01-08',3,0.7181,397.4451,6.1242,71.8),(32,'2023-01-08',4,0.7452,370.3526,6.0136,85.17),(33,'2023-01-09',1,0.5972,253.2524,5.8905,58.083),(34,'2023-01-09',2,0.6918,357.9031,5.6948,62.4968),(35,'2023-01-09',3,0.7187,393.1512,5.7521,71.6005),(36,'2023-01-09',4,0.739,364.0056,5.9022,80.0459),(37,'2023-01-10',1,0.5847,250.5041,4.5622,54.1612),(38,'2023-01-10',2,0.7102,357.4896,4.69,54.0033),(39,'2023-01-10',3,0.7174,396.8259,5.4356,63.8132),(40,'2023-01-10',4,0.7258,368.2444,3.7272,89.9173),(41,'2023-01-11',1,0.5823,249.6869,5.9716,61.1886),(42,'2023-01-11',2,0.7269,356.2818,4.8237,54.7398),(43,'2023-01-11',3,0.7198,392.9046,4.9459,62.6563),(44,'2023-01-11',4,0.721,366.8329,5.3858,86.0472),(45,'2023-01-12',1,0.5829,246.3707,5.615,53.469),(46,'2023-01-12',2,0.7338,353.8467,4.4981,55.626),(47,'2023-01-12',3,0.6993,387.2321,4.4861,62.1343),(48,'2023-01-12',4,0.6985,365.5661,3.664,64.9843),(49,'2023-01-13',1,0.5685,246.4229,6.0048,42.7135),(50,'2023-01-13',2,0.7427,359.9103,3.4353,53.0077),(51,'2023-01-13',3,0.7099,383.2939,4.7259,57.1355),(52,'2023-01-13',4,0.7199,360.6415,3.3272,82.8666),(53,'2023-01-14',1,0.5602,244.7839,4.0462,54.2777),(54,'2023-01-14',2,0.7345,358.1403,5.4372,60.8339),(55,'2023-01-14',3,0.6995,384.5959,4.5472,64.1013),(56,'2023-01-14',4,0.7139,363.9764,3.5985,76.3873),(57,'2023-01-15',1,0.5497,238.7771,7.244,57.9803),(58,'2023-01-15',2,0.6567,349.232,6.1109,56.9229),(59,'2023-01-15',3,0.6362,386.165,7.2302,74.0296),(60,'2023-01-15',4,0.6513,363.9265,3.248,61.416),(61,'2023-01-16',1,0.5391,239.2601,5.4862,53.266),(62,'2023-01-16',2,0.6616,346.4049,5.7218,61.3505),(63,'2023-01-16',3,0.6289,380.8513,4.8645,73.6967),(64,'2023-01-16',4,0.6397,367.1971,3.7372,51.9635),(65,'2023-01-17',1,0.5305,239.34,7.0909,44.5681),(66,'2023-01-17',2,0.6661,343.0668,5.2011,54.6708),(67,'2023-01-17',3,0.6293,377.7614,4.9581,53.2719),(68,'2023-01-17',4,0.6256,358.0639,7.9406,44),(69,'2023-01-18',1,0.5371,237.669,5.733,45.1402),(70,'2023-01-18',2,0.6753,346.4894,4.4763,51.8448),(71,'2023-01-18',3,0.6253,379.1298,4.7323,57.4272),(72,'2023-01-18',4,0.6158,372.7315,5.8482,52.9821),(73,'2023-01-19',1,0.5156,238.3914,4.6195,47.3369),(74,'2023-01-19',2,0.6809,345.4083,3.7675,45.6787),(75,'2023-01-19',3,0.6355,379.6353,5.0806,51.6572),(76,'2023-01-19',4,0.6089,375.0769,2.8818,58.2125),(77,'2023-01-20',1,0.5365,236.0929,4.5294,38.0042),(78,'2023-01-20',2,0.69,354.7091,4.9429,44.6734),(79,'2023-01-20',3,0.6311,373.1004,3.6091,61.4823),(80,'2023-01-20',4,0.6485,362.6475,3.3878,70.8484),(81,'2023-01-21',1,0.5332,237.6139,5.9372,48.13),(82,'2023-01-21',2,0.6872,353.5422,5.7272,50.2692),(83,'2023-01-21',3,0.6363,371.3553,5.3122,71.9036),(84,'2023-01-21',4,0.6306,363.099,5.7016,72.9516),(85,'2023-01-22',1,0.5246,231.0846,4.7,44.5526),(86,'2023-01-22',2,0.6345,341.0137,6.1779,49.8133),(87,'2023-01-22',3,0.5638,366.4297,4.7243,65.7102),(88,'2023-01-22',4,0.5872,368.2111,7.3839,58.3571),(89,'2023-01-23',1,0.5233,222.3842,7.5172,44.6256),(90,'2023-01-23',2,0.625,335.2294,5.7053,52.7515),(91,'2023-01-23',3,0.5362,365.8222,5.7159,72.4242),(92,'2023-01-23',4,0.5678,361.5284,7.6513,63.7522),(93,'2023-01-24',1,0.5129,220.784,6.4402,31.8364),(94,'2023-01-24',2,0.6083,332.1403,5.3433,43.4626),(95,'2023-01-24',3,0.5261,358.4518,4.258,56.344),(96,'2023-01-24',4,0.5782,354.4482,4.4731,53.5591),(97,'2023-01-25',1,0.5235,221.648,4.8,32.8279),(98,'2023-01-25',2,0.6204,328.0949,4.4531,43.2765),(99,'2023-01-25',3,0.5798,355.3859,3.3816,49.4408),(100,'2023-01-25',4,0.5835,349.9989,3.7777,57.3968),(101,'2023-01-26',1,0.5401,221.2421,5.5228,34.9045),(102,'2023-01-26',2,0.6664,328.7861,4.3793,40.2912),(103,'2023-01-26',3,0.6617,355.1527,3.6715,48.6102),(104,'2023-01-26',4,0.6233,347.2038,5.6183,56.8396),(105,'2023-01-27',1,0.5343,217.2098,4.6682,25.8388),(106,'2023-01-27',2,0.6784,333.461,4.4122,46.5329),(107,'2023-01-27',3,0.6835,349.7366,3.6708,47.9686),(108,'2023-01-27',4,0.6295,333.0775,3.0144,50.3985),(109,'2023-01-28',1,0.5154,217.4798,4.5073,27.463),(110,'2023-01-28',2,0.644,328.3863,4.129,37.2322),(111,'2023-01-28',3,0.6452,350.3235,3.3073,47.4862),(112,'2023-01-28',4,0.6063,324.9824,3.4239,47.9347),(113,'2023-01-29',1,0.4794,209.7073,4.3793,33.6453),(114,'2023-01-29',2,0.5426,298.813,7.1195,44.4565),(115,'2023-01-29',3,0.4887,336.473,4.5992,42.3393),(116,'2023-01-29',4,0.5198,325.6592,5.25,45.08),(117,'2023-01-30',1,0.4804,209.4449,4.0333,23.45),(118,'2023-01-30',2,0.5195,290.3526,5.7358,37.9687),(119,'2023-01-30',3,0.4854,335.8047,5.4589,38.4538),(120,'2023-01-30',4,0.4829,327.0851,4.5537,43.4793),(121,'2023-01-31',1,0.4472,206.3025,4.5914,39.7682),(122,'2023-01-31',2,0.4929,284.7954,6.6553,40.3215),(123,'2023-01-31',3,0.4459,332.434,5.6828,42.9911),(124,'2023-01-31',4,0.4744,331.5614,3.7032,45.978),(125,'2023-02-01',1,0.4477,198.1144,19.2145,65.4327),(126,'2023-02-01',2,0.5032,272.9081,14.468,67.54),(127,'2023-02-01',3,0.463,324.0884,19.1823,84.6729),(128,'2023-02-01',4,0.4931,316.0719,11.1897,66.8029),(129,'2023-02-02',1,0.4547,202.2398,5.2265,29.5082),(130,'2023-02-02',2,0.5406,277.845,4.6961,42.5052),(131,'2023-02-02',3,0.5197,329.0126,4.1818,42.3939),(132,'2023-02-02',4,0.5113,329.2529,2.7904,61.2857),(133,'2023-02-03',1,0.4648,209.421,4.6298,35.7734),(134,'2023-02-03',2,0.5862,311.3567,4.31,40.4197),(135,'2023-02-03',3,0.569,345.9629,4.496,55.1122),(136,'2023-02-03',4,0.5689,339.0171,6.5,49.125),(137,'2023-02-04',1,0.4762,211.3566,6.0984,36.1658),(138,'2023-02-04',2,0.6185,314.4698,4.6393,41.1415),(139,'2023-02-04',3,0.6005,344.8831,4.3568,52.7095),(140,'2023-02-04',4,0.5735,344.0135,3.7739,40.626),(141,'2023-02-05',1,0.4893,209.2417,4.7488,33.9668),(142,'2023-02-05',2,0.56,283.2981,5.7704,37.662),(143,'2023-02-05',3,0.5437,332.3867,5.2671,40.6678),(144,'2023-02-05',4,0.508,337.5329,4.2068,40.7931),(145,'2023-02-06',1,0.4665,206.7086,6.0726,41.9608),(146,'2023-02-06',2,0.5356,280.708,5.2559,43.4812),(147,'2023-02-06',3,0.5254,333.1642,6.749,48.3764),(148,'2023-02-06',4,0.4873,340.388,4.8571,44.1696),(149,'2023-02-07',1,0.4821,206.8664,3.5027,23.5891),(150,'2023-02-07',2,0.5377,276.2275,4.721,35.364),(151,'2023-02-07',3,0.5185,327.6916,4.1878,36.6852),(152,'2023-02-07',4,0.4823,338.1967,4.2441,44.1395),(153,'2023-02-08',1,0.4873,207.5965,4.0108,29.827),(154,'2023-02-08',2,0.5444,275.0034,4.9701,37.4769),(155,'2023-02-08',3,0.5301,326.8538,3.9861,36.5944),(156,'2023-02-08',4,0.4857,342.2119,4.2842,42.0736),(157,'2023-02-09',1,0.4932,208.5683,3.8342,33.9834),(158,'2023-02-09',2,0.57,276.4569,4.5095,40.1847),(159,'2023-02-09',3,0.5523,331.5712,4.6058,32.9671),(160,'2023-02-09',4,0.5332,348.7739,3.864,48.408),(161,'2023-02-10',1,0.4923,213.9405,3.8038,40.9377),(162,'2023-02-10',2,0.638,312.1371,3.9594,36.9664),(163,'2023-02-10',3,0.6173,342.0471,3.2907,46.4066),(164,'2023-02-10',4,0.5892,344.7023,3.6326,48.7006),(165,'2023-02-11',1,0.5072,212.046,5,32.0154),(166,'2023-02-11',2,0.6688,313.8236,3.7004,38.9848),(167,'2023-02-11',3,0.6506,341.2357,3.6821,49.6785),(168,'2023-02-11',4,0.5961,341.7684,3.9166,51.6111),(169,'2023-02-12',1,0.5116,210.7068,4.8732,34.5868),(170,'2023-02-12',2,0.5962,283.3877,4.7099,42.6433),(171,'2023-02-12',3,0.5674,334.4434,4.2826,43.3079),(172,'2023-02-12',4,0.5498,340.2748,3.25,44.98),(173,'2023-02-13',1,0.5024,207.017,4.0052,34.746),(174,'2023-02-13',2,0.5679,274.7448,5.5,39.9498),(175,'2023-02-13',3,0.5362,329.5763,4.271,47.26),(176,'2023-02-13',4,0.536,336.1336,3.9674,34.6016),(177,'2023-02-14',1,0.5017,206.6187,4.3151,30.0909),(178,'2023-02-14',2,0.574,271.2948,4.0328,32.4021),(179,'2023-02-14',3,0.5333,324.8113,5.0506,34.2534),(180,'2023-02-14',4,0.5302,328.5467,2.9438,47.8314),(181,'2023-02-15',1,0.4918,208.8715,3.7173,42.7445),(182,'2023-02-15',2,0.5649,274.0116,4.9367,39.2309),(183,'2023-02-15',3,0.5345,327.0362,4.4638,51.9404),(184,'2023-02-15',4,0.5323,334.3264,3.4607,46.8921),(185,'2023-02-16',1,0.5027,211.5148,4.7846,37.3692),(186,'2023-02-16',2,0.6109,278.602,3.6916,34.7155),(187,'2023-02-16',3,0.5721,329.6109,3.1433,42.74),(188,'2023-02-16',4,0.5824,340.386,3.2553,38.7588),(189,'2023-02-17',1,0.511,213.2624,4.2,37.7181),(190,'2023-02-17',2,0.67,311.5968,3.3603,43.0593),(191,'2023-02-17',3,0.634,343.005,3.3288,47.4809),(192,'2023-02-17',4,0.6237,339.4883,2.773,44.8297),(193,'2023-02-18',1,0.5301,215.1619,3.1772,35.1545),(194,'2023-02-18',2,0.7112,315.3925,4.306,41.8041),(195,'2023-02-18',3,0.6705,339.0934,4.8814,51.8493),(196,'2023-02-18',4,0.638,339.5734,8.3405,46.5652),(197,'2023-02-19',1,0.528,213.1799,5.8333,39.9829),(198,'2023-02-19',2,0.613,279.1495,5.8566,39.438),(199,'2023-02-19',3,0.5791,330.8116,5.0885,46.2435),(200,'2023-02-19',4,0.5424,338.2257,3.1702,39.5851),(201,'2023-02-20',1,0.498,210.9428,4.175,26.2),(202,'2023-02-20',2,0.5897,276.7647,4.4939,39.1666),(203,'2023-02-20',3,0.5462,328.3199,4.8543,38.7216),(204,'2023-02-20',4,0.5096,336.6586,3.4757,41.699),(205,'2023-02-21',1,0.5017,211.4157,3.463,24.5221),(206,'2023-02-21',2,0.5872,275.9518,3.6063,30.8177),(207,'2023-02-21',3,0.5449,326.5671,4.0794,29.7029),(208,'2023-02-21',4,0.5205,334.5066,4.0392,38.3627),(209,'2023-02-22',1,0.4917,208.3365,5.5026,35.1904),(210,'2023-02-22',2,0.5852,276.6731,4.1521,30.5066),(211,'2023-02-22',3,0.5312,327.1185,3.4046,35.9116),(212,'2023-02-22',4,0.529,334.7671,3.4107,53.6875),(213,'2023-02-23',1,0.5334,217.5001,3.1901,25.4144),(214,'2023-02-23',2,0.6267,283.3434,3.5724,35.2221),(215,'2023-02-23',3,0.6222,335.3218,2.7995,25.8589),(216,'2023-02-23',4,0.5784,340.4028,3.3333,44.5362),(217,'2023-02-24',1,0.5121,221.36,3.5384,34.47),(218,'2023-02-24',2,0.6629,319.1458,3.4233,39.6106),(219,'2023-02-24',3,0.6275,351.1025,3.3694,44.3364),(220,'2023-02-24',4,0.6207,348.0892,3.2058,48.5529),(221,'2023-02-25',1,0.5532,224.9966,2.869,23.2103),(222,'2023-02-25',2,0.7116,324.1092,3.5739,41.8776),(223,'2023-02-25',3,0.7102,352.9846,3.3904,30.1083),(224,'2023-02-25',4,0.627,349.1897,2.5891,34.9534),(225,'2023-02-26',1,0.5053,218.9067,3.8206,31.6367),(226,'2023-02-26',2,0.5987,283.6305,5.5324,46.1698),(227,'2023-02-26',3,0.5584,334.6732,3.7341,36.6388),(228,'2023-02-26',4,0.5319,342.8755,3.9782,33.0108),(229,'2023-02-27',1,0.4912,211.7345,3.9913,26.2554),(230,'2023-02-27',2,0.6139,279.332,3.9968,51.3065),(231,'2023-02-27',3,0.5041,334.9224,3.9618,38.7786),(232,'2023-02-27',4,0.5116,349.3483,4.536,36.36),(233,'2023-02-28',1,0.4946,213.001,3.6806,22.9747),(234,'2023-02-28',2,0.6547,285.2743,3.685,43.9635),(235,'2023-02-28',3,0.5045,332.1227,3.6556,23.586),(236,'2023-02-28',4,0.5038,341.4415,3.5051,37.3711),(237,'2023-03-01',1,0.4862,212.6306,9.8364,57.368),(238,'2023-03-01',2,0.5722,282.8221,12.1613,53.9016),(239,'2023-03-01',3,0.4933,326.1064,11.5571,61.7624),(240,'2023-03-01',4,0.4933,351.2558,10.3305,51.0338),(241,'2023-03-02',1,0.5043,218.5524,4.4896,32.6721),(242,'2023-03-02',2,0.5644,284.2151,4.7329,35.2967),(243,'2023-03-02',3,0.528,331.0152,4.6237,61.5082),(244,'2023-03-02',4,0.5429,349.2802,4.5038,39.0992),(245,'2023-03-03',1,0.5215,222.8482,4.0826,26.4566),(246,'2023-03-03',2,0.6235,315.052,4.2723,36.5955),(247,'2023-03-03',3,0.6063,343.2149,3.1004,49.4429),(248,'2023-03-03',4,0.5763,343.5207,3.3375,53.6496),(249,'2023-03-04',1,0.5379,219.0778,5.6846,32.6936),(250,'2023-03-04',2,0.6525,317.1811,3.8759,35.5885),(251,'2023-03-04',3,0.6162,337.814,3.5129,36.8856),(252,'2023-03-04',4,0.6082,354.9299,3.6324,31.6581),(253,'2023-03-05',1,0.5285,217.4426,4.7288,44.1955),(254,'2023-03-05',2,0.5755,280.8451,5.4401,33.5519),(255,'2023-03-05',3,0.5444,328.6128,4.6183,36.166),(256,'2023-03-05',4,0.5754,345.9102,3.2566,38.3185),(257,'2023-03-06',1,0.4953,216.8087,4.2388,37.6766),(258,'2023-03-06',2,0.5366,277.8226,5.5733,40.3314),(259,'2023-03-06',3,0.5,325.5184,4.977,45.4559),(260,'2023-03-06',4,0.5151,344.0948,3.909,35.7),(261,'2023-03-07',1,0.5043,217.4517,4.947,32.3862),(262,'2023-03-07',2,0.5285,281.5584,5.4092,32.2758),(263,'2023-03-07',3,0.5034,331.9215,4.9766,49.3084),(264,'2023-03-07',4,0.5056,351.0753,3.1397,41.7204),(265,'2023-03-08',1,0.5061,214.7045,3.9903,32.9323),(266,'2023-03-08',2,0.5472,281.5218,4.107,36.9673),(267,'2023-03-08',3,0.5152,332.6883,4.0714,40.9705),(268,'2023-03-08',4,0.5056,350.2717,3.4747,48.707),(269,'2023-03-09',1,0.521,222.7556,5.7894,36.8866),(270,'2023-03-09',2,0.5932,285.6238,3.7165,35.9291),(271,'2023-03-09',3,0.5724,340.377,3.3591,45.4252),(272,'2023-03-09',4,0.5657,359.961,3.6597,50.0763),(273,'2023-03-10',1,0.5576,228.9069,4.5105,30.9929),(274,'2023-03-10',2,0.6605,321.5302,2.8642,35.619),(275,'2023-03-10',3,0.6314,353.5206,3.2181,43.6431),(276,'2023-03-10',4,0.6379,363.5796,4.6511,58.2732),(277,'2023-03-11',1,0.5625,226.1401,3.9013,31.3991),(278,'2023-03-11',2,0.6815,328.6916,3.5872,34.0423),(279,'2023-03-11',3,0.6486,355.563,3.3958,42.2534),(280,'2023-03-11',4,0.6677,360.138,4.1418,53.2905),(281,'2023-03-12',1,0.5507,218.433,4.3955,25.8044),(282,'2023-03-12',2,0.6,287.945,4.6312,38.3508),(283,'2023-03-12',3,0.5581,337.9633,3.7418,41.3381),(284,'2023-03-12',4,0.5993,367.3501,3.805,41.4745),(285,'2023-03-13',1,0.5205,215.6701,5.8325,37.9909),(286,'2023-03-13',2,0.545,277.9964,4.5328,39.1418),(287,'2023-03-13',3,0.5091,331.7306,5.5234,43.6534),(288,'2023-03-13',4,0.5476,367.5183,3.7539,44.4682),(289,'2023-03-14',1,0.5282,218.516,4.1009,27.4471),(290,'2023-03-14',2,0.5426,275.9658,4.8255,34.0066),(291,'2023-03-14',3,0.4969,322.9567,4.8883,35.7589),(292,'2023-03-14',4,0.5393,366.0047,3.0425,48.2234),(293,'2023-03-15',1,0.535,216.0334,8.033,41.5537),(294,'2023-03-15',2,0.5499,277.4822,4.44,33.8613),(295,'2023-03-15',3,0.4991,331.9027,3.852,44.6816),(296,'2023-03-15',4,0.5605,364.9079,3.362,59.4051),(297,'2023-03-16',1,0.5425,220.2067,4.3101,33.7916),(298,'2023-03-16',2,0.5839,275.118,3.9536,35.0126),(299,'2023-03-16',3,0.5417,328.6076,3.6196,47.3036),(300,'2023-03-16',4,0.5797,363.0057,3.4761,40.3095),(301,'2023-03-17',1,0.5552,220.4867,4.0843,31.7552),(302,'2023-03-17',2,0.6424,307.7822,3.2256,36.1885),(303,'2023-03-17',3,0.6108,339.3435,2.9197,49.0195),(304,'2023-03-17',4,0.6433,354.2489,3.4519,54.1299),(305,'2023-03-18',1,0.5637,224.7827,4.533,32.533),(306,'2023-03-18',2,0.6744,314.808,3.9268,36.4189),(307,'2023-03-18',3,0.6285,339.3794,4.8656,37.5298),(308,'2023-03-18',4,0.6309,347.3224,3.2288,38.2118),(309,'2023-03-19',1,0.538,219.1323,6.9589,32.8769),(310,'2023-03-19',2,0.5722,279.4501,4.199,33.596),(311,'2023-03-19',3,0.5338,324.2801,3.4188,43.3584),(312,'2023-03-19',4,0.5717,348.8801,5.0406,62.9512),(313,'2023-03-20',1,0.5231,216.6758,8.0183,41.2752),(314,'2023-03-20',2,0.537,277.1109,4.9367,39.7505),(315,'2023-03-20',3,0.4993,328.4608,5.4061,48.5823),(316,'2023-03-20',4,0.5497,352.8586,7.2521,57.1008),(317,'2023-03-21',1,0.525,219.1071,6.3661,37.3278),(318,'2023-03-21',2,0.5373,273.1561,4.2339,34.4456),(319,'2023-03-21',3,0.4933,330.1416,4.3653,43.7019),(320,'2023-03-21',4,0.5365,345.6547,4.6185,40.5979),(321,'2023-03-22',1,0.5208,220.0041,7.3489,33.0156),(322,'2023-03-22',2,0.551,270.4676,4.0925,36.9644),(323,'2023-03-22',3,0.4846,326.1612,3.5302,45.572),(324,'2023-03-22',4,0.5482,345.8001,3.438,59.5333),(325,'2023-03-23',1,0.5342,218.7209,3.493,34.9581),(326,'2023-03-23',2,0.5813,274.8681,3.5431,43.9168),(327,'2023-03-23',3,0.5328,328.9492,3.7604,58.3293),(328,'2023-03-23',4,0.5877,357.4554,3.6594,62.2318),(329,'2023-03-24',1,0.5574,225.6015,4.245,43.6521),(330,'2023-03-24',2,0.6559,316.1241,3.0461,35.973),(331,'2023-03-24',3,0.662,341.2742,3.0464,55.5464),(332,'2023-03-24',4,0.6662,353.5737,3.3672,46.9378),(333,'2023-03-25',1,0.5671,225.5487,4.5603,34.0086),(334,'2023-03-25',2,0.6765,315.9299,3.2384,31.6968),(335,'2023-03-25',3,0.6779,339.8494,3.1263,43.2105),(336,'2023-03-25',4,0.6926,357.7458,3.4958,49.9338),(337,'2023-03-26',1,0.5425,220.9982,3.7414,41.439),(338,'2023-03-26',2,0.5555,274.1603,4.4405,39.2064),(339,'2023-03-26',3,0.5609,323.3064,3.3884,39.1576),(340,'2023-03-26',4,0.5984,354.979,3.1984,39.0555),(341,'2023-03-27',1,0.5239,217.2848,4.2,36.715),(342,'2023-03-27',2,0.5062,271.1078,3.9879,34.8016),(343,'2023-03-27',3,0.4872,326.2654,3.5976,40.7171),(344,'2023-03-27',4,0.5486,347.5233,3.5811,46.2735),(345,'2023-03-28',1,0.5122,216.1558,4.0055,34.453),(346,'2023-03-28',2,0.5013,266.5746,4.3715,32.1804),(347,'2023-03-28',3,0.4605,321.5392,3.7213,43.5174),(348,'2023-03-28',4,0.5249,340.1573,3.4545,44.0303),(349,'2023-03-29',1,0.5133,215.139,4.3265,34.4591),(350,'2023-03-29',2,0.5056,265.5423,3.8605,36.869),(351,'2023-03-29',3,0.463,326.726,3.829,37.7521),(352,'2023-03-29',4,0.5432,345.6068,3.3214,46.9285),(353,'2023-03-30',1,0.5198,216.3151,4.199,41.412),(354,'2023-03-30',2,0.5273,273.1056,4.3449,41.1025),(355,'2023-03-30',3,0.4791,328.2969,3.5218,58.2481),(356,'2023-03-30',4,0.5791,342.321,3.4571,64.5857),(357,'2023-03-31',1,0.5448,225.4406,4.9128,49.7916),(358,'2023-03-31',2,0.57,313.6824,3.9954,45.8907),(359,'2023-03-31',3,0.539,346.9489,4.5295,58.5185),(360,'2023-03-31',4,0.6055,346.1062,2.9391,74.331),(361,'2023-04-01',1,0.5636,240.6684,9,56.5425),(362,'2023-04-01',2,0.6077,323.3116,7.5428,61.1876),(363,'2023-04-01',3,0.5821,360.6723,6,85.8651),(364,'2023-04-01',4,0.6483,351.6523,8,74.3072),(365,'2023-04-02',1,0.5727,243.6298,4.44,35.236),(366,'2023-04-02',2,0.5478,302.592,4.4708,39.5046),(367,'2023-04-02',3,0.5277,365.2676,4.5932,48.1791),(368,'2023-04-02',4,0.5988,355.7242,3.628,50.3388),(369,'2023-04-03',1,0.578,238.2756,4.3617,44.8794),(370,'2023-04-03',2,0.5159,292.7395,4.4211,42.7312),(371,'2023-04-03',3,0.5149,359.595,3.5474,50.4854),(372,'2023-04-03',4,0.5766,355.3073,4.3716,69.646),(373,'2023-04-04',1,0.5817,241.4394,3.4305,38.9305),(374,'2023-04-04',2,0.5163,292.9554,3.8611,38.2584),(375,'2023-04-04',3,0.5148,361.185,3.6372,44.0294),(376,'2023-04-04',4,0.5787,352.765,5.3716,71.8318),(377,'2023-04-05',1,0.5978,246.5749,4.5147,61.4669),(378,'2023-04-05',2,0.5378,296.6776,4.6597,45.3096),(379,'2023-04-05',3,0.5518,370.3958,3.8344,62.5608),(380,'2023-04-05',4,0.6111,368.7176,3.0078,90.3593),(381,'2023-04-06',1,0.6512,258.5598,3.7338,56.0268),(382,'2023-04-06',2,0.624,314.6396,4.4444,57.5818),(383,'2023-04-06',3,0.6437,384.7057,4.7074,74.2026),(384,'2023-04-06',4,0.6928,365.8253,4.852,82.1071),(385,'2023-04-07',1,0.7196,267.5967,4.3505,62.9952),(386,'2023-04-07',2,0.7533,370.8843,3.9133,54.5661),(387,'2023-04-07',3,0.784,400.1916,3.9721,76.987),(388,'2023-04-07',4,0.7977,385.6142,4.5586,92.0234),(389,'2023-04-08',1,0.7603,273.2531,4.0032,59.355),(390,'2023-04-08',2,0.8031,378.3618,4.4414,61.3843),(391,'2023-04-08',3,0.8156,399.9375,5.3648,67.133),(392,'2023-04-08',4,0.8268,386.0558,3.6796,87.3906),(393,'2023-04-09',1,0.7501,278.2255,4.7518,48.5555),(394,'2023-04-09',2,0.7735,361.7203,4.5983,47.4928),(395,'2023-04-09',3,0.7925,399.393,4.1479,55.7755),(396,'2023-04-09',4,0.7828,376.6183,3.45,76.9),(397,'2023-04-10',1,0.6874,272.7108,4.8165,44.6654),(398,'2023-04-10',2,0.6779,344.6459,6.0186,44.728),(399,'2023-04-10',3,0.6945,395.2045,5.7762,60.9364),(400,'2023-04-10',4,0.7382,379.5842,4.0867,64.289),(401,'2023-04-11',1,0.6783,264.4554,5.9366,49.0633),(402,'2023-04-11',2,0.677,333.9103,5.7196,51.0593),(403,'2023-04-11',3,0.662,378.8293,5.383,51.2236),(404,'2023-04-11',4,0.7028,377.1261,3.8484,63.3515),(405,'2023-04-12',1,0.6681,258.6156,4.6725,43.8169),(406,'2023-04-12',2,0.6897,328.0056,6.117,43.663),(407,'2023-04-12',3,0.6634,379.7342,4.4919,55.0291),(408,'2023-04-12',4,0.717,362.0416,5.2828,68.1513),(409,'2023-04-13',1,0.6811,256.3159,3.823,40.6538),(410,'2023-04-13',2,0.7038,322.6637,4.697,40.5921),(411,'2023-04-13',3,0.6751,370.943,4.8662,47.121),(412,'2023-04-13',4,0.7053,354.0047,3.9096,52.0709),(413,'2023-04-14',1,0.6611,256.2014,4.6245,44.2379),(414,'2023-04-14',2,0.7238,350.3101,3.9857,45.239),(415,'2023-04-14',3,0.6806,376.3303,5.2902,50.7335),(416,'2023-04-14',4,0.7436,364.5771,3.7878,61.2727),(417,'2023-04-15',1,0.642,253.0031,4.2264,45.1849),(418,'2023-04-15',2,0.6978,350.3309,5.2201,46.4601),(419,'2023-04-15',3,0.6452,371.8382,4.0483,53.1412),(420,'2023-04-15',4,0.7205,368.6639,5.76,65.7666),(421,'2023-04-16',1,0.6198,250.1072,5.5384,46.2307),(422,'2023-04-16',2,0.6069,318.0433,6.9657,51.0166),(423,'2023-04-16',3,0.5481,372.4083,8.4482,54.6275),(424,'2023-04-16',4,0.6414,364.9989,4.6048,52.887),(425,'2023-04-17',1,0.6145,247.614,5.3027,59.5782),(426,'2023-04-17',2,0.5826,311.544,6.7601,45.2181),(427,'2023-04-17',3,0.5259,365.7802,7.1355,62.5018),(428,'2023-04-17',4,0.5969,365.3347,7.3089,66.5203),(429,'2023-04-18',1,0.5974,242.9589,4.5075,37.1859),(430,'2023-04-18',2,0.5824,306.691,5.2263,40.1476),(431,'2023-04-18',3,0.5332,355.8938,5.3122,39.9565),(432,'2023-04-18',4,0.5809,372.4347,4.1869,67.0373),(433,'2023-04-19',1,0.5985,241.5834,4.2719,41.7949),(434,'2023-04-19',2,0.5822,305.6596,7.4784,52.9426),(435,'2023-04-19',3,0.5076,358.6921,4.5873,41.9365),(436,'2023-04-19',4,0.5691,367.283,4.0392,73.0392),(437,'2023-04-20',1,0.6116,245.3882,4.0559,45.0373),(438,'2023-04-20',2,0.6048,304.2869,4.4422,39.35),(439,'2023-04-20',3,0.5388,356.5515,4.3633,47.0588),(440,'2023-04-20',4,0.5854,358.7598,5.3642,50.9642),(441,'2023-04-21',1,0.628,246.8545,4.8035,39.1649),(442,'2023-04-21',2,0.6418,331.5048,4.3193,42.8255),(443,'2023-04-21',3,0.6105,364.5039,3.9707,49.1482),(444,'2023-04-21',4,0.6403,361.5615,2.9378,65.6273),(445,'2023-04-22',1,0.6314,245.6351,3.4848,37.1439),(446,'2023-04-22',2,0.6875,334.2361,4.2271,36.076),(447,'2023-04-22',3,0.6411,356.5298,4.3358,48.7925),(448,'2023-04-22',4,0.6697,354.065,5.1812,60.7),(449,'2023-04-23',1,0.5898,244.6654,4.3288,43.4459),(450,'2023-04-23',2,0.6174,295.9668,5.4831,36.577),(451,'2023-04-23',3,0.5881,349.0547,6.964,43.2122),(452,'2023-04-23',4,0.6103,354.2158,4.0695,54.2869),(453,'2023-04-24',1,0.5801,242.0998,4.4612,47.1836),(454,'2023-04-24',2,0.5744,285.6008,5.5982,38.8597),(455,'2023-04-24',3,0.5591,341.7488,5.5088,51.8647),(456,'2023-04-24',4,0.5855,360.0138,4.7656,57.75),(457,'2023-04-25',1,0.5699,236.9034,3.8104,34.2338),(458,'2023-04-25',2,0.529,281.313,4.6549,31.8854),(459,'2023-04-25',3,0.4903,342.474,5.4234,41.1672),(460,'2023-04-25',4,0.5612,361.9071,4.3615,58.1384),(461,'2023-04-26',1,0.5498,235.612,4.7914,43.3489),(462,'2023-04-26',2,0.4976,277.5496,4.7291,35.9546),(463,'2023-04-26',3,0.4658,339.6059,6.6033,48.4586),(464,'2023-04-26',4,0.5358,359.1748,4.4299,61.8691),(465,'2023-04-27',1,0.5748,238.877,4.3122,45.3517),(466,'2023-04-27',2,0.5114,276.3644,4.1144,45.9481),(467,'2023-04-27',3,0.4919,341.9563,5.2846,50.9217),(468,'2023-04-27',4,0.5839,358.847,4.197,60.6204),(469,'2023-04-28',1,0.5967,244.0014,3.9525,39.3084),(470,'2023-04-28',2,0.5891,316.8185,3.8148,43.4582),(471,'2023-04-28',3,0.5961,350.798,3.6373,57.2012),(472,'2023-04-28',4,0.6859,364.0907,3.0046,66.9537),(473,'2023-04-29',1,0.616,241.6631,3.6123,35.4818),(474,'2023-04-29',2,0.6707,323.2259,4.2317,35.7689),(475,'2023-04-29',3,0.6731,348.606,3.4097,47.286),(476,'2023-04-29',4,0.7169,366.5459,4.0694,65.5486),(477,'2023-04-30',1,0.5868,240.2765,6.3308,36.1764),(478,'2023-04-30',2,0.6279,280.9285,4.8376,39.7826),(479,'2023-04-30',3,0.6275,335.3564,4.9077,39.6678),(480,'2023-04-30',4,0.6528,366.5957,7.5882,63.9411),(481,'2023-05-01',1,0.5686,238.5788,10.1212,57.406),(482,'2023-05-01',2,0.5253,277.0874,10.7848,53.4909),(483,'2023-05-01',3,0.4968,328.3256,12.9302,69.8811),(484,'2023-05-01',4,0.574,367.1485,8.0058,53.9176),(485,'2023-05-02',1,0.5422,232.8755,4.1244,37.4888),(486,'2023-05-02',2,0.5043,269.2818,5.9472,37.9309),(487,'2023-05-02',3,0.4444,324.2417,6.7116,50.3906),(488,'2023-05-02',4,0.5383,361.2528,4.9375,57.7395),(489,'2023-05-03',1,0.545,231.1799,4.163,43.339),(490,'2023-05-03',2,0.5144,270.1425,4.1218,37.0747),(491,'2023-05-03',3,0.458,328.3793,4.4628,44.6026),(492,'2023-05-03',4,0.5305,362.0364,3.3877,56.5612),(493,'2023-05-04',1,0.5507,236.8259,3.9122,48.4473),(494,'2023-05-04',2,0.5594,268.8277,3.5842,37.789),(495,'2023-05-04',3,0.4945,328.8262,4.75,62.3697),(496,'2023-05-04',4,0.5882,366.8407,4.3604,62.936),(497,'2023-05-05',1,0.5767,237.4605,3.9176,42.0187),(498,'2023-05-05',2,0.6036,305.5349,4.0532,40.7277),(499,'2023-05-05',3,0.5579,336.3933,3.8223,49.3401),(500,'2023-05-05',4,0.6371,360.9526,5.0503,50.2578),(501,'2023-05-06',1,0.6019,242.3177,4.0154,39.1119),(502,'2023-05-06',2,0.6354,309.2527,4.6215,35.9224),(503,'2023-05-06',3,0.5995,336.417,3.9319,26.065),(504,'2023-05-06',4,0.654,363.1642,3.24,52.776),(505,'2023-05-07',1,0.5771,235.3521,4.7634,44.6431),(506,'2023-05-07',2,0.5529,267.3588,4.1178,39.9889),(507,'2023-05-07',3,0.4995,326.8357,4.2645,36.8754),(508,'2023-05-07',4,0.6058,358.0829,3.0447,43.0074),(509,'2023-05-08',1,0.5641,229.5264,5.0634,40.0753),(510,'2023-05-08',2,0.5133,263.0519,5.6228,39.7577),(511,'2023-05-08',3,0.4538,322.4352,4.6291,41.1458),(512,'2023-05-08',4,0.562,354.2796,5.0729,47.5401),(513,'2023-05-09',1,0.5563,228.1097,4.8073,38.6009),(514,'2023-05-09',2,0.5132,263.3405,4.5918,38.042),(515,'2023-05-09',3,0.444,322.3218,3.6467,38.7114),(516,'2023-05-09',4,0.5555,356.4498,5.7142,53.4),(517,'2023-05-10',1,0.5521,226.7616,4.3125,46.6458),(518,'2023-05-10',2,0.5162,259.2868,6.5493,41.7324),(519,'2023-05-10',3,0.4398,316.7547,5.854,39.6324),(520,'2023-05-10',4,0.5734,349.1552,3.5486,43.6725),(521,'2023-05-11',1,0.5652,233.4245,4.4517,45.1184),(522,'2023-05-11',2,0.5416,262.6548,4.2571,40.737),(523,'2023-05-11',3,0.4533,321.9348,3.7802,50.2152),(524,'2023-05-11',4,0.596,357.8714,3.9142,57.7857),(525,'2023-05-12',1,0.622,240.6892,3.2372,45.8918),(526,'2023-05-12',2,0.5882,309.2574,3.549,36.0642),(527,'2023-05-12',3,0.5327,339.7663,3.2326,41.5099),(528,'2023-05-12',4,0.6589,353.2759,2.8294,52.1235),(529,'2023-05-13',1,0.6177,237.9149,4.5,46.3666),(530,'2023-05-13',2,0.5911,309.6028,4.1042,37.5791),(531,'2023-05-13',3,0.5562,339.8927,3.7653,32.9846),(532,'2023-05-13',4,0.6557,350.5189,6.6774,54.5483),(533,'2023-05-14',1,0.5941,237.3425,4.5967,39.3427),(534,'2023-05-14',2,0.528,268.4551,5.7764,42.9619),(535,'2023-05-14',3,0.5187,326.7379,4.3203,25.8155),(536,'2023-05-14',4,0.596,351.7132,4.8888,41.4365),(537,'2023-05-15',1,0.5611,231.4953,4.8888,58.7078),(538,'2023-05-15',2,0.4966,263.311,6.2487,40.0716),(539,'2023-05-15',3,0.4506,319.6533,4.3722,30.567),(540,'2023-05-15',4,0.537,344.9217,4.3983,45.8983),(541,'2023-05-16',1,0.5702,233.2789,4.8039,46.9098),(542,'2023-05-16',2,0.4986,267.0547,4.8925,38.3691),(543,'2023-05-16',3,0.4408,319.1354,3.4526,32.8473),(544,'2023-05-16',4,0.5263,350.7867,5.3125,46.6375),(545,'2023-05-17',1,0.5895,234.3199,3.9493,51.7468),(546,'2023-05-17',2,0.5176,267.9484,4.665,47.0333),(547,'2023-05-17',3,0.4351,318.2564,4.5828,36.5828),(548,'2023-05-17',4,0.565,349.842,3.0857,64.019),(549,'2023-05-18',1,0.6235,241.1903,3.8069,50.5868),(550,'2023-05-18',2,0.5703,272.1485,4.1399,49.5694),(551,'2023-05-18',3,0.479,319.2293,3.5494,42.1245),(552,'2023-05-18',4,0.6154,358.5217,3.3532,53.4251),(553,'2023-05-19',1,0.6417,240.0678,3.4833,51.9409),(554,'2023-05-19',2,0.6369,318.5488,3.0802,43.3245),(555,'2023-05-19',3,0.538,336.4852,4.0737,42.5318),(556,'2023-05-19',4,0.6782,367.9256,3.801,54.7653),(557,'2023-05-20',1,0.6693,241.5875,4.7561,58.3109),(558,'2023-05-20',2,0.6624,321.0492,3.2481,35.7176),(559,'2023-05-20',3,0.5529,334.1022,4.3076,35.9595),(560,'2023-05-20',4,0.6844,362.4617,4.5739,57.2347),(561,'2023-05-21',1,0.6522,241.9596,4.6384,45.0153),(562,'2023-05-21',2,0.5671,273.5131,5.6907,37.5904),(563,'2023-05-21',3,0.4916,322.372,4.8122,32.3448),(564,'2023-05-21',4,0.588,362.3686,5.4123,63.567),(565,'2023-05-22',1,0.61,236.815,4.3333,48.0259),(566,'2023-05-22',2,0.499,265.0707,5.3522,39.1808),(567,'2023-05-22',3,0.4417,332.3003,3.8851,32.2468),(568,'2023-05-22',4,0.5555,357.5509,4.9794,51.6369),(569,'2023-05-23',1,0.5954,237.674,4.1692,61.6377),(570,'2023-05-23',2,0.4962,261.235,4.9652,35.0269),(571,'2023-05-23',3,0.434,325.155,3.2718,25.432),(572,'2023-05-23',4,0.5544,356.9985,3.2201,39.2293),(573,'2023-05-24',1,0.6122,244.3075,3.4945,46.5559),(574,'2023-05-24',2,0.5068,261.5502,4.7227,36.4244),(575,'2023-05-24',3,0.4335,332.9338,4.7658,35.8),(576,'2023-05-24',4,0.538,361.2543,4.17,54.2),(577,'2023-05-25',1,0.631,249.531,4.0912,47.7035),(578,'2023-05-25',2,0.5502,267.5476,3.669,35.7942),(579,'2023-05-25',3,0.497,340.0303,3.6363,56.8768),(580,'2023-05-25',4,0.5961,366.0126,3.1904,58.4693),(581,'2023-05-26',1,0.6488,252.6065,3.5876,41.88),(582,'2023-05-26',2,0.6094,312.1473,2.7629,40.0653),(583,'2023-05-26',3,0.661,355.5687,3.1119,83.0243),(584,'2023-05-26',4,0.65,371.2316,3.2738,54.0833),(585,'2023-05-27',1,0.6365,248.124,5.1091,45.1971),(586,'2023-05-27',2,0.6587,317.1758,3.0738,33.1476),(587,'2023-05-27',3,0.6658,355.9146,4.6937,38.4928),(588,'2023-05-27',4,0.6612,362.0054,3.5583,33.7333),(589,'2023-05-28',1,0.6224,248.534,4.3,57.6133),(590,'2023-05-28',2,0.5588,271.5491,4.7985,39.4137),(591,'2023-05-28',3,0.5152,337.8311,5.7208,43.05),(592,'2023-05-28',4,0.5812,359.3029,3.9242,47.0378),(593,'2023-05-29',1,0.5916,241.2118,3.9073,42.5637),(594,'2023-05-29',2,0.507,265.1827,4.5045,37.4283),(595,'2023-05-29',3,0.4324,328.5356,4.8433,31.6912),(596,'2023-05-29',4,0.5181,352.8839,3.7264,46.4444),(597,'2023-05-30',1,0.5751,237.0911,4.3256,41.7247),(598,'2023-05-30',2,0.4846,264.1254,4.6031,32.7671),(599,'2023-05-30',3,0.428,328.8608,5.1831,35.292),(600,'2023-05-30',4,0.5154,356.4773,3.4489,52.2346),(601,'2023-05-31',1,0.5741,239.1085,4.8853,61.3478),(602,'2023-05-31',2,0.4715,262.9248,5.0419,32.3433),(603,'2023-05-31',3,0.4192,328.2129,3.8703,57.9027),(604,'2023-05-31',4,0.493,366.376,3.8602,67.0107),(605,'2023-06-01',1,0.5753,249.5702,7.9182,78.066),(606,'2023-06-01',2,0.4944,260.517,9.7593,52.1626),(607,'2023-06-01',3,0.463,325.9932,11.482,71.5838),(608,'2023-06-01',4,0.5464,373.7354,6.8689,54.9862),(609,'2023-06-02',1,0.5966,250.1455,6.1754,60.7894),(610,'2023-06-02',2,0.561,301.3941,3.6872,34.8472),(611,'2023-06-02',3,0.5041,333.5768,3.6303,42.5873),(612,'2023-06-02',4,0.6064,369.6019,3.6092,46.8874),(613,'2023-06-03',1,0.6031,247.4835,5.3479,61.4594),(614,'2023-06-03',2,0.6024,308.7181,3.7236,33.5931),(615,'2023-06-03',3,0.5417,333.8024,5.2357,55.2357),(616,'2023-06-03',4,0.6066,367.8744,4.0625,51.491),(617,'2023-06-04',1,0.6045,246.6533,4.1149,47.7318),(618,'2023-06-04',2,0.5096,265.1103,5.0825,37.9628),(619,'2023-06-04',3,0.4539,326.1665,4.2184,30.3689),(620,'2023-06-04',4,0.5622,365.2184,3.9495,39.9495),(621,'2023-06-05',1,0.5957,242.2927,4.4921,43.5275),(622,'2023-06-05',2,0.484,261.5472,5.2091,39.2573),(623,'2023-06-05',3,0.4371,321.2733,4.2775,32.8149),(624,'2023-06-05',4,0.5362,348.1921,3.8958,43.6145),(625,'2023-06-06',1,0.6059,239.4482,4.4014,55.1189),(626,'2023-06-06',2,0.4812,259.3366,4.8811,40.3364),(627,'2023-06-06',3,0.4293,316.723,3.7142,26.0496),(628,'2023-06-06',4,0.5183,342.2261,4.5306,58.653),(629,'2023-06-07',1,0.6128,242.6875,4.7314,46.719),(630,'2023-06-07',2,0.506,259.127,5.2254,44.6102),(631,'2023-06-07',3,0.4523,320.7121,4.8571,27.1607),(632,'2023-06-07',4,0.547,347.4536,4.2315,58.5473),(633,'2023-06-08',1,0.6496,249.0698,5.1961,55.5852),(634,'2023-06-08',2,0.5592,260.9872,4.7904,44.1047),(635,'2023-06-08',3,0.5029,319.248,3.5816,45.2278),(636,'2023-06-08',4,0.6008,353.231,5.5584,48.961),(637,'2023-06-09',1,0.6684,249.3403,3.8746,59.047),(638,'2023-06-09',2,0.6438,309.6441,3.776,45.4931),(639,'2023-06-09',3,0.5698,330.8517,2.9369,41.3668),(640,'2023-06-09',4,0.6789,355.913,3.2699,63.184),(641,'2023-06-10',1,0.684,249.3434,5.3785,54.0964),(642,'2023-06-10',2,0.691,313.6791,3.8785,39.4958),(643,'2023-06-10',3,0.6148,331.8181,3.9003,39.4916),(644,'2023-06-10',4,0.7161,354.7051,3.4198,51.6183),(645,'2023-06-11',1,0.6687,249.7798,4.7266,51.9965),(646,'2023-06-11',2,0.6186,269.5054,6.1637,40.8448),(647,'2023-06-11',3,0.5388,315.9323,7.041,34.1692),(648,'2023-06-11',4,0.6593,358.979,3.7213,45.1065),(649,'2023-06-12',1,0.6442,243.8264,3.8892,56.2885),(650,'2023-06-12',2,0.5435,260.7178,5.5512,40.8661),(651,'2023-06-12',3,0.4816,317.0043,5.8492,37.5829),(652,'2023-06-12',4,0.601,353.4101,4.6548,55.4247),(653,'2023-06-13',1,0.6532,241.8085,3.5927,51.9768),(654,'2023-06-13',2,0.5199,254.4,5.0997,33.1598),(655,'2023-06-13',3,0.463,315.6868,5.4656,36.7301),(656,'2023-06-13',4,0.5553,344.4142,4.0898,48.3932),(657,'2023-06-14',1,0.6677,247.9119,4.4605,68.8947),(658,'2023-06-14',2,0.5166,252.1905,5.525,30.6253),(659,'2023-06-14',3,0.4721,314.0424,3.5876,35.9381),(660,'2023-06-14',4,0.5629,339.2772,3.8396,55.915),(661,'2023-06-15',1,0.7128,255.1704,4.6538,88.4487),(662,'2023-06-15',2,0.5402,249.3745,3.6955,31.4117),(663,'2023-06-15',3,0.4987,309.8317,4.4046,38.2645),(664,'2023-06-15',4,0.6006,340.6192,4.3892,49.6375),(665,'2023-06-16',1,0.7504,260.0441,3.7833,70.6722),(666,'2023-06-16',2,0.5922,295.2645,3.3462,34.119),(667,'2023-06-16',3,0.536,326.3613,3.744,43.9146),(668,'2023-06-16',4,0.6809,347.2687,3.0476,56.3968),(669,'2023-06-17',1,0.7583,259.4429,4.5851,61.4574),(670,'2023-06-17',2,0.6233,298.3163,3.81,31.6162),(671,'2023-06-17',3,0.5678,329.2757,4.676,49.7147),(672,'2023-06-17',4,0.696,349.9546,3.6608,45.4),(673,'2023-06-18',1,0.7378,258.4358,4.1098,54.3223),(674,'2023-06-18',2,0.564,256.2023,4.485,33.0299),(675,'2023-06-18',3,0.5225,320.4828,4.0817,33.1011),(676,'2023-06-18',4,0.6024,346.6368,4.7024,41.9256),(677,'2023-06-19',1,0.6888,255.5371,6.783,59.511),(678,'2023-06-19',2,0.532,252.7154,4.7548,34.2955),(679,'2023-06-19',3,0.4976,322.8582,4.9715,38.0818),(680,'2023-06-19',4,0.5722,342.6979,4.0152,48.9236),(681,'2023-06-20',1,0.6839,254.4083,4.5623,67.9529),(682,'2023-06-20',2,0.5226,252.873,4.1965,30.548),(683,'2023-06-20',3,0.4724,320.9671,4.4161,38.4223),(684,'2023-06-20',4,0.5879,343.7189,3.4603,42.8015),(685,'2023-06-21',1,0.6764,254.8376,3.8026,50.8453),(686,'2023-06-21',2,0.5384,252.782,6.1051,29.3465),(687,'2023-06-21',3,0.4908,323.6289,3.4476,25.6714),(688,'2023-06-21',4,0.6037,341.6122,3.57,43.35),(689,'2023-06-22',1,0.6944,255.0752,3.6398,66.451),(690,'2023-06-22',2,0.5571,256.1873,4.2679,34.464),(691,'2023-06-22',3,0.4968,321.2123,4.4356,40.4688),(692,'2023-06-22',4,0.6301,342.3953,3.5547,50.4233),(693,'2023-06-23',1,0.7247,266.8709,4.2831,72.7678),(694,'2023-06-23',2,0.5816,313.0448,5.0287,39.5244),(695,'2023-06-23',3,0.5489,348.1662,4.9522,45.272),(696,'2023-06-23',4,0.6823,354.8082,3.8662,64.0174),(697,'2023-06-24',1,0.7379,273.1094,5.2542,81.7316),(698,'2023-06-24',2,0.6203,317.7899,4.1482,37.8526),(699,'2023-06-24',3,0.5868,359.8955,5.1797,54.4637),(700,'2023-06-24',4,0.7369,364.9802,4.2413,89.5459),(701,'2023-06-25',1,0.722,273.5016,4.8157,76.4385),(702,'2023-06-25',2,0.5486,291.06,4.3691,35.6666),(703,'2023-06-25',3,0.5458,357.2695,4.4072,48.3745),(704,'2023-06-25',4,0.6989,375.3364,4.9117,64.0367),(705,'2023-06-26',1,0.7473,279.3449,5.3818,77.0597),(706,'2023-06-26',2,0.5375,288.0623,4.8421,38.6272),(707,'2023-06-26',3,0.5493,357.5298,4.6823,51.1841),(708,'2023-06-26',4,0.6939,383.5441,4.1909,67.9727),(709,'2023-06-27',1,0.7597,279.6333,5.0291,74.5218),(710,'2023-06-27',2,0.5419,290.9125,4.8329,40.0181),(711,'2023-06-27',3,0.5504,359.8851,4.1495,43.6355),(712,'2023-06-27',4,0.6913,386.4302,6.0551,62.7795),(713,'2023-06-28',1,0.7699,286.176,5.1523,72.8278),(714,'2023-06-28',2,0.5582,295.5013,5.0361,44.0554),(715,'2023-06-28',3,0.5555,367.4099,5.7203,47.8388),(716,'2023-06-28',4,0.6877,386.9954,3.79,66.41),(717,'2023-06-29',1,0.783,285.7288,4.6933,76.08),(718,'2023-06-29',2,0.6067,302.7439,3.7632,55.2667),(719,'2023-06-29',3,0.5783,367.7494,3.8538,38.2807),(720,'2023-06-29',4,0.7242,387.1366,4.5454,74.6287),(721,'2023-06-30',1,0.7949,287.0393,5.1424,80.8407),(722,'2023-06-30',2,0.7257,345.0384,3.3571,66.678),(723,'2023-06-30',3,0.6331,364.8879,4.1267,54.5215),(724,'2023-06-30',4,0.7841,384.0478,4.5888,85.4722),(725,'2023-07-01',1,0.802,286.9453,5.7442,91.7468),(726,'2023-07-01',2,0.7653,355.565,8.2297,64.166),(727,'2023-07-01',3,0.6678,369.6825,8.7222,74.0434),(728,'2023-07-01',4,0.7926,378.0179,9.0931,70.6521),(729,'2023-07-02',1,0.798,288.6349,4.9294,80.2852),(730,'2023-07-02',2,0.6961,325.2297,5.3054,42.0098),(731,'2023-07-02',3,0.6229,369.7588,4.9576,46.3224),(732,'2023-07-02',4,0.7403,383.0004,5.3768,78.3043),(733,'2023-07-03',1,0.7851,290.4982,4.9712,72.6465),(734,'2023-07-03',2,0.6326,314.3279,7.0284,42.2269),(735,'2023-07-03',3,0.601,370.7693,5.3604,52.901),(736,'2023-07-03',4,0.7184,376.0431,6.375,66.6833),(737,'2023-07-04',1,0.7946,286.8998,3.9107,77.9323),(738,'2023-07-04',2,0.6304,307.9548,5.1132,33.071),(739,'2023-07-04',3,0.6106,367.2789,4.2851,44.5333),(740,'2023-07-04',4,0.7307,370.7386,3.9018,69.3312),(741,'2023-07-05',1,0.799,290.2243,5.0385,85.1157),(742,'2023-07-05',2,0.6353,304.3491,4.742,35.0614),(743,'2023-07-05',3,0.6298,368.7443,4.5215,42.464),(744,'2023-07-05',4,0.7665,374.6048,3.5666,62.7),(745,'2023-07-06',1,0.8081,290.2736,4.5895,76.4335),(746,'2023-07-06',2,0.663,305.7437,4.1162,33.7915),(747,'2023-07-06',3,0.6489,368.0708,3.6287,37.428),(748,'2023-07-06',4,0.7666,381.5472,3.6944,57.9722),(749,'2023-07-07',1,0.7967,288.9935,5.1319,83.1533),(750,'2023-07-07',2,0.6733,331.8909,3.8886,38.2892),(751,'2023-07-07',3,0.6619,368.2047,5.6694,50.3446),(752,'2023-07-07',4,0.7875,376.2981,3.5064,65.5576),(753,'2023-07-08',1,0.7917,285.3962,5.1292,77.5028),(754,'2023-07-08',2,0.6826,334.4657,4.999,36.409),(755,'2023-07-08',3,0.6474,367.973,5.1708,45.4982),(756,'2023-07-08',4,0.7671,372.6998,4.4671,71.9605),(757,'2023-07-09',1,0.7804,288.5431,5.2231,78.6186),(758,'2023-07-09',2,0.6032,302.0747,5.721,41.3935),(759,'2023-07-09',3,0.5783,361.9739,6.7518,51.4703),(760,'2023-07-09',4,0.7349,371.7465,5.2874,59.9041),(761,'2023-07-10',1,0.782,287.6298,5.8102,75.5528),(762,'2023-07-10',2,0.5861,292.9912,5.6919,38.7696),(763,'2023-07-10',3,0.5709,355.2901,6.6504,51.6343),(764,'2023-07-10',4,0.7226,372.1793,5.8367,65.9591),(765,'2023-07-11',1,0.7768,281.3371,5.6941,80.0152),(766,'2023-07-11',2,0.586,292.7158,4.6903,35.8132),(767,'2023-07-11',3,0.568,349.9789,5.217,38.7531),(768,'2023-07-11',4,0.7151,373.3843,4.0476,58.6428),(769,'2023-07-12',1,0.7932,275.0874,4.6785,73.491),(770,'2023-07-12',2,0.5986,287.5878,5.0011,28.7655),(771,'2023-07-12',3,0.568,344.5736,5.3346,37.7782),(772,'2023-07-12',4,0.7124,370.9349,3.6034,49.1293),(773,'2023-07-13',1,0.7951,271.8231,6.8746,70.2257),(774,'2023-07-13',2,0.6158,284.1197,4.0811,31.7647),(775,'2023-07-13',3,0.5736,339.6914,3.6969,44.5984),(776,'2023-07-13',4,0.7173,365.1196,3.5434,52.5144),(777,'2023-07-14',1,0.8011,272.763,6.023,65.8213),(778,'2023-07-14',2,0.6539,314.6011,3.6364,35.4842),(779,'2023-07-14',3,0.6162,343.2775,4.9684,43.3421),(780,'2023-07-14',4,0.7399,367.3703,4.4606,55.4969),(781,'2023-07-15',1,0.8255,276.3123,5.0387,74.2067),(782,'2023-07-15',2,0.6659,319.0124,4.2784,34.9368),(783,'2023-07-15',3,0.6321,341.1821,4.5859,51.235),(784,'2023-07-15',4,0.7622,355.5114,3.8726,53.484),(785,'2023-07-16',1,0.7994,275.3655,6.559,70.4223),(786,'2023-07-16',2,0.5768,275.1127,5.1981,36.1605),(787,'2023-07-16',3,0.5601,328.1213,7.3568,48.9529),(788,'2023-07-16',4,0.6823,359.377,5.592,56.64),(789,'2023-07-17',1,0.797,276.6537,6.3316,73.0222),(790,'2023-07-17',2,0.5627,268.7343,5.9037,37.2018),(791,'2023-07-17',3,0.5557,327.1604,7.2516,65.1241),(792,'2023-07-17',4,0.6644,358.0744,4.5845,63.4295),(793,'2023-07-18',1,0.8031,275.8107,4.1949,61.8301),(794,'2023-07-18',2,0.5517,265.7261,5.8389,32.1876),(795,'2023-07-18',3,0.5819,326.7895,5.0139,45.6748),(796,'2023-07-18',4,0.6534,355.3093,4.3818,49.3272),(797,'2023-07-19',1,0.8156,277.9692,4.4892,61.1834),(798,'2023-07-19',2,0.5598,264.6523,4.3165,36.7944),(799,'2023-07-19',3,0.6103,329.8474,4.0498,44.249),(800,'2023-07-19',4,0.645,355.8493,2.9819,51.8558),(801,'2023-07-20',1,0.8136,277.518,4.3504,66.6344),(802,'2023-07-20',2,0.5759,265.5428,4.6091,43.6835),(803,'2023-07-20',3,0.6523,331.3006,5.5498,59.864),(804,'2023-07-20',4,0.6747,358.6494,4.7133,62.9299),(805,'2023-07-21',1,0.8312,278.1001,3.9719,70.0612),(806,'2023-07-21',2,0.6342,307.2182,3.3947,38.3697),(807,'2023-07-21',3,0.6896,345.546,5.103,52.0679),(808,'2023-07-21',4,0.7302,359.3987,3.9602,60.9375),(809,'2023-07-22',1,0.8064,276.1719,4.9716,74.8107),(810,'2023-07-22',2,0.6612,311.5052,3.8948,30.4744),(811,'2023-07-22',3,0.668,341.5513,4.8104,52.1003),(812,'2023-07-22',4,0.7383,357.0753,3.2446,59.6834),(813,'2023-07-23',1,0.7892,276.7782,4.9118,75.2431),(814,'2023-07-23',2,0.5735,264.0167,5.1555,40.5965),(815,'2023-07-23',3,0.584,326.1049,6.249,46.0036),(816,'2023-07-23',4,0.6732,353.2182,3.5808,54.2426),(817,'2023-07-24',1,0.7576,275.6307,4.7302,66.085),(818,'2023-07-24',2,0.5439,258.8054,4.6579,39.5584),(819,'2023-07-24',3,0.5623,326.322,7.1517,62.8404),(820,'2023-07-24',4,0.6418,348.5768,3.6285,57.6357),(821,'2023-07-25',1,0.7476,271.0979,4.5748,67.0568),(822,'2023-07-25',2,0.5422,256.3675,4.9563,37.622),(823,'2023-07-25',3,0.5637,321.0866,4.5245,43.0147),(824,'2023-07-25',4,0.6325,345.1599,3.459,44.9344),(825,'2023-07-26',1,0.7593,273.9263,4.2715,70.361),(826,'2023-07-26',2,0.5539,256.9556,4.1611,38.9815),(827,'2023-07-26',3,0.5708,327.0502,5.3034,47.8507),(828,'2023-07-26',4,0.6512,347.7585,3.7177,49.7177),(829,'2023-07-27',1,0.7793,278.5074,4.3983,69.918),(830,'2023-07-27',2,0.5756,260.1643,4.369,37.8684),(831,'2023-07-27',3,0.585,326.9884,3.7689,51.3306),(832,'2023-07-27',4,0.6729,360.4552,3.5167,60.7114),(833,'2023-07-28',1,0.7938,284.9584,4.717,70.7955),(834,'2023-07-28',2,0.6549,307.0743,3.0119,36.2484),(835,'2023-07-28',3,0.6672,341.0509,4.1471,52.8413),(836,'2023-07-28',4,0.7365,368.6059,3.7801,61.4659),(837,'2023-07-29',1,0.7921,282.9833,4.1523,61),(838,'2023-07-29',2,0.6799,311.5653,3.5505,31.748),(839,'2023-07-29',3,0.6807,341.5639,4.0551,54.4344),(840,'2023-07-29',4,0.7544,361.9379,3,51.8297),(841,'2023-07-30',1,0.7614,281.884,4.8859,81.2182),(842,'2023-07-30',2,0.5685,265.9519,3.7943,35.5647),(843,'2023-07-30',3,0.6164,328.2625,8.7319,62),(844,'2023-07-30',4,0.6896,365.6731,4.1985,54.0514),(845,'2023-07-31',1,0.7254,271.2209,4.6901,69.2944),(846,'2023-07-31',2,0.5091,260.1356,5.5469,38.3705),(847,'2023-07-31',3,0.5429,330.0553,5.8093,60.1361),(848,'2023-07-31',4,0.6316,357.9741,4.7272,48.25),(849,'2023-08-01',1,0.7424,278.9583,7.6691,89.6225),(850,'2023-08-01',2,0.5162,261.9539,15.5129,57.7462),(851,'2023-08-01',3,0.5512,330.6672,8.8753,88.0841),(852,'2023-08-01',4,0.6513,367.7534,5.9265,65.0451),(853,'2023-08-02',1,0.7642,283.6904,3.8435,78.4301),(854,'2023-08-02',2,0.5244,266.6888,4.9906,39.6488),(855,'2023-08-02',3,0.5654,335.7675,4.1168,75.3333),(856,'2023-08-02',4,0.656,370.4955,3.2649,66.735),(857,'2023-08-03',1,0.782,286.1406,6.1002,77.1114),(858,'2023-08-03',2,0.5559,267.7527,4.4105,43.8857),(859,'2023-08-03',3,0.5759,334.7356,5.329,42.4914),(860,'2023-08-03',4,0.7032,375.1931,3.4431,75.0738),(861,'2023-08-04',1,0.805,288.3502,4.8423,74.7554),(862,'2023-08-04',2,0.6426,308.4144,3.1328,36.2772),(863,'2023-08-04',3,0.6377,345.7392,4.1717,53.2461),(864,'2023-08-04',4,0.7729,376.0741,3.1348,70.3988),(865,'2023-08-05',1,0.8124,288.2227,5.1,73.9114),(866,'2023-08-05',2,0.6709,313.5919,3.4518,36.2854),(867,'2023-08-05',3,0.6689,344.5145,4.8409,67.8701),(868,'2023-08-05',4,0.7749,374.7869,3.2721,78.3129),(869,'2023-08-06',1,0.7778,286.1251,6.0833,70.4166),(870,'2023-08-06',2,0.5838,268.9079,4.9403,32.1833),(871,'2023-08-06',3,0.5953,337.0642,7.4728,51.5481),(872,'2023-08-06',4,0.702,377.182,4.3081,74.3018),(873,'2023-08-07',1,0.7638,282.4347,5.1818,62.8533),(874,'2023-08-07',2,0.5567,267.486,4.8993,36.0822),(875,'2023-08-07',3,0.5877,336.2394,6.1124,50.7558),(876,'2023-08-07',4,0.6926,379.2531,3.2391,59.9057),(877,'2023-08-08',1,0.7643,283.2736,4.5615,67.6372),(878,'2023-08-08',2,0.5533,268.7041,4.7905,32.1459),(879,'2023-08-08',3,0.5808,337.7943,6.4194,46.0254),(880,'2023-08-08',4,0.6677,375.6654,4.2686,62.6492),(881,'2023-08-09',1,0.7657,282.0355,4.8781,70.8531),(882,'2023-08-09',2,0.5508,268.0193,4.0634,35.2843),(883,'2023-08-09',3,0.5892,338.5498,4.2881,43.6101),(884,'2023-08-09',4,0.6674,376.3518,4.0661,63.9926),(885,'2023-08-10',1,0.7905,286.0151,4.2363,67.8272),(886,'2023-08-10',2,0.5818,269.6341,3.8813,40.4637),(887,'2023-08-10',3,0.6203,343.1334,5.6851,55.274),(888,'2023-08-10',4,0.7405,378.1604,3.7389,57.7044),(889,'2023-08-11',1,0.8041,288.9318,4.0516,64.1576),(890,'2023-08-11',2,0.6596,315.0977,3.623,35.9561),(891,'2023-08-11',3,0.6897,350.7964,4.3603,47.0167),(892,'2023-08-11',4,0.7841,384.0427,3.75,62.851),(893,'2023-08-12',1,0.7858,289.0758,4.6635,72.0155),(894,'2023-08-12',2,0.693,318.9952,3.1626,34.4056),(895,'2023-08-12',3,0.7105,350.2144,4.7763,41.1381),(896,'2023-08-12',4,0.7857,387.2017,3.3448,62.7655),(897,'2023-08-13',1,0.7746,284.0998,4.0169,66.7994),(898,'2023-08-13',2,0.6009,273.747,4.8587,33.583),(899,'2023-08-13',3,0.6639,341.1102,4.0522,41.7944),(900,'2023-08-13',4,0.7336,384.903,3.4569,59.1523),(901,'2023-08-14',1,0.7717,284.6766,4.7769,69.0787),(902,'2023-08-14',2,0.5692,269.995,4.5015,34.8785),(903,'2023-08-14',3,0.6247,340.8252,5.5912,48.0709),(904,'2023-08-14',4,0.7043,390.5482,3.8857,57.3428),(905,'2023-08-15',1,0.7796,285.5494,3.7041,53.7958),(906,'2023-08-15',2,0.5745,269.4266,3.4576,33.7276),(907,'2023-08-15',3,0.629,343.9444,4.1832,41.0239),(908,'2023-08-15',4,0.7058,389.6302,3.7708,62.0625),(909,'2023-08-16',1,0.7747,288.4328,4.3707,66.073),(910,'2023-08-16',2,0.5653,272.0936,3.8096,46.6752),(911,'2023-08-16',3,0.627,343.6551,5.019,45.5665),(912,'2023-08-16',4,0.6914,394.3433,2.741,48.0089),(913,'2023-08-17',1,0.812,292.7479,4.2795,65.6344),(914,'2023-08-17',2,0.613,289.2215,3.7027,67.4612),(915,'2023-08-17',3,0.6462,343.5228,3.9017,52.3824),(916,'2023-08-17',4,0.7134,391.9091,3.3885,68.6171),(917,'2023-08-18',1,0.8144,295.7039,4.1758,71.7512),(918,'2023-08-18',2,0.7282,357.4686,2.8846,70.6141),(919,'2023-08-18',3,0.7088,358.1568,4.2004,50.5046),(920,'2023-08-18',4,0.7642,399.8491,4.2054,85.3013),(921,'2023-08-19',1,0.8035,293.8077,4.5972,61.9863),(922,'2023-08-19',2,0.7547,361.0704,4.3378,41.9852),(923,'2023-08-19',3,0.7262,358.0423,4.1601,43.6948),(924,'2023-08-19',4,0.7667,392.9241,5.5789,66.3947),(925,'2023-08-20',1,0.7787,288.8579,4.3324,51.5659),(926,'2023-08-20',2,0.6253,310.7999,7.292,43.2052),(927,'2023-08-20',3,0.6331,341.8588,4.5287,46.5251),(928,'2023-08-20',4,0.6938,393.3845,3.4409,52.2283),(929,'2023-08-21',1,0.7763,283.5629,4.1247,57.5124),(930,'2023-08-21',2,0.5761,279.2989,8.1359,49.5334),(931,'2023-08-21',3,0.6665,346.3165,3.9973,32.2941),(932,'2023-08-21',4,0.6851,383.5416,4.0846,42.6153),(933,'2023-08-22',1,0.7811,281.8901,5.1994,56.8787),(934,'2023-08-22',2,0.556,266.9466,5.3174,35.9772),(935,'2023-08-22',3,0.6112,341.8439,4.6303,47.8754),(936,'2023-08-22',4,0.6787,382.9438,5.1885,50.877),(937,'2023-08-23',1,0.7735,278.2503,3.7062,59.8071),(938,'2023-08-23',2,0.5461,265.2691,4.8772,41.1455),(939,'2023-08-23',3,0.6039,336.1953,3.1837,49.1752),(940,'2023-08-23',4,0.6818,379.71,3.0288,49.3173),(941,'2023-08-24',1,0.7942,283.3767,4.2364,71.761),(942,'2023-08-24',2,0.5819,269.5687,4.0819,41.1002),(943,'2023-08-24',3,0.639,340.9059,6.3089,55.2126),(944,'2023-08-24',4,0.7111,382.2503,3.897,63.3161),(945,'2023-08-25',1,0.7981,286.0111,4.9028,64.5228),(946,'2023-08-25',2,0.65,317.7403,3.5472,40.7162),(947,'2023-08-25',3,0.6801,352.6208,3.9842,53.6184),(948,'2023-08-25',4,0.7328,382.9629,3.5804,68.6923),(949,'2023-08-26',1,0.7698,282.6344,5.3511,61.5652),(950,'2023-08-26',2,0.6789,322.4882,4.0425,33.4549),(951,'2023-08-26',3,0.6842,354.3072,4.8764,55.1086),(952,'2023-08-26',4,0.7334,376.3917,2.9379,67.4108),(953,'2023-08-27',1,0.749,279.7136,4.3074,56.7791),(954,'2023-08-27',2,0.5805,271.3249,5,34.7469),(955,'2023-08-27',3,0.5941,341.1347,5.2373,46.9844),(956,'2023-08-27',4,0.6362,375.1391,4.2013,57.8791),(957,'2023-08-28',1,0.707,275.3909,4.6145,53.6458),(958,'2023-08-28',2,0.5265,266.2928,4.5791,40.2997),(959,'2023-08-28',3,0.5477,340.1324,4.175,54.825),(960,'2023-08-28',4,0.6219,372.3356,3.424,60.8037),(961,'2023-08-29',1,0.687,271.708,4.9482,60.7103),(962,'2023-08-29',2,0.5113,265.6828,4.4721,36.5129),(963,'2023-08-29',3,0.5431,335.3496,5.5163,52.0108),(964,'2023-08-29',4,0.614,380.7753,4.5546,54.6406),(965,'2023-08-30',1,0.6844,269.0844,3.7065,57.0144),(966,'2023-08-30',2,0.5156,266.2388,4.5102,38.8258),(967,'2023-08-30',3,0.5444,330.9135,3.9532,51.7009),(968,'2023-08-30',4,0.6395,380.1054,3.6269,58.1111),(969,'2023-08-31',1,0.6793,271.6705,4.8154,66.6964),(970,'2023-08-31',2,0.5548,265.1839,3.9689,40.0452),(971,'2023-08-31',3,0.5877,333.4415,4.3137,53.4565),(972,'2023-08-31',4,0.674,380.2252,3.259,68.4879),(973,'2023-09-01',1,0.6812,274.6985,7.1804,72.7719),(974,'2023-09-01',2,0.6426,315.2376,5.6986,49.0044),(975,'2023-09-01',3,0.6854,360.3496,5.0103,67.1124),(976,'2023-09-01',4,0.7331,386.3023,4.5962,90.2441),(977,'2023-09-02',1,0.6862,272.8559,4.7889,66.0275),(978,'2023-09-02',2,0.6628,320.482,4.4031,39.9833),(979,'2023-09-02',3,0.6991,358.6124,4.8737,48.5946),(980,'2023-09-02',4,0.7449,377.4451,4.0845,80.514),(981,'2023-09-03',1,0.6934,269.4808,5.2263,54.1575),(982,'2023-09-03',2,0.5735,273.5139,5.9848,39.5292),(983,'2023-09-03',3,0.5958,340.9147,4.3758,39.6437),(984,'2023-09-03',4,0.6746,377.7259,3.9794,72.1643),(985,'2023-09-04',1,0.6874,266.8666,4.8851,59.438),(986,'2023-09-04',2,0.5338,269.3385,5.5141,45.8108),(987,'2023-09-04',3,0.5674,338.3188,4.8501,51.4982),(988,'2023-09-04',4,0.6568,382.3645,4.0833,87.0347),(989,'2023-09-05',1,0.7001,269.3737,4.4983,56.9629),(990,'2023-09-05',2,0.5444,272.0718,4.3197,39.2242),(991,'2023-09-05',3,0.5711,338.7943,4.4435,44.0585),(992,'2023-09-05',4,0.6434,388.2461,3.3909,68.1636),(993,'2023-09-06',1,0.6959,269.772,4.1162,48.8062),(994,'2023-09-06',2,0.5493,270.8016,4.924,40.3177),(995,'2023-09-06',3,0.5885,342.1234,5.8504,54.4743),(996,'2023-09-06',4,0.6471,389.2508,3.3235,70.4411),(997,'2023-09-07',1,0.7139,273.1563,3.7802,62.7115),(998,'2023-09-07',2,0.5792,275.4351,4.0278,45.035),(999,'2023-09-07',3,0.6249,350.4199,4.3217,52.2018),(1000,'2023-09-07',4,0.695,391.7366,3.6279,77.75),(1001,'2023-09-08',1,0.7217,278.3254,5.1502,59.1965),(1002,'2023-09-08',2,0.6596,321.2652,3.2891,41.3831),(1003,'2023-09-08',3,0.701,365.3143,3.356,59.0383),(1004,'2023-09-08',4,0.7531,396.3415,2.971,88.0635),(1005,'2023-09-09',1,0.728,280.0017,5.0945,64.0085),(1006,'2023-09-09',2,0.702,328.5426,3.4008,37.205),(1007,'2023-09-09',3,0.7274,366.4487,3.7,56.0406),(1008,'2023-09-09',4,0.7678,394.7705,4.6418,86.8513),(1009,'2023-09-10',1,0.6901,273.0119,4.8547,54.4191),(1010,'2023-09-10',2,0.5947,280.1933,5.555,44.719),(1011,'2023-09-10',3,0.6419,351.7536,4.7092,54.0607),(1012,'2023-09-10',4,0.6998,388.1187,4.2866,62.8917),(1013,'2023-09-11',1,0.6624,267.9349,5.5949,59.1613),(1014,'2023-09-11',2,0.5587,272.3261,5.2002,36.8372),(1015,'2023-09-11',3,0.5962,344.6978,3.9609,47.3439),(1016,'2023-09-11',4,0.6597,393.1186,4.4722,68.5763),(1017,'2023-09-12',1,0.6498,265.2963,3.7048,52.4791),(1018,'2023-09-12',2,0.5454,270.9777,4.8216,35.8059),(1019,'2023-09-12',3,0.5641,342.5421,4.0231,42.6184),(1020,'2023-09-12',4,0.6435,388.3817,3.4414,79.2522),(1021,'2023-09-13',1,0.6592,267.2855,4.9522,64.1194),(1022,'2023-09-13',2,0.5468,271.7425,4.3384,42.0222),(1023,'2023-09-13',3,0.561,343.109,4.0167,51.9288),(1024,'2023-09-13',4,0.6585,385.1281,3.3666,69.275),(1025,'2023-09-14',1,0.6697,272.0031,4.3277,66.9797),(1026,'2023-09-14',2,0.5793,276.6752,4.2733,45.739),(1027,'2023-09-14',3,0.5878,345.1758,3.9236,59.7395),(1028,'2023-09-14',4,0.7035,383.388,3.4736,77.2828),(1029,'2023-09-15',1,0.6826,275.6289,3.9861,57.464),(1030,'2023-09-15',2,0.6425,328.9742,3.4628,47.4595),(1031,'2023-09-15',3,0.658,369.2869,4.2645,75.7535),(1032,'2023-09-15',4,0.8134,389.6305,3.1439,112.3257),(1033,'2023-09-16',1,0.6964,279.5474,4.5897,70.641),(1034,'2023-09-16',2,0.6931,346.1629,4.4033,47.8888),(1035,'2023-09-16',3,0.6961,384.8017,5.3603,79.5979),(1036,'2023-09-16',4,0.827,386.6299,3.7364,115.0067),(1037,'2023-09-17',1,0.6917,280.0718,4.6756,64.5105),(1038,'2023-09-17',2,0.6155,315.7114,4.1119,42.165),(1039,'2023-09-17',3,0.6388,386.9532,4.2074,65.704),(1040,'2023-09-17',4,0.7744,395.5902,4.1497,93.8443),(1041,'2023-09-18',1,0.6901,279.1888,4.6302,61.9691),(1042,'2023-09-18',2,0.5906,312.7231,4.7319,46.8585),(1043,'2023-09-18',3,0.6436,389.4468,4.9714,63.6031),(1044,'2023-09-18',4,0.7326,397.5772,4.7109,80.8901),(1045,'2023-09-19',1,0.6807,276.0023,3.4769,53.7039),(1046,'2023-09-19',2,0.6026,309.8736,4.1047,40.0663),(1047,'2023-09-19',3,0.6577,389.0193,3.8103,50.4655),(1048,'2023-09-19',4,0.7321,392.3524,5.5034,70.5804),(1049,'2023-09-20',1,0.7115,279.2438,3.9365,62.5129),(1050,'2023-09-20',2,0.6221,311.3007,4.176,41.8372),(1051,'2023-09-20',3,0.6685,388.3202,4.0599,67.4906),(1052,'2023-09-20',4,0.7107,394.639,3.5555,82.8611),(1053,'2023-09-21',1,0.7232,284.4561,4.7408,65.9014),(1054,'2023-09-21',2,0.6536,320.3203,3.8734,54.8468),(1055,'2023-09-21',3,0.6948,389.0386,3.522,60.0203),(1056,'2023-09-21',4,0.75,386.0709,3.1609,79.5574),(1057,'2023-09-22',1,0.7442,284.4397,3.9441,66.9273),(1058,'2023-09-22',2,0.7306,357.5565,3.5525,51.7088),(1059,'2023-09-22',3,0.7391,393.3143,3.7371,70.8648),(1060,'2023-09-22',4,0.8067,390.024,3.7795,93.8709),(1061,'2023-09-23',1,0.7389,288.3705,4.3779,67.1017),(1062,'2023-09-23',2,0.7764,368.4986,4.6858,59.7405),(1063,'2023-09-23',3,0.7684,395.3501,4.2872,82.7292),(1064,'2023-09-23',4,0.8164,385.9386,4.051,116.7664),(1065,'2023-09-24',1,0.7207,289.1787,5.3829,64.5835),(1066,'2023-09-24',2,0.7229,345.7598,3.9255,50.0045),(1067,'2023-09-24',3,0.7228,397.6282,4.1377,68.9614),(1068,'2023-09-24',4,0.79,387.1161,3.2994,80.7604),(1069,'2023-09-25',1,0.6989,286.4239,4.7413,74.6782),(1070,'2023-09-25',2,0.7178,344.9859,3.7835,48.1295),(1071,'2023-09-25',3,0.7222,396.1068,3.86,58.6793),(1072,'2023-09-25',4,0.7613,397.8567,4.462,77.6835),(1073,'2023-09-26',1,0.6928,288.7797,4.9127,62.5436),(1074,'2023-09-26',2,0.7133,347.014,3.843,51.5514),(1075,'2023-09-26',3,0.7184,396.9528,3.96,47.252),(1076,'2023-09-26',4,0.7616,392.5567,3.0225,74.2406),(1077,'2023-09-27',1,0.6932,290.8954,3.5337,61.8952),(1078,'2023-09-27',2,0.72,351.1761,3.537,53.6331),(1079,'2023-09-27',3,0.711,401.4487,3.5302,71.3167),(1080,'2023-09-27',4,0.7664,390.4348,3.0948,77.8321),(1081,'2023-09-28',1,0.7036,293.0399,4.5116,62.652),(1082,'2023-09-28',2,0.7415,353.821,4.249,76.0918),(1083,'2023-09-28',3,0.7354,397.1995,3.7041,71.0602),(1084,'2023-09-28',4,0.7788,391.2817,3.8125,91.1),(1085,'2023-09-29',1,0.7408,285.4884,4.7475,55.8475),(1086,'2023-09-29',2,0.8225,387.0135,3.1858,99.1598),(1087,'2023-09-29',3,0.7865,402.8111,3.1437,64.508),(1088,'2023-09-29',4,0.8208,393.1969,3.3732,98.5576),(1089,'2023-09-30',1,0.7336,287.9735,4.2443,69.9101),(1090,'2023-09-30',2,0.8307,389.3732,3.756,81.1448),(1091,'2023-09-30',3,0.7989,399.9692,3.5397,66.3644),(1092,'2023-09-30',4,0.8287,394.8077,3.179,97.2962),(1093,'2023-10-01',1,0.7003,283.732,10.4043,74.5229),(1094,'2023-10-01',2,0.7971,368.6816,8.7417,61.4894),(1095,'2023-10-01',3,0.7244,394.9499,6.6965,64.2902),(1096,'2023-10-01',4,0.7483,389.4005,6.9554,68.8853),(1097,'2023-10-02',1,0.6531,280.6451,5.1798,53.6128),(1098,'2023-10-02',2,0.6571,338.4481,8.7443,53.3696),(1099,'2023-10-02',3,0.5988,394.3234,6.1666,61.3709),(1100,'2023-10-02',4,0.6864,388.4353,5.4294,77.0192),(1101,'2023-10-03',1,0.6455,281.4204,5.1352,57.6886),(1102,'2023-10-03',2,0.6093,327.8773,8.0182,50.2079),(1103,'2023-10-03',3,0.5635,392.6463,5.6573,57.0454),(1104,'2023-10-03',4,0.6384,394.8187,4.5289,70.2173),(1105,'2023-10-04',1,0.6392,276.6593,4.2277,50.8349),(1106,'2023-10-04',2,0.6194,320.5205,5.2329,42.6823),(1107,'2023-10-04',3,0.5618,390.2003,3.7946,49.6696),(1108,'2023-10-04',4,0.6332,400.2262,5.0317,83.8809),(1109,'2023-10-05',1,0.6474,280.9055,4.4601,52.5613),(1110,'2023-10-05',2,0.6457,320.5469,4.7282,45.5559),(1111,'2023-10-05',3,0.5855,386.7835,4.2163,54.6028),(1112,'2023-10-05',4,0.6921,392.8467,4.3674,66.3072),(1113,'2023-10-06',1,0.6591,278.246,4.8059,57.4716),(1114,'2023-10-06',2,0.6851,352.5235,3.593,46.7719),(1115,'2023-10-06',3,0.6329,384.0319,3.305,56.1697),(1116,'2023-10-06',4,0.7121,399.2203,3.1907,70.9868),(1117,'2023-10-07',1,0.6525,272.8159,4.8612,54.1419),(1118,'2023-10-07',2,0.6807,351.7001,4.5169,40.8421),(1119,'2023-10-07',3,0.6204,381.7668,3.953,51.3429),(1120,'2023-10-07',4,0.7219,390.6495,3.5983,79.6967),(1121,'2023-10-08',1,0.6541,266.191,4.43,57.1533),(1122,'2023-10-08',2,0.585,304.5785,5.54,53.6973),(1123,'2023-10-08',3,0.562,366.772,5.3364,56.8473),(1124,'2023-10-08',4,0.6317,390.7399,5.3812,82.2805),(1125,'2023-10-09',1,0.634,259.7772,4.2808,53.6815),(1126,'2023-10-09',2,0.5588,292.3187,6.9174,51.4559),(1127,'2023-10-09',3,0.5484,361.5578,4.8948,57.4624),(1128,'2023-10-09',4,0.6366,393.4698,4.2464,79.9436),(1129,'2023-10-10',1,0.6158,257.4424,4.8467,53.6436),(1130,'2023-10-10',2,0.5569,287.0216,4.6096,42.5464),(1131,'2023-10-10',3,0.5348,358.5853,4.8779,63.2795),(1132,'2023-10-10',4,0.6562,388.7092,3.2167,50.7622),(1133,'2023-10-11',1,0.6179,255.1698,3.9207,56.1169),(1134,'2023-10-11',2,0.5719,285.8005,4.1568,45.1954),(1135,'2023-10-11',3,0.5579,360.4934,4.0335,57.7462),(1136,'2023-10-11',4,0.6573,382.149,3.8468,54.4324),(1137,'2023-10-12',1,0.6215,259.4986,3.6608,57.2906),(1138,'2023-10-12',2,0.6121,294.6159,4.0689,47.117),(1139,'2023-10-12',3,0.5932,370.1732,3.9614,59.6398),(1140,'2023-10-12',4,0.6998,390.4806,4.267,81.0931),(1141,'2023-10-13',1,0.6372,261.4387,3.8493,52.7259),(1142,'2023-10-13',2,0.7048,346.2673,3.3402,47.2698),(1143,'2023-10-13',3,0.6808,377.1945,2.8562,57.1759),(1144,'2023-10-13',4,0.763,391.6138,3.5846,72.1311),(1145,'2023-10-14',1,0.6433,266.0086,5.4722,53.3117),(1146,'2023-10-14',2,0.7387,351.6601,4.0299,46.4667),(1147,'2023-10-14',3,0.6893,379.0601,4.1883,50.6103),(1148,'2023-10-14',4,0.7565,391.8308,3.2972,70.5675),(1149,'2023-10-15',1,0.6184,259.361,5.41,54.39),(1150,'2023-10-15',2,0.6212,296.0016,4.6869,45.4255),(1151,'2023-10-15',3,0.5969,369.7105,4.6037,52.6446),(1152,'2023-10-15',4,0.6768,383.2778,5.5338,68.8872),(1153,'2023-10-16',1,0.5933,255.4414,7.0327,53.9127),(1154,'2023-10-16',2,0.578,282.0474,4.7022,52.2677),(1155,'2023-10-16',3,0.5569,367.5577,4.6385,53.3674),(1156,'2023-10-16',4,0.6487,387.1283,4.7985,65.4477),(1157,'2023-10-17',1,0.5962,251.1869,5.0805,52.3626),(1158,'2023-10-17',2,0.5773,278.9957,4.2067,43.1861),(1159,'2023-10-17',3,0.5552,357.5298,3.3657,50.7665),(1160,'2023-10-17',4,0.6226,382.6366,3.8253,79.5238),(1161,'2023-10-18',1,0.5817,257.3685,4.565,48.5325),(1162,'2023-10-18',2,0.5931,279.4778,3.7975,46.9028),(1163,'2023-10-18',3,0.5753,360.2288,3.6177,50.7474),(1164,'2023-10-18',4,0.6287,376.8183,3.2325,82.3565),(1165,'2023-10-19',1,0.6002,258.6165,3.4648,63.688),(1166,'2023-10-19',2,0.632,287.752,3.8965,58.2555),(1167,'2023-10-19',3,0.6153,357.2492,3.7507,64.3826),(1168,'2023-10-19',4,0.6592,387.2106,3.6455,91.2721),(1169,'2023-10-20',1,0.6481,261.3306,4.0442,49.2656),(1170,'2023-10-20',2,0.7398,343.268,3.0968,54.4526),(1171,'2023-10-20',3,0.7164,374.871,3.3085,59.7295),(1172,'2023-10-20',4,0.724,392.4425,3.3068,65.7566),(1173,'2023-10-21',1,0.6523,258.1235,3.4463,55.1174),(1174,'2023-10-21',2,0.7701,348.413,3.9727,52.5251),(1175,'2023-10-21',3,0.7342,371.1466,3.403,63.603),(1176,'2023-10-21',4,0.7497,395.2983,3.4791,73.9652),(1177,'2023-10-22',1,0.605,253.6084,4.0619,51.7355),(1178,'2023-10-22',2,0.6289,297.3667,4.7313,54.991),(1179,'2023-10-22',3,0.6174,362.1045,4.3333,62.1722),(1180,'2023-10-22',4,0.638,394.1126,3.6393,82.4836),(1181,'2023-10-23',1,0.5599,251.1271,5.6238,68.7079),(1182,'2023-10-23',2,0.5656,285.2328,5.1612,61.5654),(1183,'2023-10-23',3,0.5573,359.1556,4.0159,61.4023),(1184,'2023-10-23',4,0.6271,402.4622,3.877,83.1557),(1185,'2023-10-24',1,0.5492,248.3139,4.405,57.815),(1186,'2023-10-24',2,0.5446,282.1915,5.9325,68.6191),(1187,'2023-10-24',3,0.5212,360.0172,3.6707,69.0731),(1188,'2023-10-24',4,0.6042,401.0673,3.93,78.29),(1189,'2023-10-25',1,0.538,251.0156,3.5828,70.7486),(1190,'2023-10-25',2,0.5569,288.7274,4.8428,73.7802),(1191,'2023-10-25',3,0.5156,366.6707,4.1684,68.7445),(1192,'2023-10-25',4,0.5838,398.0179,3.6578,79.3157),(1193,'2023-10-26',1,0.548,253.5262,4.1044,71.1807),(1194,'2023-10-26',2,0.6007,301.8551,3.7984,91.9513),(1195,'2023-10-26',3,0.5413,371.879,3.6423,70.723),(1196,'2023-10-26',4,0.6191,399.5194,3.2335,90.6642),(1197,'2023-10-27',1,0.5404,259.4905,4.1142,76.3142),(1198,'2023-10-27',2,0.6812,364.2635,3.0398,74.8684),(1199,'2023-10-27',3,0.5985,379.6586,2.9457,68.5094),(1200,'2023-10-27',4,0.6694,394.0951,3.2812,87.5937),(1201,'2023-10-28',1,0.5294,263.3916,5.84,72.72),(1202,'2023-10-28',2,0.6924,367.938,3.6023,62.6844),(1203,'2023-10-28',3,0.5984,377.2526,3.1889,70.023),(1204,'2023-10-28',4,0.6654,401.9038,3.4081,85.6428),(1205,'2023-10-29',1,0.485,257.1972,5.506,74.5722),(1206,'2023-10-29',2,0.5759,324.7447,5.752,73.6788),(1207,'2023-10-29',3,0.4775,367.9621,4.7697,77.6776),(1208,'2023-10-29',4,0.5644,401.7583,3.8571,75.1238),(1209,'2023-10-30',1,0.46,250.5064,5.5217,78.663),(1210,'2023-10-30',2,0.4914,284.5232,6.324,81.3533),(1211,'2023-10-30',3,0.4221,363.2393,5.1372,79.0326),(1212,'2023-10-30',4,0.5473,397.629,3.8333,86.4607),(1213,'2023-10-31',1,0.4381,249.4754,5.0482,81.7862),(1214,'2023-10-31',2,0.4707,286.1081,6.9908,80.9216),(1215,'2023-10-31',3,0.3807,359.4669,3.0789,112.5614),(1216,'2023-10-31',4,0.5121,408.5077,4.4054,104.5),(1217,'2023-11-01',1,0.4427,253.367,10.6219,88.8048),(1218,'2023-11-01',2,0.4854,285.1747,10.8532,94.9104),(1219,'2023-11-01',3,0.4199,361.9178,6.738,133.535),(1220,'2023-11-01',4,0.5218,414.0379,5.8365,121.0961),(1221,'2023-11-02',1,0.4588,257.3246,4.8554,97.5843),(1222,'2023-11-02',2,0.5164,293.2449,4.7969,83.1722),(1223,'2023-11-02',3,0.496,379.6938,3.8844,165.9331),(1224,'2023-11-02',4,0.5582,418.6653,3.362,111.5689),(1225,'2023-11-03',1,0.5214,255.1429,5.6523,71.0827),(1226,'2023-11-03',2,0.6434,339.2839,4.4462,64.5889),(1227,'2023-11-03',3,0.7143,400.33,3.2325,185.1882),(1228,'2023-11-03',4,0.6489,408.6332,3.7191,87.6685),(1229,'2023-11-04',1,0.5921,254.0399,5.1675,55.7446),(1230,'2023-11-04',2,0.7124,343.5502,4.1088,57.2219),(1231,'2023-11-04',3,0.8146,397.5677,3.4509,115.7883),(1232,'2023-11-04',4,0.6959,406.5238,3.8355,101.125),(1233,'2023-11-05',1,0.594,246.016,5.3023,48.196),(1234,'2023-11-05',2,0.6127,295.5752,5.4172,59.3485),(1235,'2023-11-05',3,0.7117,391.9998,5.743,70.2569),(1236,'2023-11-05',4,0.6554,396.4487,3.5899,63.0647),(1237,'2023-11-06',1,0.5529,240.5748,6.2008,49.9121),(1238,'2023-11-06',2,0.5811,287.9292,5.019,53.3095),(1239,'2023-11-06',3,0.5473,368.0343,7.0811,83.3341),(1240,'2023-11-06',4,0.6379,397.1166,3.6444,75.4666),(1241,'2023-11-07',1,0.5359,239.5873,5.0193,50.0628),(1242,'2023-11-07',2,0.5655,286.7559,4.2918,47.1439),(1243,'2023-11-07',3,0.5161,353.1603,7.5652,77.5942),(1244,'2023-11-07',4,0.6407,389.8825,3.8811,66.4825),(1245,'2023-11-08',1,0.5257,240.2786,4.9244,52.1422),(1246,'2023-11-08',2,0.5624,285.9685,5.0771,54.194),(1247,'2023-11-08',3,0.5188,352.6337,4.2837,70.5709),(1248,'2023-11-08',4,0.6303,392.0365,3.2834,76.1653),(1249,'2023-11-09',1,0.5302,240.7414,3.8784,50.7803),(1250,'2023-11-09',2,0.5916,295.6157,4.169,55.3751),(1251,'2023-11-09',3,0.5639,357.4698,3.994,70.3343),(1252,'2023-11-09',4,0.6709,401.23,3.3825,109.4535),(1253,'2023-11-10',1,0.5756,241.6651,4.2932,40.4413),(1254,'2023-11-10',2,0.6807,337.2234,3.0835,51.8918),(1255,'2023-11-10',3,0.6533,373.386,3.5338,64.25),(1256,'2023-11-10',4,0.7747,413.7682,2.8254,89.9386),(1257,'2023-11-11',1,0.5764,241.334,3.4317,48.7011),(1258,'2023-11-11',2,0.6986,336.7674,3.7476,45.781),(1259,'2023-11-11',3,0.6817,367.9601,3.8054,66.9189),(1260,'2023-11-11',4,0.7869,410.4851,3.2617,78.8255),(1261,'2023-11-12',1,0.548,239.092,5.0532,49.627),(1262,'2023-11-12',2,0.5923,294.1082,4.3689,52.0765),(1263,'2023-11-12',3,0.5888,354.9578,4.0192,53.7845),(1264,'2023-11-12',4,0.7281,411.8683,3.1088,55.517),(1265,'2023-11-13',1,0.5187,237.8897,6.4826,47.3478),(1266,'2023-11-13',2,0.5617,285.7339,5.0908,50.1997),(1267,'2023-11-13',3,0.5468,351.1244,4.5409,55.6819),(1268,'2023-11-13',4,0.6678,404.5284,3.2547,70.4331),(1269,'2023-11-14',1,0.5572,241.4762,3.7,35.0612),(1270,'2023-11-14',2,0.5625,279.6908,3.6044,39.7935),(1271,'2023-11-14',3,0.5417,341.067,4.0329,53.8271),(1272,'2023-11-14',4,0.6075,392.9852,3.8534,72.4482),(1273,'2023-11-15',1,0.5636,244.7243,3.8415,47.198),(1274,'2023-11-15',2,0.5637,278.7929,4.1089,44.0878),(1275,'2023-11-15',3,0.5511,344.0365,3.7058,51.8509),(1276,'2023-11-15',4,0.6047,392.7691,3.2916,64.1583),(1277,'2023-11-16',1,0.5397,237.4973,4.9623,50.0125),(1278,'2023-11-16',2,0.581,281.9376,3.5346,54.8921),(1279,'2023-11-16',3,0.5831,348.3862,3.8611,66.2712),(1280,'2023-11-16',4,0.6186,393.5762,6.0197,75.9868),(1281,'2023-11-17',1,0.5545,239.5266,3.7237,45.7762),(1282,'2023-11-17',2,0.6518,317.829,2.7244,47.0562),(1283,'2023-11-17',3,0.6495,367.0065,3.1731,64.9242),(1284,'2023-11-17',4,0.7092,382.7446,3.0094,66.4528),(1285,'2023-11-18',1,0.5479,239.8957,4.3869,49.5217),(1286,'2023-11-18',2,0.7025,313.926,3.8804,64.8854),(1287,'2023-11-18',3,0.6662,363.1982,3.9545,78.9715),(1288,'2023-11-18',4,0.753,379.0792,4.4,93.5894),(1289,'2023-11-19',1,0.5396,238.3017,4.6222,47.174),(1290,'2023-11-19',2,0.598,294.1991,4.0676,50.3342),(1291,'2023-11-19',3,0.5732,350.6548,3.9097,54.0037),(1292,'2023-11-19',4,0.6903,379.5567,3.6796,65.375),(1293,'2023-11-20',1,0.5246,236.1248,4.8659,51.0905),(1294,'2023-11-20',2,0.565,288.3582,4.2267,47.0786),(1295,'2023-11-20',3,0.5256,344.0561,3.9787,69.4113),(1296,'2023-11-20',4,0.6483,369.4646,3.3566,65.6853),(1297,'2023-11-21',1,0.5208,236.9134,3.8356,43.46),(1298,'2023-11-21',2,0.5623,288.5296,3.5731,44.0457),(1299,'2023-11-21',3,0.5214,340.7231,3.7085,56.1793),(1300,'2023-11-21',4,0.6554,374.6634,4.7692,78.1282),(1301,'2023-11-22',1,0.535,238.9211,4.145,54.0352),(1302,'2023-11-22',2,0.5711,287.2402,3.9178,51.9518),(1303,'2023-11-22',3,0.5351,342.1815,3.3974,56.4769),(1304,'2023-11-22',4,0.6516,370.8601,3.2941,59.5955),(1305,'2023-11-23',1,0.5566,237.9185,3.7598,53.6968),(1306,'2023-11-23',2,0.6085,291.5836,3.4092,58.3064),(1307,'2023-11-23',3,0.5683,341.84,3.7875,74.7843),(1308,'2023-11-23',4,0.7174,372.3192,3.9944,70.4198),(1309,'2023-11-24',1,0.5803,242.2847,3.1065,43.646),(1310,'2023-11-24',2,0.6878,319.2067,3.0965,65.979),(1311,'2023-11-24',3,0.6389,356.9642,2.9538,64.2548),(1312,'2023-11-24',4,0.7811,376.2007,3.0666,87.7428),(1313,'2023-11-25',1,0.5988,243.2887,3.4918,41.3127),(1314,'2023-11-25',2,0.8019,337.8609,2.6295,76.6364),(1315,'2023-11-25',3,0.6692,352.5586,3.6065,78.4053),(1316,'2023-11-25',4,0.7605,370.865,10.3333,93.782),(1317,'2023-11-26',1,0.5783,245.4316,3.3299,37.5757),(1318,'2023-11-26',2,0.7612,310.1043,3.9689,56.2183),(1319,'2023-11-26',3,0.5796,345.6644,5.7027,72.1114),(1320,'2023-11-26',4,0.6463,374.5721,12.7196,66.9166),(1321,'2023-11-27',1,0.5043,236.3756,4.1869,44.9478),(1322,'2023-11-27',2,0.5609,291.7178,6.2371,51.232),(1323,'2023-11-27',3,0.548,344.4732,4.5186,62.4745),(1324,'2023-11-27',4,0.5845,368.4732,3.5563,61.5263),(1325,'2023-11-28',1,0.5013,235.3033,4.8571,35.1571),(1326,'2023-11-28',2,0.5071,282.3771,5.0821,43.6079),(1327,'2023-11-28',3,0.5289,344.3887,3.3686,47.5529),(1328,'2023-11-28',4,0.5582,356.4691,3.9212,55.1102),(1329,'2023-11-29',1,0.5125,236.0759,3.9623,37.41),(1330,'2023-11-29',2,0.5156,284.36,3.9785,48.4383),(1331,'2023-11-29',3,0.5096,340.3299,3.0935,50.8472),(1332,'2023-11-29',4,0.5773,367.755,3.3719,59.2975),(1333,'2023-11-30',1,0.4905,240.0047,4.0344,47.8836),(1334,'2023-11-30',2,0.5435,288.3987,3.9802,45.3135),(1335,'2023-11-30',3,0.5221,348.0296,3.3519,77.0625),(1336,'2023-11-30',4,0.6046,379.6868,3.3648,72.3175),(1337,'2023-12-01',1,0.5185,238.5694,6.065,54.639),(1338,'2023-12-01',2,0.6056,310.884,4.8591,65.8525),(1339,'2023-12-01',3,0.6165,352.4245,5.4542,86.6234),(1340,'2023-12-01',4,0.6941,375.1421,4.3853,82.2477),(1341,'2023-12-02',1,0.5387,242.5476,4.2749,45.1035),(1342,'2023-12-02',2,0.6523,308.1113,3.0834,52.4388),(1343,'2023-12-02',3,0.6608,348.5555,3.4325,80.7808),(1344,'2023-12-02',4,0.6751,367.3002,2.6346,63.5),(1345,'2023-12-03',1,0.5214,240.5322,4.051,41.7617),(1346,'2023-12-03',2,0.5751,299.6806,12.3136,72.2096),(1347,'2023-12-03',3,0.5958,349.1991,4.127,60.8013),(1348,'2023-12-03',4,0.5901,370.9059,3.388,65.4477),(1349,'2023-12-04',1,0.4848,235.4089,4.7743,47.4734),(1350,'2023-12-04',2,0.5527,299.2597,6.2836,57.5),(1351,'2023-12-04',3,0.5562,357.0262,3.8745,65.5156),(1352,'2023-12-04',4,0.5668,377.5413,3.5492,64.2042),(1353,'2023-12-05',1,0.476,239.1386,3.7465,29.8755),(1354,'2023-12-05',2,0.5544,302.5059,4.818,42.0972),(1355,'2023-12-05',3,0.534,362.8965,2.9949,49.9191),(1356,'2023-12-05',4,0.5504,388.7005,3.4148,60.8829),(1357,'2023-12-06',1,0.4757,234.9263,4.0231,35.4478),(1358,'2023-12-06',2,0.5528,303.7384,4.1796,44.042),(1359,'2023-12-06',3,0.538,363.4298,3.2241,46.3318),(1360,'2023-12-06',4,0.5521,385.1585,3.035,51.1929),(1361,'2023-12-07',1,0.4666,234.5416,4.2048,47.0097),(1362,'2023-12-07',2,0.582,302.6916,3.3602,45.601),(1363,'2023-12-07',3,0.5406,357.9683,3.5576,63.539),(1364,'2023-12-07',4,0.5513,379.4343,3.8076,62.3153),(1365,'2023-12-08',1,0.5117,244.3443,3.0588,39.9215),(1366,'2023-12-08',2,0.6249,325.4586,3.112,47.1251),(1367,'2023-12-08',3,0.5767,365.5337,3.6887,61.9081),(1368,'2023-12-08',4,0.6,376.6478,3.2229,56.7162),(1369,'2023-12-09',1,0.4945,245.3091,3.9433,42.4905),(1370,'2023-12-09',2,0.6411,332.2408,3.3147,45.7382),(1371,'2023-12-09',3,0.6144,371.7958,4.4348,66.6197),(1372,'2023-12-09',4,0.6015,363.9886,3.7244,67.8582),(1373,'2023-12-10',1,0.4965,246.9125,3.4576,30.9618),(1374,'2023-12-10',2,0.5645,313.1346,4.2343,48.3583),(1375,'2023-12-10',3,0.558,371.311,3.5439,59.8108),(1376,'2023-12-10',4,0.5333,374.2636,4.2727,84.1818),(1377,'2023-12-11',1,0.4691,244.8982,4.0846,33.4653),(1378,'2023-12-11',2,0.5407,309.3029,4.0221,51.4536),(1379,'2023-12-11',3,0.5182,376.4681,4.2467,58.8961),(1380,'2023-12-11',4,0.4977,386.9372,3.8846,58.3653),(1381,'2023-12-12',1,0.4421,242.4579,3.8292,19.3024),(1382,'2023-12-12',2,0.5424,307.3476,3.7433,40.4395),(1383,'2023-12-12',3,0.5307,374.6794,3.2597,43.4675),(1384,'2023-12-12',4,0.4727,374.9441,3.5106,59.2127),(1385,'2023-12-13',1,0.4857,239.3054,2.1263,24.7256),(1386,'2023-12-13',2,0.5398,305.5586,3.652,45.6345),(1387,'2023-12-13',3,0.5364,368.2269,2.9954,50.6787),(1388,'2023-12-13',4,0.4983,377.2784,2.9649,59.6666),(1389,'2023-12-14',1,0.449,241.9387,3.0565,26.0608),(1390,'2023-12-14',2,0.5468,307.3405,3.7931,47.7057),(1391,'2023-12-14',3,0.5316,366.411,3.3545,55.7011),(1392,'2023-12-14',4,0.5099,373.893,3.3983,71.7966),(1393,'2023-12-15',1,0.4261,241.5391,4.5375,45.2648),(1394,'2023-12-15',2,0.5744,330.9931,3.4432,51.6859),(1395,'2023-12-15',3,0.5392,368.2269,3.5816,60.6735),(1396,'2023-12-15',4,0.5873,378.7332,3.1176,59.7588),(1397,'2023-12-16',1,0.4686,244.6511,3.2303,40.5272),(1398,'2023-12-16',2,0.5937,335.0948,4.008,52.3348),(1399,'2023-12-16',3,0.5535,364.5409,4.0571,68.3142),(1400,'2023-12-16',4,0.6146,380.0663,3.4027,58.6597),(1401,'2023-12-17',1,0.4835,246.2111,2.8429,34.0512),(1402,'2023-12-17',2,0.5403,327.3297,4.158,48.7035),(1403,'2023-12-17',3,0.4995,374.1358,4.4436,54.436),(1404,'2023-12-17',4,0.5498,379.9005,3.1875,58.5446),(1405,'2023-12-18',1,0.4728,244.9606,3.53,41.1307),(1406,'2023-12-18',2,0.5217,329.4204,4.9448,54.4942),(1407,'2023-12-18',3,0.4814,370.258,4.1601,66.0213),(1408,'2023-12-18',4,0.5473,380.9157,3.7107,73.3553),(1409,'2023-12-19',1,0.4539,246.5345,3.5281,41.2813),(1410,'2023-12-19',2,0.5277,325.423,3.7292,47.0361),(1411,'2023-12-19',3,0.4986,371.6161,3.0444,56.5644),(1412,'2023-12-19',4,0.5369,384.4976,3.0097,58.5631),(1413,'2023-12-20',1,0.488,246.2484,4.3628,48.6457),(1414,'2023-12-20',2,0.5402,326.9816,3.7801,60.8308),(1415,'2023-12-20',3,0.4986,371.3951,3.4492,63.625),(1416,'2023-12-20',4,0.5615,381.74,3.3972,61.7397),(1417,'2023-12-21',1,0.4655,250.0229,4.404,54.628),(1418,'2023-12-21',2,0.541,337.3612,4.2035,68.1838),(1419,'2023-12-21',3,0.497,374.314,4.0716,82.3154),(1420,'2023-12-21',4,0.5845,383.3925,3.9659,91.0272),(1421,'2023-12-22',1,0.5373,269.4937,4.8113,72.2454),(1422,'2023-12-22',2,0.562,352.6678,5.518,85.4773),(1423,'2023-12-22',3,0.5333,381.3492,4.6675,107.7582),(1424,'2023-12-22',4,0.6569,403.0729,4.0786,101.4887),(1425,'2023-12-23',1,0.6003,281.3579,5.447,78.7576),(1426,'2023-12-23',2,0.6367,364.5421,4.411,82.7702),(1427,'2023-12-23',3,0.6375,393.3374,4.471,114.077),(1428,'2023-12-23',4,0.7339,402.1991,3.9308,116.3829),(1429,'2023-12-24',1,0.671,287.5598,3.9273,69.8145),(1430,'2023-12-24',2,0.6933,362.5465,3.7679,67.0097),(1431,'2023-12-24',3,0.6853,393.0341,4.1132,104.3786),(1432,'2023-12-24',4,0.7801,400.9785,3.7018,106.3478),(1433,'2023-12-25',1,0.7091,285.6177,3.4636,59.2318),(1434,'2023-12-25',2,0.7368,363.7673,3.8241,63.77),(1435,'2023-12-25',3,0.7202,394.8304,3.1215,67.1491),(1436,'2023-12-25',4,0.7919,400.0963,3.7446,79.5425),(1437,'2023-12-26',1,0.7085,285.6195,3.973,65.3501),(1438,'2023-12-26',2,0.7401,362.4985,4.1699,72.3244),(1439,'2023-12-26',3,0.7294,395.2083,4.3851,112.3648),(1440,'2023-12-26',4,0.7895,398.1941,3.6209,95.5887),(1441,'2023-12-27',1,0.6781,276.6963,4.5539,73.3693),(1442,'2023-12-27',2,0.768,361.5214,4.4989,83.4552),(1443,'2023-12-27',3,0.7979,393.7347,4.5864,110.2827),(1444,'2023-12-27',4,0.7705,404.2922,4.1058,130.2176),(1445,'2023-12-28',1,0.6997,278.9088,4.5718,76.4718),(1446,'2023-12-28',2,0.7862,365.3566,4.1542,74.0228),(1447,'2023-12-28',3,0.8354,396.2658,4.687,109.8843),(1448,'2023-12-28',4,0.809,395.6298,4.971,107.4508),(1449,'2023-12-29',1,0.7119,281.463,5.2761,75.9534),(1450,'2023-12-29',2,0.7801,373.0303,4.2177,71.4518),(1451,'2023-12-29',3,0.8432,399.7374,4.8953,120.8553),(1452,'2023-12-29',4,0.8122,392.8659,4.3035,127.9464),(1453,'2023-12-30',1,0.734,286.7991,4.9185,76.9211),(1454,'2023-12-30',2,0.7778,370.2306,4.6092,74.9559),(1455,'2023-12-30',3,0.8587,403.6647,4.6931,135.9603),(1456,'2023-12-30',4,0.8659,398.1117,4.1839,106.2816),(1457,'2023-12-31',1,0.7638,294.9542,3.4444,71.0216),(1458,'2023-12-31',2,0.7931,368.083,3.9443,64.4824),(1459,'2023-12-31',3,0.8494,404.8254,4.4666,90.1692),(1460,'2023-12-31',4,0.8601,400.199,3.2478,109.9059),(1461,'2024-01-01',1,0.7554,293.6736,7.6524,76.0569),(1462,'2024-01-01',2,0.7529,365.8737,5.9678,78.5895),(1463,'2024-01-01',3,0.8168,404.6896,5.0039,109.2078),(1464,'2024-01-01',4,0.8521,403.6984,7.6946,96.9389),(1465,'2024-01-02',1,0.7098,288.3443,7.7807,79.377),(1466,'2024-01-02',2,0.7298,369.9016,6.0215,74.1715),(1467,'2024-01-02',3,0.7986,399.8806,4.4276,116.7986),(1468,'2024-01-02',4,0.7959,398.8241,4.4652,99.4705),(1469,'2024-01-03',1,0.6665,285.0074,6.9473,64.194),(1470,'2024-01-03',2,0.7428,373.77,6.1826,71.321),(1471,'2024-01-03',3,0.7833,401.5698,5.1063,102.5471),(1472,'2024-01-03',4,0.765,388.0634,4.8915,93.7108),(1473,'2024-01-04',1,0.665,280.6221,5.903,46.1606),(1474,'2024-01-04',2,0.7548,372.346,5.1539,61.7738),(1475,'2024-01-04',3,0.7838,398.836,4.2166,97.9277),(1476,'2024-01-04',4,0.7428,394.9973,5.8604,86.5755),(1477,'2024-01-05',1,0.6346,277.7167,5.3614,56.429),(1478,'2024-01-05',2,0.7475,372.9118,5.0767,59.1462),(1479,'2024-01-05',3,0.7795,396.699,4.5223,104.6692),(1480,'2024-01-05',4,0.778,397.3597,8.6393,100.2404),(1481,'2024-01-06',1,0.6145,274.3531,7.1052,56.9052),(1482,'2024-01-06',2,0.7324,369.335,4.6852,56.7018),(1483,'2024-01-06',3,0.7357,394.1097,4.633,82.7522),(1484,'2024-01-06',4,0.7702,397.5709,5.6149,78.118),(1485,'2024-01-07',1,0.584,272.5735,6.4542,45.2992),(1486,'2024-01-07',2,0.6915,361.8117,6.504,58.8),(1487,'2024-01-07',3,0.6927,394.9187,8.2997,71.4668),(1488,'2024-01-07',4,0.707,390.7589,7.8219,63.8356),(1489,'2024-01-08',1,0.5777,270.0079,5.3016,47.6229),(1490,'2024-01-08',2,0.7025,357.5355,6.3939,62.6388),(1491,'2024-01-08',3,0.6924,392.3934,6.0917,67.6597),(1492,'2024-01-08',4,0.6818,398.3304,5.7837,63.8986),(1493,'2024-01-09',1,0.5712,269.4564,6.8744,45.9456),(1494,'2024-01-09',2,0.7146,356.9069,5.1392,54.5181),(1495,'2024-01-09',3,0.6925,396.1509,4.8783,57.6577),(1496,'2024-01-09',4,0.6881,401.1265,5.4166,53.8194),(1497,'2024-01-10',1,0.5935,273.159,5.2749,37.5223),(1498,'2024-01-10',2,0.7139,358.3701,4.7045,54.9312),(1499,'2024-01-10',3,0.6821,399.363,3.8244,55.8167),(1500,'2024-01-10',4,0.687,400.5325,4.968,61.256),(1501,'2024-01-11',1,0.597,271.2561,4.4946,29.6219),(1502,'2024-01-11',2,0.7198,359.6934,4.2096,49.491),(1503,'2024-01-11',3,0.6731,399.6929,4.3878,55.6768),(1504,'2024-01-11',4,0.687,396.6182,4.7177,50.2208),(1505,'2024-01-12',1,0.548,270.446,5.8878,33.3004),(1506,'2024-01-12',2,0.7359,368.3084,4.4354,49.3392),(1507,'2024-01-12',3,0.66,399.064,4.0906,53.87),(1508,'2024-01-12',4,0.6882,393.4231,3.1383,62.1069),(1509,'2024-01-13',1,0.5727,263.7936,4.5017,35.9686),(1510,'2024-01-13',2,0.735,369.0378,5.2608,49.5022),(1511,'2024-01-13',3,0.6526,399.6421,8.7055,60.0614),(1512,'2024-01-13',4,0.6723,391.4013,6.1666,70.0681),(1513,'2024-01-14',1,0.535,264.0701,5.3647,38.0204),(1514,'2024-01-14',2,0.6538,361.0253,6.544,57.8906),(1515,'2024-01-14',3,0.5808,398.8625,4.9793,64.8384),(1516,'2024-01-14',4,0.6086,386.9996,4.775,59.4916),(1517,'2024-01-15',1,0.5211,264.7804,8.711,43.1102),(1518,'2024-01-15',2,0.6385,356.9949,6.1506,56.4938),(1519,'2024-01-15',3,0.5626,403.5377,7.0129,73.198),(1520,'2024-01-15',4,0.5961,388.4309,7.2826,68.1304),(1521,'2024-01-16',1,0.5293,267.5715,6,53.8502),(1522,'2024-01-16',2,0.6406,360.482,6.5659,48.9276),(1523,'2024-01-16',3,0.5544,410.0486,6.6255,51.7617),(1524,'2024-01-16',4,0.6044,393.968,4.1349,53.1269),(1525,'2024-01-17',1,0.5529,266.5494,4.0111,27.5241),(1526,'2024-01-17',2,0.6486,363.56,5.155,46.1978),(1527,'2024-01-17',3,0.5564,410.3667,4.6806,57.1099),(1528,'2024-01-17',4,0.6309,400.8828,2.8813,52.9322),(1529,'2024-01-18',1,0.538,265.6459,5.8268,36.0476),(1530,'2024-01-18',2,0.6586,364.5294,4.6267,49.43),(1531,'2024-01-18',3,0.5623,409.1561,4.1826,51.2054),(1532,'2024-01-18',4,0.617,399.5792,3.7801,51.5602),(1533,'2024-01-19',1,0.5601,266.9653,4.2989,28.2508),(1534,'2024-01-19',2,0.7112,374.7255,3.5941,49.3813),(1535,'2024-01-19',3,0.5929,409.0023,4.0344,39.4137),(1536,'2024-01-19',4,0.638,401.4165,3.8496,50.1127),(1537,'2024-01-20',1,0.5464,263.7435,6.1885,34.4429),(1538,'2024-01-20',2,0.7109,374.1338,4.6947,41.7054),(1539,'2024-01-20',3,0.5781,406.1398,5.0902,53.0104),(1540,'2024-01-20',4,0.6353,403.62,3.3826,53.2173),(1541,'2024-01-21',1,0.5271,259.7933,6.8425,35.417),(1542,'2024-01-21',2,0.6189,352.5319,7.0793,52.6425),(1543,'2024-01-21',3,0.5006,401.9115,6.5038,49.1653),(1544,'2024-01-21',4,0.555,400.951,4.5416,59.3645),(1545,'2024-01-22',1,0.509,254.8711,5.8227,26.5021),(1546,'2024-01-22',2,0.5899,347.3045,6.0241,50.2081),(1547,'2024-01-22',3,0.4935,396.2558,5.8181,51.5876),(1548,'2024-01-22',4,0.547,400.1939,5.6595,44.7092),(1549,'2024-01-23',1,0.5141,254.443,3.553,30.3451),(1550,'2024-01-23',2,0.5797,346.3704,6.1961,41.864),(1551,'2024-01-23',3,0.4866,390.5842,3.6161,35.0236),(1552,'2024-01-23',4,0.5629,403.7989,2.513,40.3565),(1553,'2024-01-24',1,0.5142,260.2662,4.6238,33.6697),(1554,'2024-01-24',2,0.589,347.8374,5.3562,40.0135),(1555,'2024-01-24',3,0.5052,393.2859,4.9492,46.9257),(1556,'2024-01-24',4,0.5113,396.862,3.0315,33.0526),(1557,'2024-01-25',1,0.5269,264.068,4.3292,37.5487),(1558,'2024-01-25',2,0.6429,352.9927,3.6957,39.8117),(1559,'2024-01-25',3,0.611,392.7017,3.9595,49.7787),(1560,'2024-01-25',4,0.5407,394.44,5.9798,36.1208),(1561,'2024-01-26',1,0.5366,263.5363,4.2179,31.0427),(1562,'2024-01-26',2,0.6951,370.9917,3.2337,32.8197),(1563,'2024-01-26',3,0.6781,390.0993,3.3404,44.4785),(1564,'2024-01-26',4,0.4866,388.5446,2.7454,58.309),(1565,'2024-01-27',1,0.5322,259.6013,3.1291,19.6208),(1566,'2024-01-27',2,0.6658,368.0605,4.0505,38.0035),(1567,'2024-01-27',3,0.6565,386.6564,3.8455,32.054),(1568,'2024-01-27',4,0.4771,381.809,2.563,43.3361),(1569,'2024-01-28',1,0.4876,255.3648,4.14,30.26),(1570,'2024-01-28',2,0.5498,328.0022,6.1322,44.2081),(1571,'2024-01-28',3,0.4903,377.9417,4.8197,41.3356),(1572,'2024-01-28',4,0.4148,375.3566,3.9661,52.2627),(1573,'2024-01-29',1,0.4546,244.0335,6.1674,32.9901),(1574,'2024-01-29',2,0.5037,314.0731,9.2331,51.8422),(1575,'2024-01-29',3,0.4106,367.662,7.9189,50.7915),(1576,'2024-01-29',4,0.4104,378.0862,5.2475,55.396),(1577,'2024-01-30',1,0.4532,244.7338,6.3579,24.2329),(1578,'2024-01-30',2,0.4912,306.8083,5.4494,38.5054),(1579,'2024-01-30',3,0.4025,360.5703,5.8387,35.0645),(1580,'2024-01-30',4,0.4172,368.7896,3.4432,30.134),(1581,'2024-01-31',1,0.4484,240.1909,4.5689,32.1494),(1582,'2024-01-31',2,0.4844,308.0142,6.2731,42.221),(1583,'2024-01-31',3,0.4135,361.7703,4.8146,40.2198),(1584,'2024-01-31',4,0.4158,381.8642,4.1894,49.2736),(1585,'2024-02-01',1,0.4543,235.362,13.6158,47.7251),(1586,'2024-02-01',2,0.523,301.3572,13.2143,58.0279),(1587,'2024-02-01',3,0.4728,355.4357,12.4092,73.0597),(1588,'2024-02-01',4,0.5082,392.5449,9.5102,47.903),(1589,'2024-02-02',1,0.4682,240.1828,4.9511,36.3422),(1590,'2024-02-02',2,0.581,333.334,4.6099,44.3411),(1591,'2024-02-02',3,0.5285,366.0304,4.8965,42.8916),(1592,'2024-02-02',4,0.5635,381.7266,3.079,47.1977),(1593,'2024-02-03',1,0.534,244.9224,4.0959,16.3095),(1594,'2024-02-03',2,0.6098,334.7586,4.3006,39.3867),(1595,'2024-02-03',3,0.5851,367.0614,4.7976,38.6656),(1596,'2024-02-03',4,0.6142,387.9045,2.8456,42.0604),(1597,'2024-02-04',1,0.4846,237.4149,7.7656,34.2083),(1598,'2024-02-04',2,0.5522,302.8836,6.329,39.0892),(1599,'2024-02-04',3,0.4892,362.9879,3.8177,38.7244),(1600,'2024-02-04',4,0.5188,378.3772,5.0416,48.025),(1601,'2024-02-05',1,0.478,234.6742,6.8296,39.1222),(1602,'2024-02-05',2,0.5273,294.9552,7.5266,45.6222),(1603,'2024-02-05',3,0.4727,366.4514,4.7112,51.0627),(1604,'2024-02-05',4,0.4931,389.592,3.6111,48.3611),(1605,'2024-02-06',1,0.4698,234.1886,3.7318,34.1521),(1606,'2024-02-06',2,0.5211,291.9295,5.1588,42.8224),(1607,'2024-02-06',3,0.4513,361.2781,6.2608,45),(1608,'2024-02-06',4,0.4767,388.5334,3.2558,50.4418),(1609,'2024-02-07',1,0.4585,237.2268,4.929,48.9677),(1610,'2024-02-07',2,0.515,292.8654,5.199,48.3932),(1611,'2024-02-07',3,0.4509,361.6035,4.5751,55.7189),(1612,'2024-02-07',4,0.4973,388.7042,4.387,43.4086),(1613,'2024-02-08',1,0.4662,241.9584,4.0412,43.0773),(1614,'2024-02-08',2,0.5265,297.3926,4.9682,48.2156),(1615,'2024-02-08',3,0.4668,366.9788,6.853,62.2701),(1616,'2024-02-08',4,0.4978,392.1986,5.723,57.1615),(1617,'2024-02-09',1,0.4754,244.2775,4.6908,42.2367),(1618,'2024-02-09',2,0.5693,329.9838,4.5622,44.6187),(1619,'2024-02-09',3,0.5305,369.0682,3.381,53.3696),(1620,'2024-02-09',4,0.5074,391.5091,3.2549,65.147),(1621,'2024-02-10',1,0.4774,245.3406,6.4024,40.189),(1622,'2024-02-10',2,0.5903,332.8316,5.1007,50.994),(1623,'2024-02-10',3,0.5413,366.7134,3.8155,61.7038),(1624,'2024-02-10',4,0.5343,392.2431,3.5882,46.0392),(1625,'2024-02-11',1,0.4564,244.4809,5.7837,52.6756),(1626,'2024-02-11',2,0.5225,301.2856,5.732,47.6089),(1627,'2024-02-11',3,0.468,360.1592,5.4352,51.9882),(1628,'2024-02-11',4,0.469,395.3188,6.8,71.4333),(1629,'2024-02-12',1,0.4408,239.3538,6.0111,49.2569),(1630,'2024-02-12',2,0.5011,297.6054,6.5175,56.1459),(1631,'2024-02-12',3,0.4329,361.3622,5.8225,52.301),(1632,'2024-02-12',4,0.4467,405.5946,4.4148,63.0638),(1633,'2024-02-13',1,0.4448,243.8074,3.9847,54.8015),(1634,'2024-02-13',2,0.4976,297.1561,5.9673,47.0615),(1635,'2024-02-13',3,0.4121,366.3006,7.536,68.88),(1636,'2024-02-13',4,0.4401,399.4255,4.5285,76.6142),(1637,'2024-02-14',1,0.4377,238.9096,8.0451,43.9849),(1638,'2024-02-14',2,0.4957,294.3731,5.1172,51.5413),(1639,'2024-02-14',3,0.4251,357.2806,3.8312,42.1125),(1640,'2024-02-14',4,0.4786,398.028,3.3186,66.0439),(1641,'2024-02-15',1,0.4462,239.9963,5.0405,49.8648),(1642,'2024-02-15',2,0.5038,299.0362,4.4806,57.7896),(1643,'2024-02-15',3,0.4407,360.0451,5.4232,62.1906),(1644,'2024-02-15',4,0.5109,402.6292,3.4852,56.397),(1645,'2024-02-16',1,0.454,249.5034,6.488,51.9642),(1646,'2024-02-16',2,0.547,332.9168,4.7446,58.5125),(1647,'2024-02-16',3,0.5039,370.1702,4.4954,56.2629),(1648,'2024-02-16',4,0.5141,384.6988,4.6239,65.7777),(1649,'2024-02-17',1,0.455,250.2205,4.5037,55.1111),(1650,'2024-02-17',2,0.5743,336.2907,4.5133,64.7741),(1651,'2024-02-17',3,0.5319,366.754,4.329,54.9529),(1652,'2024-02-17',4,0.5331,390.1352,3.7685,69.9351),(1653,'2024-02-18',1,0.422,245.6857,7.23,50.7256),(1654,'2024-02-18',2,0.5179,305.1009,5.6268,70.5996),(1655,'2024-02-18',3,0.4502,355.6783,6.6578,58.9934),(1656,'2024-02-18',4,0.4634,382.3539,7.7101,73.2753),(1657,'2024-02-19',1,0.4017,240.5332,5.3565,58.031),(1658,'2024-02-19',2,0.5054,310.3155,5.3941,72.626),(1659,'2024-02-19',3,0.4009,355.4167,5.8128,61.1169),(1660,'2024-02-19',4,0.4349,382.1949,3.8181,72.922),(1661,'2024-02-20',1,0.4012,237.7971,5.605,45.5462),(1662,'2024-02-20',2,0.5132,309.468,6.4688,64.3763),(1663,'2024-02-20',3,0.3804,353.849,6.0648,67.1574),(1664,'2024-02-20',4,0.3896,387.1082,4.7678,85.5),(1665,'2024-02-21',1,0.3924,242.0554,6.7477,67.2702),(1666,'2024-02-21',2,0.4811,297.2471,7.2315,66.1035),(1667,'2024-02-21',3,0.3946,352.3238,4.452,72.7671),(1668,'2024-02-21',4,0.4144,390.0871,3.8333,83.7638),(1669,'2024-02-22',1,0.3951,240.1538,4.5983,49.8114),(1670,'2024-02-22',2,0.4839,296.0539,5.6101,64.9952),(1671,'2024-02-22',3,0.4264,351.308,4.9077,74.5679),(1672,'2024-02-22',4,0.4341,400.0394,4.0183,81.0733),(1673,'2024-02-23',1,0.4378,244.6176,6.4684,43.1351),(1674,'2024-02-23',2,0.5444,326.6279,4.6663,52.6325),(1675,'2024-02-23',3,0.4991,363.9215,4.9169,59.5905),(1676,'2024-02-23',4,0.5169,401.7088,3.0263,67.1842),(1677,'2024-02-24',1,0.4907,244.2721,7.3866,28.9182),(1678,'2024-02-24',2,0.631,330.2265,5.5175,40.8117),(1679,'2024-02-24',3,0.5756,365.1873,3.7802,43.4368),(1680,'2024-02-24',4,0.5575,392.47,4.0252,48.8067),(1681,'2024-02-25',1,0.501,238.1731,5.4454,34.3227),(1682,'2024-02-25',2,0.5668,299.7282,5.2204,43.5255),(1683,'2024-02-25',3,0.5058,355.7771,3.2468,41.8033),(1684,'2024-02-25',4,0.5106,392.5437,3.11,44.7339),(1685,'2024-02-26',1,0.4828,239.7328,4.5873,33.7912),(1686,'2024-02-26',2,0.5298,289.1731,5.119,39.9914),(1687,'2024-02-26',3,0.4611,352.6873,4.7413,45.3783),(1688,'2024-02-26',4,0.4692,386.2195,4.0588,58.0168),(1689,'2024-02-27',1,0.4702,238.9478,6.103,39.3515),(1690,'2024-02-27',2,0.5163,286.1008,4.4199,38.4314),(1691,'2024-02-27',3,0.4454,359.151,3.6596,39.5497),(1692,'2024-02-27',4,0.4511,379.4278,3.2763,35.8157),(1693,'2024-02-28',1,0.5012,246.2345,6.4179,36.6953),(1694,'2024-02-28',2,0.5148,292.497,4.4441,39.1173),(1695,'2024-02-28',3,0.4444,359.2037,3.3489,42.0468),(1696,'2024-02-28',4,0.4356,378.0957,3.2253,40.1971),(1697,'2024-02-29',1,0.5093,246.0042,4.6074,31.8518),(1698,'2024-02-29',2,0.5327,297.9662,4.7796,43.8027),(1699,'2024-02-29',3,0.4773,364.0673,3.5924,47.1746),(1700,'2024-02-29',4,0.4683,383.5144,3.355,55.3405),(1701,'2024-03-01',1,0.5025,244.1472,12,50.7675),(1702,'2024-03-01',2,0.5958,329.0173,8.0367,53.738),(1703,'2024-03-01',3,0.556,374.2208,8.3137,56.1578),(1704,'2024-03-01',4,0.5334,383.7856,6.2716,59.7976),(1705,'2024-03-02',1,0.5081,243.1255,4.8601,46.0207),(1706,'2024-03-02',2,0.6351,331.5735,4.4417,34.708),(1707,'2024-03-02',3,0.6009,371.5645,3.6556,49.961),(1708,'2024-03-02',4,0.565,389.1828,3.8119,60.9401),(1709,'2024-03-03',1,0.4925,247.2315,5.0047,36.9095),(1710,'2024-03-03',2,0.5478,298.794,5.4164,36.0774),(1711,'2024-03-03',3,0.5148,357.8992,3.8429,39.3218),(1712,'2024-03-03',4,0.5062,386.9505,3.7431,48.11),(1713,'2024-03-04',1,0.4916,247.1271,7.5039,33.433),(1714,'2024-03-04',2,0.5263,289.8525,5.2241,43.6896),(1715,'2024-03-04',3,0.474,364.1011,5.2739,43.1712),(1716,'2024-03-04',4,0.5109,392.1658,3.4705,35.9779),(1717,'2024-03-05',1,0.4841,243.7135,6.8907,38.2349),(1718,'2024-03-05',2,0.5235,291.1203,4.6221,41.4511),(1719,'2024-03-05',3,0.4699,356.4839,3.853,37.9146),(1720,'2024-03-05',4,0.4751,384.8516,4.0594,36.9504),(1721,'2024-03-06',1,0.5042,241.1815,4.4086,37.2259),(1722,'2024-03-06',2,0.5328,287.2844,4.5197,45.9093),(1723,'2024-03-06',3,0.4832,349.1324,3.4793,52.6074),(1724,'2024-03-06',4,0.4614,388.6985,4.3258,69.4943),(1725,'2024-03-07',1,0.5262,243.3492,4.3765,40.2677),(1726,'2024-03-07',2,0.5604,291.298,4.1579,41.9292),(1727,'2024-03-07',3,0.5275,354.0571,4.4088,65.8018),(1728,'2024-03-07',4,0.477,397.787,4.4,63.0307),(1729,'2024-03-08',1,0.5236,247.9407,4.3923,38.0813),(1730,'2024-03-08',2,0.6587,331.0792,3.1961,34.3133),(1731,'2024-03-08',3,0.6119,367.8978,4.0948,58.1444),(1732,'2024-03-08',4,0.5508,393.3899,3.6462,54.6258),(1733,'2024-03-09',1,0.5476,246.8085,3.879,30.7419),(1734,'2024-03-09',2,0.7228,335.8879,3.7266,32.5632),(1735,'2024-03-09',3,0.6479,366.6835,3.1687,39.5286),(1736,'2024-03-09',4,0.5613,395.8228,3.4722,45.1111),(1737,'2024-03-10',1,0.5533,251.6596,3.5698,28.3622),(1738,'2024-03-10',2,0.5935,299.3688,5.2824,38.51),(1739,'2024-03-10',3,0.5654,352.8077,4.2921,45.0288),(1740,'2024-03-10',4,0.5062,391.7255,4.0725,53.7258),(1741,'2024-03-11',1,0.5046,247.0178,5.1481,31.2263),(1742,'2024-03-11',2,0.5393,290.2945,5.0568,39.7341),(1743,'2024-03-11',3,0.5163,351.9412,4.958,44.5839),(1744,'2024-03-11',4,0.47,387.6347,3.7757,44.5046),(1745,'2024-03-12',1,0.4963,243.5549,5.1062,31.6714),(1746,'2024-03-12',2,0.5328,290.6938,5.0473,32.7699),(1747,'2024-03-12',3,0.4942,347.1905,5.26,41.4215),(1748,'2024-03-12',4,0.4912,381.0454,3.6074,34.5407),(1749,'2024-03-13',1,0.5068,243.6336,5.9416,33.725),(1750,'2024-03-13',2,0.5419,290.1125,4.8825,36.8459),(1751,'2024-03-13',3,0.5006,341.9072,3.4416,48.6416),(1752,'2024-03-13',4,0.4794,364.5688,5.7029,56.7227),(1753,'2024-03-14',1,0.5287,247.8669,4.5871,32.6628),(1754,'2024-03-14',2,0.5839,296.0548,4.0202,41.3813),(1755,'2024-03-14',3,0.5476,353.5047,3.9161,44.1227),(1756,'2024-03-14',4,0.5375,385.0792,3.7207,71.2857),(1757,'2024-03-15',1,0.5306,250.808,4.0274,35.8196),(1758,'2024-03-15',2,0.6586,333.6773,3.3768,36.5063),(1759,'2024-03-15',3,0.6054,366.4821,3.4966,46.4018),(1760,'2024-03-15',4,0.5935,382.9691,3.5361,50.5301),(1761,'2024-03-16',1,0.5429,254.1284,4.647,35.0714),(1762,'2024-03-16',2,0.6777,335.2968,3.2446,34.7787),(1763,'2024-03-16',3,0.6469,371.9263,3.1224,35.7405),(1764,'2024-03-16',4,0.612,387.6173,3.3664,50.6641),(1765,'2024-03-17',1,0.5243,253.6041,4.542,36.57),(1766,'2024-03-17',2,0.5609,299.878,4.2657,38.1605),(1767,'2024-03-17',3,0.5389,357.0984,3.959,40.5051),(1768,'2024-03-17',4,0.5221,381.633,3.2268,41.6185),(1769,'2024-03-18',1,0.511,246.7387,6.5481,36.3472),(1770,'2024-03-18',2,0.5307,289.8554,4.858,38.2145),(1771,'2024-03-18',3,0.4881,353.6615,4.4183,46.8605),(1772,'2024-03-18',4,0.4799,377.4799,3.4566,50.9842),(1773,'2024-03-19',1,0.5172,247.2976,3.4179,33.7064),(1774,'2024-03-19',2,0.5238,286.1658,3.4928,34.5032),(1775,'2024-03-19',3,0.472,350.0988,2.8691,32.5607),(1776,'2024-03-19',4,0.4668,379.6548,3.8947,41.2842),(1777,'2024-03-20',1,0.5059,246.9271,4.8472,38.0098),(1778,'2024-03-20',2,0.5155,305.5179,4.5184,39.4131),(1779,'2024-03-20',3,0.4737,348.4406,4.0316,46.6742),(1780,'2024-03-20',4,0.4811,365.6109,3.2476,56.5904),(1781,'2024-03-21',1,0.5055,244.8732,4.0511,39.7954),(1782,'2024-03-21',2,0.5634,311.5449,3.7309,45.5986),(1783,'2024-03-21',3,0.5204,351.5491,3.48,55.3507),(1784,'2024-03-21',4,0.5192,383.0586,3.3648,59.2837),(1785,'2024-03-22',1,0.5537,251.7843,3.777,30.3757),(1786,'2024-03-22',2,0.7009,347.5813,2.9127,44.1537),(1787,'2024-03-22',3,0.6298,372.2768,2.5891,52.748),(1788,'2024-03-22',4,0.5818,388.6138,2.8707,60.4489),(1789,'2024-03-23',1,0.5481,255.1079,3.8509,37.0745),(1790,'2024-03-23',2,0.732,349.9914,3.5237,42.2299),(1791,'2024-03-23',3,0.6285,370.6256,3.7035,43.1954),(1792,'2024-03-23',4,0.5925,382.9518,2.9454,61.309),(1793,'2024-03-24',1,0.5282,255.6982,3.973,35.686),(1794,'2024-03-24',2,0.5795,308.7597,4.9666,41.2874),(1795,'2024-03-24',3,0.5258,361.3029,3.5868,50.7104),(1796,'2024-03-24',4,0.5246,378.0492,4.4159,57),(1797,'2024-03-25',1,0.5116,252.5005,4.2289,35.3815),(1798,'2024-03-25',2,0.5122,294.9709,5.2575,43.6934),(1799,'2024-03-25',3,0.4834,361.314,2.8515,37.219),(1800,'2024-03-25',4,0.515,370.6299,4.6119,54.3134),(1801,'2024-03-26',1,0.4976,256.039,4.3645,43.9064),(1802,'2024-03-26',2,0.5024,294.6046,4.3876,41.6419),(1803,'2024-03-26',3,0.4493,361.7413,3.1826,45.4703),(1804,'2024-03-26',4,0.4931,372.795,3.0941,51.3176),(1805,'2024-03-27',1,0.5155,258.7407,5.0114,51.8122),(1806,'2024-03-27',2,0.5015,299.5551,3.9938,45.1404),(1807,'2024-03-27',3,0.4686,362.7557,4.7482,66.7993),(1808,'2024-03-27',4,0.5106,375.3949,4.1666,73.5648),(1809,'2024-03-28',1,0.5427,269.5108,5.2831,67.5813),(1810,'2024-03-28',2,0.5612,319.4583,4.3974,54.9259),(1811,'2024-03-28',3,0.5957,375.6013,4.3899,93.0792),(1812,'2024-03-28',4,0.5932,396.9459,3.7254,89.2696),(1813,'2024-03-29',1,0.638,293.0017,4.5577,54.5822),(1814,'2024-03-29',2,0.687,385.4222,3.4388,48.4861),(1815,'2024-03-29',3,0.7331,408.6399,4.3779,85.3595),(1816,'2024-03-29',4,0.7338,400.7481,3.2489,86.1183),(1817,'2024-03-30',1,0.671,294.0625,4.8547,47.0506),(1818,'2024-03-30',2,0.7262,394.9363,4.2122,38.7039),(1819,'2024-03-30',3,0.7869,420.294,4.5291,78.0145),(1820,'2024-03-30',4,0.7878,412.2092,3.3931,74.0482),(1821,'2024-03-31',1,0.667,290.7452,5.3307,45.3115),(1822,'2024-03-31',2,0.6756,381.7956,4.1058,35.2379),(1823,'2024-03-31',3,0.7335,413.9736,3.8985,60.7777),(1824,'2024-03-31',4,0.7707,408.5891,3.7769,59.9461),(1825,'2024-04-01',1,0.6245,293.8957,8.2619,69.4619),(1826,'2024-04-01',2,0.5619,365.5381,9.0079,51.1336),(1827,'2024-04-01',3,0.6281,417.3009,8.3807,73.4467),(1828,'2024-04-01',4,0.6542,416.2697,5.841,71.8079),(1829,'2024-04-02',1,0.6064,285.8094,5.0392,45.0032),(1830,'2024-04-02',2,0.5445,350.4552,5.9011,42.9923),(1831,'2024-04-02',3,0.5843,405.4025,6.9123,78.8338),(1832,'2024-04-02',4,0.6279,408.4159,4.25,70.4444),(1833,'2024-04-03',1,0.6056,282.0877,5.1197,59.6161),(1834,'2024-04-03',2,0.5349,343.5821,5.5303,38.6143),(1835,'2024-04-03',3,0.581,397.4111,4.525,50.4324),(1836,'2024-04-03',4,0.6351,397.713,5.0062,56.7625),(1837,'2024-04-04',1,0.6039,281.9578,4.4055,45.1771),(1838,'2024-04-04',2,0.547,345.2782,4.9633,46.9064),(1839,'2024-04-04',3,0.5866,400.0681,4.9407,58.0481),(1840,'2024-04-04',4,0.6662,390.901,3.5273,52.9383),(1841,'2024-04-05',1,0.6152,282.4513,4.8604,40.3289),(1842,'2024-04-05',2,0.5876,365.0074,3.7982,44.2949),(1843,'2024-04-05',3,0.6121,404.1321,3.1391,47.223),(1844,'2024-04-05',4,0.6966,396.855,3.0745,59.6583),(1845,'2024-04-06',1,0.6447,284.4703,3.4148,39.904),(1846,'2024-04-06',2,0.6186,364.981,4.5665,54.6416),(1847,'2024-04-06',3,0.6322,406.5419,3.5698,51.7513),(1848,'2024-04-06',4,0.6938,399.1121,3.5581,62.4651),(1849,'2024-04-07',1,0.5987,281.4044,4.2986,34.3489),(1850,'2024-04-07',2,0.5663,348.4634,5.046,45.662),(1851,'2024-04-07',3,0.5269,403.6746,4.8458,48.4172),(1852,'2024-04-07',4,0.6006,388.2672,3.2366,43.5267),(1853,'2024-04-08',1,0.5615,272.1214,5.8226,44.2269),(1854,'2024-04-08',2,0.5462,339.7993,5.3966,41.3385),(1855,'2024-04-08',3,0.5179,400.651,7.2524,48.7147),(1856,'2024-04-08',4,0.5845,389.7017,3.647,51.7647),(1857,'2024-04-09',1,0.5847,274.7932,3.5125,38.0967),(1858,'2024-04-09',2,0.5492,335.6282,4.1198,34.2796),(1859,'2024-04-09',3,0.5327,405.2949,4.3062,24.3284),(1860,'2024-04-09',4,0.5576,389.5305,3.8725,46.9019),(1861,'2024-04-10',1,0.5943,277.1269,3.6055,35.8477),(1862,'2024-04-10',2,0.5614,339.8147,3.8518,38.9291),(1863,'2024-04-10',3,0.522,406.1218,3.1269,29.0576),(1864,'2024-04-10',4,0.5771,395.0116,3.0229,36.6183),(1865,'2024-04-11',1,0.5839,280.3638,3.5294,36.247),(1866,'2024-04-11',2,0.6041,341.6178,4.2907,49.7851),(1867,'2024-04-11',3,0.5,404.7011,4.3298,43.1354),(1868,'2024-04-11',4,0.5606,392.1232,5.9424,57.8345),(1869,'2024-04-12',1,0.582,282.5997,4.8945,32.8618),(1870,'2024-04-12',2,0.6737,369.1814,3.1645,46.3765),(1871,'2024-04-12',3,0.5244,403.7083,3.6371,36.3434),(1872,'2024-04-12',4,0.5877,397.7977,3.336,49.1885),(1873,'2024-04-13',1,0.5714,283.6882,4.2145,51.9919),(1874,'2024-04-13',2,0.6608,370.4836,4.4179,42.8482),(1875,'2024-04-13',3,0.5376,400.8639,4.8983,46.3627),(1876,'2024-04-13',4,0.5712,387.1683,3.7033,56.7203),(1877,'2024-04-14',1,0.554,278.4892,6.1091,37.9225),(1878,'2024-04-14',2,0.5563,349.6512,6.6589,51.068),(1879,'2024-04-14',3,0.4725,397.518,5.6964,48.5821),(1880,'2024-04-14',4,0.5436,392.3814,4.0261,51.5294),(1881,'2024-04-15',1,0.5227,271.6776,6.2061,42.1793),(1882,'2024-04-15',2,0.5358,341.1708,6.453,49.901),(1883,'2024-04-15',3,0.4624,399.2942,6.7062,48.4455),(1884,'2024-04-15',4,0.5504,398.2134,3.9583,64.2777),(1885,'2024-04-16',1,0.5369,269.1509,3.2471,35.7078),(1886,'2024-04-16',2,0.5594,340.1948,5.1711,51.1867),(1887,'2024-04-16',3,0.4853,394.1857,3.7669,40.3686),(1888,'2024-04-16',4,0.5587,400.6183,3.8448,38.9224),(1889,'2024-04-17',1,0.5574,266.4749,4.4494,38.8327),(1890,'2024-04-17',2,0.579,338.6518,5.0846,49.3604),(1891,'2024-04-17',3,0.4926,386.2713,4.4078,47.2587),(1892,'2024-04-17',4,0.5669,398.6992,4.1612,57.629),(1893,'2024-04-18',1,0.5669,269.717,4.2031,37.5742),(1894,'2024-04-18',2,0.6101,342.3513,3.7787,46.1237),(1895,'2024-04-18',3,0.5013,392.465,4.2751,50.2794),(1896,'2024-04-18',4,0.5748,408.0146,3.4354,54.2741),(1897,'2024-04-19',1,0.5853,275.235,5.1799,47.782),(1898,'2024-04-19',2,0.6556,370.1517,3.8101,42.3854),(1899,'2024-04-19',3,0.5647,395.762,3.3682,43.4435),(1900,'2024-04-19',4,0.6046,404.8394,3.9481,63.0074),(1901,'2024-04-20',1,0.6033,277.2403,4.3333,36.5921),(1902,'2024-04-20',2,0.6719,371.6688,4.0858,41.5461),(1903,'2024-04-20',3,0.5821,391.8887,4.2546,55.9347),(1904,'2024-04-20',4,0.6192,400.5226,4.0285,89.1214),(1905,'2024-04-21',1,0.5882,271.8811,6.5,38.4427),(1906,'2024-04-21',2,0.5911,348.3855,5.0526,39.9444),(1907,'2024-04-21',3,0.517,390.627,5.0342,59.5133),(1908,'2024-04-21',4,0.5756,414.7031,4.7027,65.3693),(1909,'2024-04-22',1,0.5635,266.8047,4.3461,40.423),(1910,'2024-04-22',2,0.5529,337.2926,5.2143,42.4068),(1911,'2024-04-22',3,0.4897,395.8798,4.4233,42.4233),(1912,'2024-04-22',4,0.5447,417.0841,5.5686,67.2941),(1913,'2024-04-23',1,0.5627,263.2291,3.8371,40.3257),(1914,'2024-04-23',2,0.548,331.9757,4.645,40.8495),(1915,'2024-04-23',3,0.4951,386.4026,4.1855,43.3574),(1916,'2024-04-23',4,0.5477,410.0399,4.3454,70.1272),(1917,'2024-04-24',1,0.5872,270.1334,4.1027,34.9554),(1918,'2024-04-24',2,0.5632,338.9113,4.1693,44.5965),(1919,'2024-04-24',3,0.5488,391.0934,3.69,52.2748),(1920,'2024-04-24',4,0.5842,415.1393,3.7891,52.0544),(1921,'2024-04-25',1,0.6245,271.4065,4.3843,45.375),(1922,'2024-04-25',2,0.6351,337.7129,4.154,39.3632),(1923,'2024-04-25',3,0.6502,388.6056,3.1127,49.2017),(1924,'2024-04-25',4,0.6842,402.2736,3.625,56.8173),(1925,'2024-04-26',1,0.6425,271.135,3.3333,31.9285),(1926,'2024-04-26',2,0.6832,352.4719,3.6282,42.7758),(1927,'2024-04-26',3,0.6955,391.3539,4.5749,34.1362),(1928,'2024-04-26',4,0.71,390.8661,2.7861,56.0503),(1929,'2024-04-27',1,0.6362,269.7035,3.2492,28.683),(1930,'2024-04-27',2,0.6733,351.5483,3.7896,44.1722),(1931,'2024-04-27',3,0.641,385.8512,3.5673,39.5836),(1932,'2024-04-27',4,0.681,385.4707,4.4966,34.5033),(1933,'2024-04-28',1,0.5651,266.5146,4.6617,34.0557),(1934,'2024-04-28',2,0.529,312.3656,4.6684,36.3816),(1935,'2024-04-28',3,0.4702,371.4169,5.0545,54.4363),(1936,'2024-04-28',4,0.5293,374.5861,4.7177,58.2258),(1937,'2024-04-29',1,0.5308,259.6041,3.5969,34.0798),(1938,'2024-04-29',2,0.4748,292.416,6.8663,46.9418),(1939,'2024-04-29',3,0.4292,371.8643,6.9929,45.8133),(1940,'2024-04-29',4,0.4779,367.9978,7.633,55.6422),(1941,'2024-04-30',1,0.5195,255.7537,5.2934,31.3629),(1942,'2024-04-30',2,0.4574,290.1828,6.312,50.1704),(1943,'2024-04-30',3,0.4203,366.6034,3.8744,40.693),(1944,'2024-04-30',4,0.4613,369.591,4.4673,61.8043),(1945,'2024-05-01',1,0.5336,257.7476,8.7853,55.1779),(1946,'2024-05-01',2,0.4772,288.371,11.839,56.9295),(1947,'2024-05-01',3,0.4542,360.5622,8.1104,69.247),(1948,'2024-05-01',4,0.477,385.6804,6.3178,69.5581),(1949,'2024-05-02',1,0.5675,255.7777,3.9967,47.5064),(1950,'2024-05-02',2,0.5158,291.593,3.6878,46.7485),(1951,'2024-05-02',3,0.4865,363.0285,4.1205,66.0035),(1952,'2024-05-02',4,0.5474,391.47,3.4782,65.5217),(1953,'2024-05-03',1,0.6094,264.3555,3.5702,41.0881),(1954,'2024-05-03',2,0.6468,329.8921,3.2159,54.9265),(1955,'2024-05-03',3,0.6028,368.35,3.9714,54.8133),(1956,'2024-05-03',4,0.645,388.4991,3.1568,67.3333),(1957,'2024-05-04',1,0.6419,266.5256,4.2052,42.5366),(1958,'2024-05-04',2,0.7218,334.2186,2.849,44.0158),(1959,'2024-05-04',3,0.6831,367.5073,2.4322,45.6845),(1960,'2024-05-04',4,0.7006,383.8448,3.4099,50.6024),(1961,'2024-05-05',1,0.624,265.0248,3.7564,38.737),(1962,'2024-05-05',2,0.6291,303.2347,5.0837,31.3225),(1963,'2024-05-05',3,0.6366,355.1057,3.9272,37.56),(1964,'2024-05-05',4,0.6617,376.2056,4.1854,46.0322),(1965,'2024-05-06',1,0.5692,259.5181,5.1545,35.403),(1966,'2024-05-06',2,0.5103,287.6631,5.4489,39.5519),(1967,'2024-05-06',3,0.5012,356.8807,4.5762,36.6524),(1968,'2024-05-06',4,0.5639,377.3683,4.0704,39.169),(1969,'2024-05-07',1,0.7065,267.8653,2.2634,18.8031),(1970,'2024-05-07',2,0.6452,282.3813,3.2629,14.4508),(1971,'2024-05-07',3,0.6356,351.3852,2.483,15.7282),(1972,'2024-05-07',4,0.6673,383.175,1.9607,14.7411),(1973,'2024-05-08',1,0.6956,265.3576,2.7777,24.0341),(1974,'2024-05-08',2,0.6509,284.842,2.4558,11.9929),(1975,'2024-05-08',3,0.6342,354.4948,2.0099,15.9784),(1976,'2024-05-08',4,0.6475,383.2621,2,28.0426),(1977,'2024-05-09',1,0.6834,268.1411,2.3575,19.8316),(1978,'2024-05-09',2,0.5844,289.5672,2.48,19.9399),(1979,'2024-05-09',3,0.6126,362.3756,3.7896,24.5704),(1980,'2024-05-09',4,0.6599,378.6562,2.928,28.084),(1981,'2024-05-10',1,0.6372,269.3818,3.5217,29.9897),(1982,'2024-05-10',2,0.5921,319.6727,3.6515,25.1411),(1983,'2024-05-10',3,0.6003,367.8125,2.5495,28.5185),(1984,'2024-05-10',4,0.6399,373.9665,3.1896,31.1637),(1985,'2024-05-11',1,0.6427,270.2292,3.8826,25.929),(1986,'2024-05-11',2,0.6227,319.8322,4.1924,20.0531),(1987,'2024-05-11',3,0.6306,370.0567,2.4481,22.0662),(1988,'2024-05-11',4,0.6751,375.1014,2.6288,31.4279),(1989,'2024-05-12',1,0.6222,266.1847,3.8891,22.5864),(1990,'2024-05-12',2,0.5715,299.8236,3.4401,21.8803),(1991,'2024-05-12',3,0.5686,361.1814,3.4558,19.5612),(1992,'2024-05-12',4,0.6107,384.5099,4.2294,32.5),(1993,'2024-05-13',1,0.6266,260.6658,3.6376,23.7044),(1994,'2024-05-13',2,0.5727,286.101,3.8767,21.361),(1995,'2024-05-13',3,0.5667,357.8952,3.1775,23.0315),(1996,'2024-05-13',4,0.6089,381.8241,2.9429,26.6973),(1997,'2024-05-14',1,0.6212,257.5909,3.167,24.1744),(1998,'2024-05-14',2,0.5765,286.1663,2.7383,15.6397),(1999,'2024-05-14',3,0.5538,358.2808,2.4106,13.4593),(2000,'2024-05-14',4,0.5991,380.317,1.8895,15.5337),(2001,'2024-05-15',1,0.6103,259.1047,3.7253,39.2795),(2002,'2024-05-15',2,0.5543,284.0871,3.1616,27.6588),(2003,'2024-05-15',3,0.5344,354.3386,2.3976,25.4214),(2004,'2024-05-15',4,0.5736,372.5215,2.5266,33.7633),(2005,'2024-05-16',1,0.5927,260.0853,3.6415,38.4075),(2006,'2024-05-16',2,0.5499,292.3833,4.4034,53.6208),(2007,'2024-05-16',3,0.4919,349.2536,2.9922,48.2239),(2008,'2024-05-16',4,0.5668,380.2509,3.2026,47.8823),(2009,'2024-05-17',1,0.5873,260.6805,4.1193,37.8271),(2010,'2024-05-17',2,0.6199,336.6521,3.2992,45.7104),(2011,'2024-05-17',3,0.5671,364.8084,3.0368,43.3857),(2012,'2024-05-17',4,0.6139,375.925,2.5856,61.8121),(2013,'2024-05-18',1,0.5816,256.8585,4.7387,47.9279),(2014,'2024-05-18',2,0.6348,334.1,3.1546,40.4887),(2015,'2024-05-18',3,0.5741,359.3405,3.5673,47.0204),(2016,'2024-05-18',4,0.58,363.9416,3.6551,54.4597),(2017,'2024-05-19',1,0.5502,255.6406,5.8798,58.4519),(2018,'2024-05-19',2,0.5284,308.1178,5.4139,45.4756),(2019,'2024-05-19',3,0.4524,354.1431,4.4941,59.75),(2020,'2024-05-19',4,0.4625,373.1534,5.0705,70.6941),(2021,'2024-05-20',1,0.5652,259.2807,4.3287,41.4463),(2022,'2024-05-20',2,0.4873,291.0459,7.6206,45.4779),(2023,'2024-05-20',3,0.4388,353.6476,4.8693,38.1936),(2024,'2024-05-20',4,0.4517,368.9633,5.7641,49.5754),(2025,'2024-05-21',1,0.6168,258.0275,3.6133,32.4933),(2026,'2024-05-21',2,0.5186,285.6725,3.6032,27.0319),(2027,'2024-05-21',3,0.4886,353.4555,3.2274,22.032),(2028,'2024-05-21',4,0.4882,364.9348,3.712,36.976),(2029,'2024-05-22',1,0.639,262.0242,3.8602,38.3897),(2030,'2024-05-22',2,0.5229,287.3342,3.4939,31.0342),(2031,'2024-05-22',3,0.4898,355.9858,2.9877,41.6533),(2032,'2024-05-22',4,0.5148,355.9352,3.7591,48),(2033,'2024-05-23',1,0.6679,264.0434,3.2441,44.7714),(2034,'2024-05-23',2,0.5342,293.4311,3.8601,37.0349),(2035,'2024-05-23',3,0.5404,354.4244,3.4615,67.1538),(2036,'2024-05-23',4,0.527,359.2686,3.2651,55.2803),(2037,'2024-05-24',1,0.67,267.9279,3.9043,45.5),(2038,'2024-05-24',2,0.5856,324.1967,2.951,36.772),(2039,'2024-05-24',3,0.7095,375.227,3.0476,100.9496),(2040,'2024-05-24',4,0.5604,364.4385,2.9056,57.1257),(2041,'2024-05-25',1,0.6974,270.2994,3.6337,38.2877),(2042,'2024-05-25',2,0.6409,327.6828,3.1829,36.5565),(2043,'2024-05-25',3,0.7253,377.0086,4.5765,44.6396),(2044,'2024-05-25',4,0.601,360.8,2.7266,32.2949),(2045,'2024-05-26',1,0.6251,265.6803,3.6067,29.5617),(2046,'2024-05-26',2,0.5476,300.7837,4.1305,31.4478),(2047,'2024-05-26',3,0.5559,362.7204,7.53,36.1966),(2048,'2024-05-26',4,0.5267,361.3003,3.0245,39.418),(2049,'2024-05-27',1,0.5713,255.2936,3.8655,34.577),(2050,'2024-05-27',2,0.491,285.1252,4.5912,32.6054),(2051,'2024-05-27',3,0.4696,351.5342,6.5312,38.0833),(2052,'2024-05-27',4,0.4525,360.5737,3,36.819),(2053,'2024-05-28',1,0.5367,251.8717,4,37.8604),(2054,'2024-05-28',2,0.4663,279.8848,4.9866,35.5548),(2055,'2024-05-28',3,0.419,344.7819,4.2687,37.0375),(2056,'2024-05-28',4,0.432,367.6456,6.3098,46),(2057,'2024-05-29',1,0.5496,254.5092,3.8745,37.9176),(2058,'2024-05-29',2,0.4658,280.9749,3.6424,29.4881),(2059,'2024-05-29',3,0.4115,344.5138,3.9824,48.3684),(2060,'2024-05-29',4,0.4515,365.066,2.875,37.9903),(2061,'2024-05-30',1,0.5662,253.2879,5.225,46.7571),(2062,'2024-05-30',2,0.4847,282.8734,3.6836,32.4519),(2063,'2024-05-30',3,0.4414,354.1576,3.7216,69.8205),(2064,'2024-05-30',4,0.4616,361.8961,3.099,38.7837),(2065,'2024-05-31',1,0.582,265.6946,4.9365,47.3487),(2066,'2024-05-31',2,0.5499,317.2476,3.5201,36.9152),(2067,'2024-05-31',3,0.5107,362.5098,3.881,65.8689),(2068,'2024-05-31',4,0.5251,363.5848,4.0773,63.9502),(2069,'2024-06-01',1,0.575,265.6051,9.8414,51.0317),(2070,'2024-06-01',2,0.5877,318.7335,8.007,46.0511),(2071,'2024-06-01',3,0.5519,357.1538,10.284,65.6724),(2072,'2024-06-01',4,0.5102,363.962,8.9553,56.4553),(2073,'2024-06-02',1,0.5681,261.2593,5.2118,41.302),(2074,'2024-06-02',2,0.4981,295.3932,6.3091,34.8313),(2075,'2024-06-02',3,0.4759,349.478,4.7899,31.0136),(2076,'2024-06-02',4,0.469,356.7094,3.9279,47.9099),(2077,'2024-06-03',1,0.5619,266.806,3.847,45.3955),(2078,'2024-06-03',2,0.4578,283.002,6.2319,35.9742),(2079,'2024-06-03',3,0.4341,344.3379,6.3728,37.3596),(2080,'2024-06-03',4,0.4297,347.4605,8.7254,56.1176),(2081,'2024-06-04',1,0.5609,266.798,4.2888,45.9333),(2082,'2024-06-04',2,0.4616,279.9807,4.1681,34.9928),(2083,'2024-06-04',3,0.4227,345.4773,4.24,33.2914),(2084,'2024-06-04',4,0.4348,350.973,3.1369,33.8904),(2085,'2024-06-05',1,0.5837,270.4645,4.4411,42.886),(2086,'2024-06-05',2,0.483,281.1528,4.0423,42.1234),(2087,'2024-06-05',3,0.4451,347.0576,3.6542,35.7606),(2088,'2024-06-05',4,0.4563,353.7331,4.4215,58.3627),(2089,'2024-06-06',1,0.5957,270.0551,3.5088,57.4134),(2090,'2024-06-06',2,0.5364,285.8232,3.8435,46.0255),(2091,'2024-06-06',3,0.4708,345.0047,4.2023,44.865),(2092,'2024-06-06',4,0.4891,366.1562,4.1081,79.3963),(2093,'2024-06-07',1,0.6258,289.0781,3.3829,45.8787),(2094,'2024-06-07',2,0.6194,330.0044,3.3095,42.619),(2095,'2024-06-07',3,0.5234,360.1745,3.5861,46.5833),(2096,'2024-06-07',4,0.5712,378.6481,3.567,69.5426),(2097,'2024-06-08',1,0.6362,286.4995,4.35,43.4406),(2098,'2024-06-08',2,0.663,331.5978,3.5295,35.0052),(2099,'2024-06-08',3,0.5735,361.9386,4.4187,43.625),(2100,'2024-06-08',4,0.6206,385.1163,3.9246,46.1027),(2101,'2024-06-09',1,0.6042,281.4861,5.306,46.6583),(2102,'2024-06-09',2,0.5757,308.4864,4.958,43.2459),(2103,'2024-06-09',3,0.5237,357.0898,4.0975,29.1024),(2104,'2024-06-09',4,0.5764,384.1089,3.8269,60.5096),(2105,'2024-06-10',1,0.5654,278.8645,4.1023,48.3105),(2106,'2024-06-10',2,0.5072,292.0328,5.7087,42.681),(2107,'2024-06-10',3,0.4799,353.203,5.6076,43.8653),(2108,'2024-06-10',4,0.5254,373.206,3.5344,49.181),(2109,'2024-06-11',1,0.5652,282.4293,4.5375,51.8083),(2110,'2024-06-11',2,0.4913,285.4465,4.4657,39.8818),(2111,'2024-06-11',3,0.4593,346.98,3.701,36.5108),(2112,'2024-06-11',4,0.5062,372.4553,4.0632,53.1139),(2113,'2024-06-12',1,0.6023,279.7182,4.8447,66.988),(2114,'2024-06-12',2,0.4991,283.4705,3.7735,40.0807),(2115,'2024-06-12',3,0.4601,351.944,5.7878,32.5454),(2116,'2024-06-12',4,0.4917,359.0892,4.1555,46.0222),(2117,'2024-06-13',1,0.6548,286.3322,3.9709,75.6147),(2118,'2024-06-13',2,0.5233,285.3374,3.6247,36.7364),(2119,'2024-06-13',3,0.4895,350.8232,3.617,45.8723),(2120,'2024-06-13',4,0.5092,364.8311,7.416,60.136),(2121,'2024-06-14',1,0.716,302.3559,3.7654,71.8592),(2122,'2024-06-14',2,0.5863,323.1101,3.3753,38.0013),(2123,'2024-06-14',3,0.524,361.5127,3.4182,44.1994),(2124,'2024-06-14',4,0.5806,371.6562,3.2267,51.279),(2125,'2024-06-15',1,0.7345,303.5791,3.9637,55.9782),(2126,'2024-06-15',2,0.6189,323.1052,3.525,33.6824),(2127,'2024-06-15',3,0.5889,369.377,3.9291,34.0626),(2128,'2024-06-15',4,0.6,373.9272,3.4166,54.6893),(2129,'2024-06-16',1,0.7214,305.2955,5.0034,45.1358),(2130,'2024-06-16',2,0.5344,299.7886,4.155,36.219),(2131,'2024-06-16',3,0.5012,362.5852,5.3372,33.6039),(2132,'2024-06-16',4,0.5477,372.8217,4.303,46.2878),(2133,'2024-06-17',1,0.6547,297.187,4.7366,37.7781),(2134,'2024-06-17',2,0.5011,289.646,5.6202,37.346),(2135,'2024-06-17',3,0.4888,363.054,3.8653,27.516),(2136,'2024-06-17',4,0.5041,378.6764,5.5042,48.6239),(2137,'2024-06-18',1,0.6106,286.4993,4.3693,52.2012),(2138,'2024-06-18',2,0.4988,283.8122,4.1636,43.1282),(2139,'2024-06-18',3,0.4663,355.2548,4.2272,32.2443),(2140,'2024-06-18',4,0.5062,369.6171,3.5164,60.4835),(2141,'2024-06-19',1,0.6321,289.0599,3.6657,42.2747),(2142,'2024-06-19',2,0.5122,284.1288,4.0801,43.78),(2143,'2024-06-19',3,0.4673,356.5811,3.3262,34.8609),(2144,'2024-06-19',4,0.525,368.3305,3.1834,43.9541),(2145,'2024-06-20',1,0.6266,287.7301,4.5953,43.5693),(2146,'2024-06-20',2,0.5401,285.334,3.9813,39.9689),(2147,'2024-06-20',3,0.4731,357.8166,3.6465,43.8),(2148,'2024-06-20',4,0.5376,372.0023,3.7573,58.3823),(2149,'2024-06-21',1,0.6552,294.2456,4.0822,53.2904),(2150,'2024-06-21',2,0.5943,337.4122,3.6815,40.3472),(2151,'2024-06-21',3,0.517,377.6342,4.0055,44.4297),(2152,'2024-06-21',4,0.6021,382.6005,5.53,62.2677),(2153,'2024-06-22',1,0.6952,300.3504,4,64.1207),(2154,'2024-06-22',2,0.6177,336.3107,3.5783,42.2709),(2155,'2024-06-22',3,0.539,376.6862,4.1639,41.7704),(2156,'2024-06-22',4,0.626,386.9903,4,52.9459),(2157,'2024-06-23',1,0.6788,301.7812,4.8814,57.1945),(2158,'2024-06-23',2,0.5491,320.9897,4.7673,38.4215),(2159,'2024-06-23',3,0.5058,378.3217,4.0238,36.746),(2160,'2024-06-23',4,0.574,391.1439,4.1869,52.6585),(2161,'2024-06-24',1,0.6743,299.2134,4.3814,56.2479),(2162,'2024-06-24',2,0.5059,313.7807,4.4638,36.6524),(2163,'2024-06-24',3,0.5037,377.7817,3.8048,46.1056),(2164,'2024-06-24',4,0.5482,394.4521,3.4615,44.9743),(2165,'2024-06-25',1,0.6896,300.621,4.4672,49.8598),(2166,'2024-06-25',2,0.5108,313.8399,3.5755,32.2544),(2167,'2024-06-25',3,0.5071,380.4143,4.8695,37.6908),(2168,'2024-06-25',4,0.5405,394.3373,3.0555,43.5416),(2169,'2024-06-26',1,0.7127,303.9198,4.0968,53.7236),(2170,'2024-06-26',2,0.5185,315.6342,4.3772,36.3821),(2171,'2024-06-26',3,0.5084,379.1825,4.3577,43.4082),(2172,'2024-06-26',4,0.5326,385.9837,3.1944,47.5462),(2173,'2024-06-27',1,0.7241,301.2325,4.3841,71.5621),(2174,'2024-06-27',2,0.5447,318.9244,4.1447,36.6237),(2175,'2024-06-27',3,0.5331,379.9226,3.8175,45.5839),(2176,'2024-06-27',4,0.5791,381.9473,3.8132,67.4759),(2177,'2024-06-28',1,0.7292,305.4485,3.9456,60.6603),(2178,'2024-06-28',2,0.6005,346.2186,3.1855,36.806),(2179,'2024-06-28',3,0.5849,388.9418,3.3074,40.1443),(2180,'2024-06-28',4,0.6366,378.9144,3.2126,62.1264),(2181,'2024-06-29',1,0.7379,305.7486,4.3455,65.4293),(2182,'2024-06-29',2,0.6381,349.7532,3.4251,32.909),(2183,'2024-06-29',3,0.6147,391.1545,4.2507,55.2857),(2184,'2024-06-29',4,0.6666,373.8628,3.7552,57.6713),(2185,'2024-06-30',1,0.7257,309.2905,4.4704,75.6639),(2186,'2024-06-30',2,0.5492,333.7797,4.9221,37.3291),(2187,'2024-06-30',3,0.5717,396.1865,6.1609,65.1455),(2188,'2024-06-30',4,0.6412,391.937,4.6645,76.0451),(2189,'2024-07-01',1,0.7153,313.8286,8.2925,84.2336),(2190,'2024-07-01',2,0.5325,332.7245,9.6957,52.5443),(2191,'2024-07-01',3,0.5774,400.5119,8.8808,70.5429),(2192,'2024-07-01',4,0.6287,401.4746,5.6887,79.8278),(2193,'2024-07-02',1,0.723,311.6223,4.1768,63.3689),(2194,'2024-07-02',2,0.541,332.5973,4.9544,44.7968),(2195,'2024-07-02',3,0.5719,397.8091,5.3853,50.8119),(2196,'2024-07-02',4,0.6269,399.9533,3.7258,64.508),(2197,'2024-07-03',1,0.7446,312.4237,4.5169,72.3135),(2198,'2024-07-03',2,0.566,333.0415,3.684,43.358),(2199,'2024-07-03',3,0.5964,394.3296,4.4696,65.3068),(2200,'2024-07-03',4,0.6418,396.7699,3.8442,71.0081),(2201,'2024-07-04',1,0.7556,309.3721,4.6153,69.4985),(2202,'2024-07-04',2,0.614,340.2887,3.6451,67.4025),(2203,'2024-07-04',3,0.6179,392.5924,4.0658,55.1356),(2204,'2024-07-04',4,0.6807,395.281,4.1942,71.3597),(2205,'2024-07-05',1,0.7567,314.5027,4.26,68.6742),(2206,'2024-07-05',2,0.7331,391.8125,3.1843,85.0335),(2207,'2024-07-05',3,0.6369,401.8875,3.862,52.0402),(2208,'2024-07-05',4,0.6891,394.7866,3.8203,68.75),(2209,'2024-07-06',1,0.7611,311.679,4.6923,79.0056),(2210,'2024-07-06',2,0.7745,396.1158,3.8924,70.8787),(2211,'2024-07-06',3,0.654,400.544,3.5186,61.3385),(2212,'2024-07-06',4,0.7002,393.6076,4.0584,85.3961),(2213,'2024-07-07',1,0.7298,310.8331,5.9302,66.2209),(2214,'2024-07-07',2,0.6839,380.702,8.6792,53.5171),(2215,'2024-07-07',3,0.5759,399.1503,5.5601,59.0526),(2216,'2024-07-07',4,0.6415,401.7812,4.6969,75.6136),(2217,'2024-07-08',1,0.7434,311.7421,5.4005,70.7434),(2218,'2024-07-08',2,0.6138,352.9092,8.9349,47.9444),(2219,'2024-07-08',3,0.5769,393.2405,6.2516,56.5794),(2220,'2024-07-08',4,0.6441,407.2441,5.234,58.7801),(2221,'2024-07-09',1,0.7436,310.3338,5.5643,72.0614),(2222,'2024-07-09',2,0.6064,341.0723,5.6176,39.5333),(2223,'2024-07-09',3,0.5907,391.1673,4.1441,47.6419),(2224,'2024-07-09',4,0.6319,405.8777,5.552,70.8125),(2225,'2024-07-10',1,0.7664,310.6273,4.4926,69.1436),(2226,'2024-07-10',2,0.6206,338.6032,5.6739,40.7107),(2227,'2024-07-10',3,0.609,386.3344,4.2967,47.4688),(2228,'2024-07-10',4,0.6714,410.8592,4.2262,55.8102),(2229,'2024-07-11',1,0.7723,310.2056,4.4261,59.6601),(2230,'2024-07-11',2,0.642,335.8285,5.234,41.0075),(2231,'2024-07-11',3,0.6171,390.2624,5.172,58.04),(2232,'2024-07-11',4,0.7105,401.9849,3.7677,61.0451),(2233,'2024-07-12',1,0.793,310.93,3.7567,62.3857),(2234,'2024-07-12',2,0.685,351.6896,3.6045,37.8916),(2235,'2024-07-12',3,0.6754,393.9117,5.0244,57.3105),(2236,'2024-07-12',4,0.7392,396.3978,3.0127,68.2802),(2237,'2024-07-13',1,0.8145,314.1281,5.1882,69.4254),(2238,'2024-07-13',2,0.7145,351.5988,4.2927,39.9618),(2239,'2024-07-13',3,0.7005,389.4878,5.0865,61.5582),(2240,'2024-07-13',4,0.7035,396.83,4.3643,59.8914),(2241,'2024-07-14',1,0.7914,312.8297,4.7303,63.4685),(2242,'2024-07-14',2,0.6433,331.6798,4.5542,39.0871),(2243,'2024-07-14',3,0.6279,389.575,5.1317,55.6655),(2244,'2024-07-14',4,0.6451,401.7415,4.9389,64.9847),(2245,'2024-07-15',1,0.7774,308.1131,4.9464,59.9489),(2246,'2024-07-15',2,0.6122,319.4825,6.3591,40.159),(2247,'2024-07-15',3,0.6032,387.485,6.6116,56.4862),(2248,'2024-07-15',4,0.628,398.267,5.0921,78.7304),(2249,'2024-07-16',1,0.7746,307.8138,4.1294,55.4029),(2250,'2024-07-16',2,0.6003,316.8652,4.877,39.0931),(2251,'2024-07-16',3,0.604,378.9513,4.3224,43.2081),(2252,'2024-07-16',4,0.6311,391.252,4.1764,51.6638),(2253,'2024-07-17',1,0.7674,307.0894,4.5592,55.8632),(2254,'2024-07-17',2,0.5943,311.8351,4.5665,37.9946),(2255,'2024-07-17',3,0.6379,378.7362,5.3957,42.0812),(2256,'2024-07-17',4,0.6627,395.0477,3.8409,64.9924),(2257,'2024-07-18',1,0.7695,307.3842,4.037,54.0899),(2258,'2024-07-18',2,0.6126,312.5842,4.0938,35.6798),(2259,'2024-07-18',3,0.6739,382.8588,2.9051,57.0703),(2260,'2024-07-18',4,0.6936,398.6583,3.7245,56.4251),(2261,'2024-07-19',1,0.7795,310.2092,3.3686,53.9166),(2262,'2024-07-19',2,0.6586,332.3925,3.0119,36.7017),(2263,'2024-07-19',3,0.6832,381.5131,4.4862,52.0723),(2264,'2024-07-19',4,0.7108,385.0602,3.5903,66.6204),(2265,'2024-07-20',1,0.7682,309.8693,4.7956,59),(2266,'2024-07-20',2,0.6577,329.3285,4.4655,34.0706),(2267,'2024-07-20',3,0.6647,373.2157,3.4551,42.8513),(2268,'2024-07-20',4,0.7215,373.1156,3.7459,57.2648),(2269,'2024-07-21',1,0.7438,309.1221,4.6569,53.9656),(2270,'2024-07-21',2,0.5673,306.2073,5.6169,38.6495),(2271,'2024-07-21',3,0.5831,370.3563,5.0538,54.101),(2272,'2024-07-21',4,0.6374,371.0134,4,67.2878),(2273,'2024-07-22',1,0.7151,309.3192,5.8091,58.748),(2274,'2024-07-22',2,0.535,288.1134,6.6179,46.4457),(2275,'2024-07-22',3,0.5609,357.0458,7.1037,66.6195),(2276,'2024-07-22',4,0.6318,369.3628,3.8493,51.5958),(2277,'2024-07-23',1,0.7129,305.1309,4.9279,58.1891),(2278,'2024-07-23',2,0.5361,286.0594,4.531,39.4431),(2279,'2024-07-23',3,0.5801,359.1962,4.2276,41.5243),(2280,'2024-07-23',4,0.632,373.4009,3.3615,50.223),(2281,'2024-07-24',1,0.7233,304.2915,4.591,57.1313),(2282,'2024-07-24',2,0.5549,285.4268,4.6148,45.273),(2283,'2024-07-24',3,0.5645,355.5192,4.8027,51.7522),(2284,'2024-07-24',4,0.6634,378.2789,4.3311,62.2715),(2285,'2024-07-25',1,0.7554,304.0546,3.9871,58.7139),(2286,'2024-07-25',2,0.5944,289.8737,4.328,42.7917),(2287,'2024-07-25',3,0.6061,356.1053,3.9301,51.658),(2288,'2024-07-25',4,0.6726,378.6417,3.6062,73.7812),(2289,'2024-07-26',1,0.7883,308.2965,3.6728,57.8747),(2290,'2024-07-26',2,0.6779,325.6732,3.8713,41.4099),(2291,'2024-07-26',3,0.6731,363.0715,3.3555,58.4345),(2292,'2024-07-26',4,0.7162,370.8333,2.8072,83),(2293,'2024-07-27',1,0.7779,308.6613,4.3065,59.3095),(2294,'2024-07-27',2,0.705,326.0137,4.3542,41.5951),(2295,'2024-07-27',3,0.6881,360.5882,3.9155,53.7694),(2296,'2024-07-27',4,0.7258,376.6949,3.6778,61.5503),(2297,'2024-07-28',1,0.7289,302.9524,4.905,50.5118),(2298,'2024-07-28',2,0.5981,298.4045,5.3646,36.4311),(2299,'2024-07-28',3,0.6039,355.8974,4.4214,52.9321),(2300,'2024-07-28',4,0.6226,376.5871,3.4796,47.7317),(2301,'2024-07-29',1,0.6959,295.4294,4.9275,55.2825),(2302,'2024-07-29',2,0.5636,282.8426,4.7054,38.4096),(2303,'2024-07-29',3,0.5672,350.5546,4.2213,54.4312),(2304,'2024-07-29',4,0.5894,382.7869,3.3611,56.2291),(2305,'2024-07-30',1,0.6759,296.7079,4.4668,68.894),(2306,'2024-07-30',2,0.5532,280.3446,4.6116,35.6532),(2307,'2024-07-30',3,0.5547,349.478,4.9707,70.6097),(2308,'2024-07-30',4,0.5511,379.8699,6.2164,58.5567),(2309,'2024-07-31',1,0.6756,299.9469,4.6231,62.2789),(2310,'2024-07-31',2,0.5562,278.0206,4.9435,38.1997),(2311,'2024-07-31',3,0.5531,347.9609,5.8,56.3531),(2312,'2024-07-31',4,0.5458,376.6934,5.0086,63.8086),(2313,'2024-08-01',1,0.6955,301.4541,7.0769,76.4292),(2314,'2024-08-01',2,0.5787,283.7576,8.7527,49.8365),(2315,'2024-08-01',3,0.5937,345.494,9.3403,75.3825),(2316,'2024-08-01',4,0.5793,382.804,4.1864,78.0903),(2317,'2024-08-02',1,0.7337,305.3289,4.3233,66.6812),(2318,'2024-08-02',2,0.6573,322.2469,3.4213,41.691),(2319,'2024-08-02',3,0.651,359.28,3.9528,68.9685),(2320,'2024-08-02',4,0.6642,391.935,3.0497,83.4726),(2321,'2024-08-03',1,0.7484,307.0324,4.2267,65.6133),(2322,'2024-08-03',2,0.6777,320.7381,4.0347,37.542),(2323,'2024-08-03',3,0.6735,358.0181,5.3655,60.8279),(2324,'2024-08-03',4,0.6841,388.8227,3.517,84.3741),(2325,'2024-08-04',1,0.7177,302.2445,4.8881,52.9161),(2326,'2024-08-04',2,0.579,293.4827,4.892,36.6835),(2327,'2024-08-04',3,0.5925,356.044,4.3391,45.7086),(2328,'2024-08-04',4,0.6206,389.8016,4.8653,62.8589),(2329,'2024-08-05',1,0.7109,298.7706,5.2109,53.427),(2330,'2024-08-05',2,0.5444,283.0234,4.2835,38.7658),(2331,'2024-08-05',3,0.5573,354.5274,5.8842,55.6818),(2332,'2024-08-05',4,0.598,378.8475,4.326,74.9057),(2333,'2024-08-06',1,0.7066,294.7501,4.2102,52.3333),(2334,'2024-08-06',2,0.5462,281.6362,4.1781,33.9962),(2335,'2024-08-06',3,0.5584,346.5209,5.5208,55.9791),(2336,'2024-08-06',4,0.5929,383.5353,3.6237,54.1782),(2337,'2024-08-07',1,0.7257,297.9063,4.7218,53.3843),(2338,'2024-08-07',2,0.5525,283.0497,4.8211,40.0496),(2339,'2024-08-07',3,0.5571,344.5285,4.0994,56.4712),(2340,'2024-08-07',4,0.6174,378.9455,3.7727,85.0606),(2341,'2024-08-08',1,0.7312,297.9089,3.9631,53.813),(2342,'2024-08-08',2,0.5956,286.2059,3.7801,35.3118),(2343,'2024-08-08',3,0.5911,346.1734,4.3372,46.5058),(2344,'2024-08-08',4,0.6612,383.151,3.7426,82.4152),(2345,'2024-08-09',1,0.7502,301.9876,3.8402,55.6093),(2346,'2024-08-09',2,0.6612,323.2216,3.4581,37.392),(2347,'2024-08-09',3,0.6822,366.0277,3.6698,50.2264),(2348,'2024-08-09',4,0.7284,389.4972,2.8956,69.5329),(2349,'2024-08-10',1,0.7504,305.8575,4.6966,51.7687),(2350,'2024-08-10',2,0.6926,324.4042,3.3303,37.7255),(2351,'2024-08-10',3,0.7301,363.5952,3.6389,49.9656),(2352,'2024-08-10',4,0.7557,386.4752,3.3901,71.8846),(2353,'2024-08-11',1,0.7363,301.7991,3.5364,50.5539),(2354,'2024-08-11',2,0.5898,301.2925,4.7486,37.3354),(2355,'2024-08-11',3,0.6433,351.9067,4.0485,45.3805),(2356,'2024-08-11',4,0.7121,388.6419,3.2435,74.2371),(2357,'2024-08-12',1,0.7313,299.806,4.525,53.0075),(2358,'2024-08-12',2,0.5499,290.3156,4.1776,40.9522),(2359,'2024-08-12',3,0.6166,349.5866,5.0211,57.5105),(2360,'2024-08-12',4,0.6473,394.8678,5.0993,65.5652),(2361,'2024-08-13',1,0.7446,296.8633,4.9164,55.1509),(2362,'2024-08-13',2,0.5517,288.1452,4.1209,35.8368),(2363,'2024-08-13',3,0.6002,345.6765,4.725,43.5338),(2364,'2024-08-13',4,0.6351,392.3851,4.1574,53.37),(2365,'2024-08-14',1,0.7548,296.199,3.9185,50.491),(2366,'2024-08-14',2,0.566,290.3653,4.2133,42.7322),(2367,'2024-08-14',3,0.6253,347.4847,3.8698,46.6698),(2368,'2024-08-14',4,0.6383,389.4958,3.1192,70.7086),(2369,'2024-08-15',1,0.7649,295.2631,4.765,51.7125),(2370,'2024-08-15',2,0.6004,298.585,3.6953,55.1688),(2371,'2024-08-15',3,0.6378,351.7588,4.5674,52.4982),(2372,'2024-08-15',4,0.645,380.1438,4,108.0118),(2373,'2024-08-16',1,0.7841,305.2804,5.2149,52.9929),(2374,'2024-08-16',2,0.7102,364.5845,3.1717,62.746),(2375,'2024-08-16',3,0.704,363.7553,3.0426,48.6165),(2376,'2024-08-16',4,0.7388,384.7778,4.5842,101.7885),(2377,'2024-08-17',1,0.7683,307.536,4.4297,53.8319),(2378,'2024-08-17',2,0.7328,366.7503,3.6523,43.8134),(2379,'2024-08-17',3,0.7383,367.2357,3.441,36.4606),(2380,'2024-08-17',4,0.778,379.2602,4.6854,79.0093),(2381,'2024-08-18',1,0.7445,303.3526,4.2,54),(2382,'2024-08-18',2,0.611,337.0173,4.6846,41.8775),(2383,'2024-08-18',3,0.6218,359.084,4.9649,40.9368),(2384,'2024-08-18',4,0.6857,388.3654,4.5793,55.4841),(2385,'2024-08-19',1,0.7197,299.6758,4.2411,50.5609),(2386,'2024-08-19',2,0.5517,301.6353,6.9028,44.3935),(2387,'2024-08-19',3,0.5875,350.1774,5.7907,48.0248),(2388,'2024-08-19',4,0.6597,390.0071,4.2978,49.2624),(2389,'2024-08-20',1,0.7027,292.7396,4.4492,55.6769),(2390,'2024-08-20',2,0.5512,292.0207,4.7113,38.4007),(2391,'2024-08-20',3,0.5776,345.3714,4.05,43.4045),(2392,'2024-08-20',4,0.6273,395.0408,3.726,52.7671),(2393,'2024-08-21',1,0.7123,294.1686,4.1407,56.2111),(2394,'2024-08-21',2,0.5808,291.5887,4.3109,41.0483),(2395,'2024-08-21',3,0.6108,348.6238,3.0366,42.652),(2396,'2024-08-21',4,0.6826,386.7782,3.2027,56.1748),(2397,'2024-08-22',1,0.7187,292.3876,4.8075,59.0728),(2398,'2024-08-22',2,0.6035,293.7945,3.3317,42.0993),(2399,'2024-08-22',3,0.6233,348.5164,3.8561,52.5122),(2400,'2024-08-22',4,0.6923,389.9398,3.4285,73.55),(2401,'2024-08-23',1,0.7389,292.5274,4.1548,54.7904),(2402,'2024-08-23',2,0.6626,326.0687,3.2765,41.2059),(2403,'2024-08-23',3,0.6776,365.7338,3.2736,57.7661),(2404,'2024-08-23',4,0.7486,383.5502,3.401,68.3901),(2405,'2024-08-24',1,0.745,295.2769,4.6358,52.8505),(2406,'2024-08-24',2,0.6902,326.3663,3.3755,38.4295),(2407,'2024-08-24',3,0.6835,364.1307,3.4321,57.4357),(2408,'2024-08-24',4,0.735,381.8303,3.9925,64.0671),(2409,'2024-08-25',1,0.6934,294.9103,4.0325,53.5016),(2410,'2024-08-25',2,0.5994,302.3741,4.2722,42.8561),(2411,'2024-08-25',3,0.6177,358.7967,4.4067,40.7985),(2412,'2024-08-25',4,0.589,353.308,3.3557,59.5503),(2413,'2024-08-26',1,0.6565,288.2841,4.9476,50.5289),(2414,'2024-08-26',2,0.5546,285.5256,4.8401,43.8046),(2415,'2024-08-26',3,0.5678,354.1551,4.8661,47.6431),(2416,'2024-08-26',4,0.5234,364.1741,4.2318,64.9637),(2417,'2024-08-27',1,0.6426,285.2883,5.0844,54.8961),(2418,'2024-08-27',2,0.5575,282.2661,4.9658,44.1261),(2419,'2024-08-27',3,0.5525,354.0285,6.0597,39.6268),(2420,'2024-08-27',4,0.5099,368.4123,2.9619,62.5142),(2421,'2024-08-28',1,0.6455,285.397,4.7919,47.0155),(2422,'2024-08-28',2,0.565,283.2459,4.0581,39.5754),(2423,'2024-08-28',3,0.5561,351.9899,3.6541,37.1916),(2424,'2024-08-28',4,0.5398,374.2376,3.3983,77.4067),(2425,'2024-08-29',1,0.6636,288.8554,4.1192,63.9143),(2426,'2024-08-29',2,0.5973,286.6873,4.0713,40.0133),(2427,'2024-08-29',3,0.5938,350.76,4.3017,55.3477),(2428,'2024-08-29',4,0.5956,376.7826,3.3821,68.898),(2429,'2024-08-30',1,0.6675,289.0835,3.5683,42.6005),(2430,'2024-08-30',2,0.663,322.5828,3.2994,40.2783),(2431,'2024-08-30',3,0.6832,366.8853,3.3887,49.6798),(2432,'2024-08-30',4,0.6631,377.4696,3.4114,75.0625),(2433,'2024-08-31',1,0.6658,291.0571,4.4078,51.0726),(2434,'2024-08-31',2,0.6791,322.1542,4.1665,43.6536),(2435,'2024-08-31',3,0.6913,365.7773,3.9638,51.8072),(2436,'2024-08-31',4,0.6903,394.2782,3.9096,55.012);
/*!40000 ALTER TABLE `trends` ENABLE KEYS */;
UNLOCK TABLES;

--
-- Table structure for table `users`
--

DROP TABLE IF EXISTS `users`;
/*!40101 SET @saved_cs_client     = @@character_set_client */;
/*!50503 SET character_set_client = utf8mb4 */;
CREATE TABLE `users` (
  `id` char(36) NOT NULL,
  `client_id` int NOT NULL,
  `name` varchar(255) NOT NULL,
  `email` varchar(255) NOT NULL,
  `role` varchar(255) NOT NULL,
  `hash` varchar(60) NOT NULL,
  `updated_at` timestamp NULL DEFAULT CURRENT_TIMESTAMP ON UPDATE CURRENT_TIMESTAMP,
  `created_at` timestamp NULL DEFAULT CURRENT_TIMESTAMP,
  PRIMARY KEY (`id`),
  UNIQUE KEY `email` (`email`)
) ENGINE=InnoDB DEFAULT CHARSET=utf8mb4 COLLATE=utf8mb4_0900_ai_ci;
/*!40101 SET character_set_client = @saved_cs_client */;

--
-- Dumping data for table `users`
--

LOCK TABLES `users` WRITE;
/*!40000 ALTER TABLE `users` DISABLE KEYS */;
INSERT INTO `users` VALUES ('1fe70071-bee2-4f56-9697-7d9553a8c584',18,'Mr Ian Business','ian@business.com','client_admin','$2b$10$InhYKXi9XKNHbpfaCJiv5uAtwb6TV.EG2sEW/qdR2bed/9PnwvAFO','2024-11-27 09:01:52','2024-11-27 09:01:52'),('d5631131-b0fa-41d4-8c0a-6440c6d3e7a3',1,'Site Admin','admin@tourismtrends.com','admin','$2b$10$8k1VOCNKK/061qiwQgwLv.jxYAGCk.3BUg8tHj1zJiH2zActCgfOC','2024-11-27 08:41:53','2024-11-27 08:41:53'),('f8c5129b-dc84-44cf-8bea-c58e454e6eb1',19,'A Person','alan@person.com','client_admin','$2b$10$vTCDSklwkMrZ4j9K.3rcLOvsNePePKvDNgRt1oVnId3I6o3JT4Zj6','2024-11-27 09:09:48','2024-11-27 09:09:48');
/*!40000 ALTER TABLE `users` ENABLE KEYS */;
UNLOCK TABLES;
/*!40103 SET TIME_ZONE=@OLD_TIME_ZONE */;

/*!40101 SET SQL_MODE=@OLD_SQL_MODE */;
/*!40014 SET FOREIGN_KEY_CHECKS=@OLD_FOREIGN_KEY_CHECKS */;
/*!40014 SET UNIQUE_CHECKS=@OLD_UNIQUE_CHECKS */;
/*!40101 SET CHARACTER_SET_CLIENT=@OLD_CHARACTER_SET_CLIENT */;
/*!40101 SET CHARACTER_SET_RESULTS=@OLD_CHARACTER_SET_RESULTS */;
/*!40101 SET COLLATION_CONNECTION=@OLD_COLLATION_CONNECTION */;
/*!40111 SET SQL_NOTES=@OLD_SQL_NOTES */;

-- Dump completed on 2024-11-28 17:24:23
